"id","lead_id","comment","created_by","created_at","updated_at"
"1","55","Ivy Co-working Islamabad has asked us to send an email of our product","11","2024-01-17 22:19:48","2024-01-17 22:19:48"
"2","200","Base and Hive is not responding and there data is not available","11","2024-01-17 22:35:04","2024-01-17 22:35:04"
"3","201","Multiverse Co space phone number is not available therefore we cannot contact them","11","2024-01-17 22:38:39","2024-01-17 22:38:39"
"4","199","Mastoorah co working space is not interested in our product","11","2024-01-17 22:50:12","2024-01-17 22:50:12"
"5","198","JS Business Lounge is not interested in our software","11","2024-01-17 23:00:34","2024-01-17 23:00:34"
"6","197","Nexus Sharedspace is not interested in our product","11","2024-01-17 23:07:10","2024-01-17 23:07:10"
"7","194","The Team is not interested in our software","11","2024-01-17 23:14:40","2024-01-17 23:14:40"
"8","5","Cannot Contact Mentors Pakistan because they do not have an email as well as a phone number","11","2024-01-17 23:22:26","2024-01-17 23:22:26"
"9","4","they have gives us the number of there operational manager","11","2024-01-17 23:38:14","2024-01-17 23:38:14"
"10","6","we have contacted kaam khana several times but they have not given us a response","11","2024-01-17 23:51:26","2024-01-17 23:51:26"
"11","3","Workzne Co-Working is already working on a product","11","2024-01-17 23:53:16","2024-01-17 23:53:16"
"12","7","kawaa Coworking space will contact us themselves","11","2024-01-17 23:58:34","2024-01-17 23:58:34"
"16","11","We have contacted them several times but they have not responded","11","2024-01-18 00:30:01","2024-01-18 00:30:01"
"17","14","have contacted them several times but still no response","11","2024-01-18 00:32:53","2024-01-18 00:32:53"
"18","15","the wing already has a software and they are not interested","11","2024-01-18 00:35:35","2024-01-18 00:35:35"
"20","17","Workshack is not responding have contactrd hem several times","11","2024-01-18 00:57:18","2024-01-18 00:57:18"
"24","162","Meeting Scheduled on tuesday at 11","11","2024-01-22 21:45:34","2024-01-22 21:45:34"
"25","136","They want the meeting to be arranged on Wednesday at 4;00","11","2024-01-22 21:48:14","2024-01-22 21:48:14"
"26","202","they want the meeting to be scheduled on tuesday at 3:30 pm","11","2024-01-22 21:57:46","2024-01-22 21:57:46"
"27","206","we have called them and they said they will respond shortly","11","2024-01-22 22:41:05","2024-01-22 22:41:05"
"28","208","they will respond shortly","11","2024-01-22 23:00:17","2024-01-22 23:00:17"
"30","209","they will respond to us after discussing it with their executive board","11","2024-01-22 23:12:21","2024-01-22 23:12:21"
"31","210","they will shortly respond","11","2024-01-22 23:22:00","2024-01-22 23:22:00"
"32","212","they will respond shortly","11","2024-01-22 23:34:46","2024-01-22 23:34:46"
"33","213","they will respond to us shortly","11","2024-01-22 23:42:11","2024-01-22 23:42:11"
"34","215","they will respond shortly","11","2024-01-23 00:00:16","2024-01-23 00:00:16"
"35","30","they will respond shortly","11","2024-01-23 00:05:53","2024-01-23 00:05:53"
"36","216","they will respond to us shortly","11","2024-01-23 00:08:25","2024-01-23 00:08:25"
"37","217","they have reached out to us via email but have not specified any date for the meeting","11","2024-01-23 00:39:20","2024-01-23 00:39:20"
"38","221","waiting for their accountant review and they have asked for pricing details","11","2024-01-23 21:49:37","2024-01-23 21:49:37"
"39","153","we will schedule another meeting in the afternoon","11","2024-01-23 21:51:09","2024-01-23 21:51:09"
"40","209","they are already using a software but may contact us in the future","11","2024-01-23 22:06:29","2024-01-23 22:06:29"
"41","223","they will reply us shortly","11","2024-01-23 22:23:29","2024-01-23 22:23:29"
"42","224","They will shortly respond","11","2024-01-23 22:33:13","2024-01-23 22:33:13"
"43","225","Meeting might be scheduled on Saturday","11","2024-01-24 01:55:15","2024-01-24 01:55:15"
"44","226","meeting is scheduled at 3pm","11","2024-01-24 22:12:55","2024-01-24 22:12:55"
"45","99","they will contact us through call after sometime","11","2024-01-24 22:48:47","2024-01-24 22:48:47"
"46","92","they wil respond shortly","11","2024-01-24 22:49:50","2024-01-24 22:49:50"
"47","103","call: they will respond shortly","11","2024-01-24 22:50:42","2024-01-24 22:50:42"
"48","107","Details sent again through whatsapp","11","2024-01-24 22:58:01","2024-01-24 22:58:01"
"49","106","they are not interested","11","2024-01-24 22:59:16","2024-01-24 22:59:16"
"50","224","partially interested. they will contact in the future","11","2024-01-24 23:03:02","2024-01-24 23:03:02"
"51","113","not interested","11","2024-01-24 23:05:16","2024-01-24 23:05:16"
"52","125","details sent again through whatsapp","11","2024-01-24 23:06:49","2024-01-24 23:06:49"
"53","76","not interested","11","2024-01-24 23:10:03","2024-01-24 23:10:03"
"54","150","called them: said they will respond shortly","11","2024-01-24 23:24:41","2024-01-24 23:24:41"
"55","157","they will respond shortly","11","2024-01-24 23:27:18","2024-01-24 23:27:18"
"56","163","they will respond shortly","11","2024-01-24 23:31:17","2024-01-24 23:31:17"
"57","175","they will respond shortly","11","2024-01-24 23:40:37","2024-01-24 23:40:37"
"58","179","Details sent again through whatsapp","11","2024-01-24 23:42:20","2024-01-24 23:42:20"
"59","202","Their phone number is powered off. Can schedule meeting after contacting them","11","2024-01-24 23:46:02","2024-01-24 23:46:02"
"60","227","They will respond shortly","11","2024-01-24 23:50:01","2024-01-24 23:50:01"
"61","164","Not Interested","11","2024-01-24 23:52:09","2024-01-24 23:52:09"
"62","219","No response, calling them 2 days consecutively","11","2024-01-25 00:00:51","2024-01-25 00:00:51"
"63","125","Arranged a meeting today at 4:30 pm","11","2024-01-25 00:09:59","2024-01-25 00:09:59"
"64","218","call them again for meeting schedule","11","2024-01-25 01:50:35","2024-01-25 01:50:35"
"65","217","they will respond to us next week for the Meeting as this week they are busy","11","2024-01-25 21:57:13","2024-01-25 21:57:13"
"66","225","Meeting scheduled on Saturday 27 January 2024 at 12:30 pm","11","2024-01-25 22:12:55","2024-01-25 22:12:55"
"67","205","they will consider Co-workIT in the future. Upon request an email with ppt has been sent to hello@calmkaaj.org","11","2024-01-25 22:19:02","2024-01-25 22:19:02"
"68","211","Upon their request email has been sent to junction@gmail.com","11","2024-01-25 22:49:00","2024-01-25 22:49:00"
"69","213","Not interested","11","2024-01-25 22:57:39","2024-01-25 22:57:39"
"70","38","they will review the details sent to them and will respond if needed.","11","2024-01-25 23:02:36","2024-01-25 23:02:36"
"71","214","Not interested","11","2024-01-25 23:06:10","2024-01-25 23:06:10"
"72","51","They already have a software, they will contact in the future","11","2024-01-25 23:18:43","2024-01-25 23:18:43"
"73","64","Not Interested","11","2024-01-25 23:31:18","2024-01-25 23:31:18"
"74","65","Not Interested","11","2024-01-25 23:32:32","2024-01-25 23:32:32"
"75","89","Not interested","11","2024-01-25 23:49:27","2024-01-25 23:49:27"
"76","4","Their Operational Manager number is powered off as he is currently in KARACHI.","11","2024-01-25 23:59:12","2024-01-25 23:59:12"
"77","218","they will respond shortly for meeting details","11","2024-01-26 00:58:07","2024-01-26 00:58:07"
"78","136","Number powered off. Cannot reschedule the meeting timings.","11","2024-01-26 01:33:07","2024-01-26 01:33:07"
"79","6","Details sent through WhatsApp on number 0304 1230044 (Mr. Shakif)","11","2024-01-26 01:37:42","2024-01-26 01:37:42"
"80","220","they want us to send an email: sales@techub.com.pk they will respond shortly","11","2024-01-26 21:18:02","2024-01-26 21:18:02"
"81","13","They are using their own.","11","2024-01-26 21:26:15","2024-01-26 21:26:15"
"82","166","they are already using the software but may contact us in future","11","2024-01-26 21:36:17","2024-01-26 21:36:17"
"83","92","Not Interested as they are just a startup, but may contact in the future","11","2024-01-26 21:39:25","2024-01-26 21:39:25"
"84","93","Not Interested.","11","2024-01-26 21:40:27","2024-01-26 21:40:27"
"85","100","they are already using one","11","2024-01-26 21:46:25","2024-01-26 21:46:25"
"86","102","Not Interested","11","2024-01-26 21:48:07","2024-01-26 21:48:07"
"87","104","Not Interested","11","2024-01-26 21:53:02","2024-01-26 21:53:02"
"88","110","Not interested","11","2024-01-26 22:30:31","2024-01-26 22:30:31"
"89","21","they have one but want details on whatsapp.","11","2024-01-26 22:39:47","2024-01-26 22:39:47"
"90","225","They have sent their logo details, and their official email address, They seem interested in buying the software.","11","2024-01-28 00:48:52","2024-01-28 00:48:52"
"91","4","call is not answered.","11","2024-01-30 23:04:29","2024-01-30 23:04:29"
"92","200","Another number found, +92-333-2774055, called at this number unanswered.","11","2024-01-30 23:11:49","2024-01-30 23:11:49"
"93","200","they have asked for details and details shared it on whatsapp","11","2024-01-31 00:10:31","2024-01-31 00:10:31"
"94","200","Discussion note added above was for the hive at islamabad.","11","2024-01-31 00:13:34","2024-01-31 00:13:34"
"95","4","they have asked for details and details shared it on whatsapp","11","2024-01-31 00:15:40","2024-01-31 00:15:40"
"96","217","they will let us know.","11","2024-01-31 01:52:46","2024-01-31 01:52:46"
"97","218","they will inform us after discussing it with their boss","11","2024-01-31 22:02:24","2024-01-31 22:02:24"
"98","218","no response","11","2024-01-31 22:04:10","2024-01-31 22:04:10"
"99","218","no response","11","2024-01-31 22:04:34","2024-01-31 22:04:34"
"100","4","Meeting scheduled Tomorrow (1 FEB 2024) at 12 pm","11","2024-02-01 00:38:44","2024-02-01 00:38:44"
"101","218","Mailed them again to reschedule the meeting","11","2024-02-01 00:40:17","2024-02-01 00:40:17"
"102","218","Meeting Rescheduled on Friday at 4 PM","11","2024-02-01 01:27:17","2024-02-01 01:27:17"
"103","221","they will check out our features and prices and then they will contact us.","11","2024-02-01 19:32:38","2024-02-01 19:32:38"
"104","153","Demo sent on 2 Feb 2024","11","2024-02-02 21:07:42","2024-02-02 21:07:42"
"105","192","They have responded through Email, However they do not want to schedule a meeting but want a demo.","11","2024-02-06 19:29:38","2024-02-06 19:29:38"
"106","161","Details of pricing has been sent to them via email.","11","2024-02-06 20:09:37","2024-02-06 20:09:37"
"107","161","they would like to see a demo on saturday.","11","2024-02-07 19:23:44","2024-02-07 19:23:44"
"108","4","Meeting Scheduled on 9 Feb 2024 at 12 pm","11","2024-02-07 19:29:39","2024-02-07 19:29:39"
"109","97","they have closed down their business","11","2024-02-07 21:18:44","2024-02-07 21:18:44"
"110","87","They are temporarily closed for 6 months, they will respond when needed.","11","2024-02-07 23:34:27","2024-02-07 23:34:27"
"111","115","they do not need it","11","2024-02-07 23:36:56","2024-02-07 23:36:56"
"112","124","Not Interested!","11","2024-02-07 23:38:17","2024-02-07 23:38:17"
"113","173","They are permanently closed.","11","2024-02-07 23:40:32","2024-02-07 23:40:32"
"114","111","Their coworking is temporarily shutdown.","11","2024-02-12 20:01:03","2024-02-12 20:01:03"
"115","182","They have their own, so they do not need it.","11","2024-02-12 21:52:48","2024-02-12 21:52:48"
"116","174","Not Interested","11","2024-02-12 21:54:07","2024-02-12 21:54:07"
"117","170","They have closed down their space.","11","2024-02-12 21:54:55","2024-02-12 21:54:55"
"118","169","they have their own","11","2024-02-12 21:57:09","2024-02-12 21:57:09"
"119","152","They have their own.","11","2024-02-12 21:59:23","2024-02-12 21:59:23"
"120","4","meeting scheduled on 13 feb 2024 on tuesday regarding HRM Module","11","2024-02-13 19:15:59","2024-02-13 19:15:59"
"121","161","call them on Thursday 15 Feb 2024 for meeting details","11","2024-02-13 19:28:37","2024-02-13 19:28:37"
"122","21","Not Interested.","11","2024-02-13 19:38:00","2024-02-13 19:38:00"
"123","160","Not Interested.","11","2024-02-13 20:54:58","2024-02-13 20:54:58"
"124","217","Not Interested, They will contact in future if needed.","11","2024-02-15 00:26:31","2024-02-15 00:26:31"
"125","218","Meeting rescheduled for Wednesday 4 PM,","11","2024-02-15 00:30:29","2024-02-15 00:30:29"
"126","161","call them again on Monday for meeting details.","11","2024-02-15 22:48:33","2024-02-15 22:48:33"
"127","180","Not Interested!","11","2024-02-16 19:36:59","2024-02-16 19:36:59"
"128","191","Not Interested","11","2024-02-16 19:39:14","2024-02-16 19:39:14"
"129","156","Not Interested","11","2024-02-16 19:41:57","2024-02-16 19:41:57"
"130","38","They are not interested.","11","2024-02-24 19:54:48","2024-02-24 19:54:48"
"131","207","Not in Need","11","2024-02-24 19:59:13","2024-02-24 19:59:13"
"132","208","Not Interested","11","2024-02-24 20:02:31","2024-02-24 20:02:31"
"133","54","Not Interested","11","2024-02-24 20:08:57","2024-02-24 20:08:57"
"134","103","Not Interested.","11","2024-02-24 20:12:36","2024-02-24 20:12:36"
"135","107","Not Interested.","11","2024-02-24 20:13:24","2024-02-24 20:13:24"
"136","224","Not needed atm, they will contact us in the future.","11","2024-02-24 20:16:40","2024-02-24 20:16:40"
"137","150","Not Interested...........","11","2024-02-24 20:20:05","2024-02-24 20:20:05"
"138","221","They are already using one for their accounts at 12$, however they want us to contact after 6 months, they consider our product at bit overpriced.","11","2024-02-27 19:42:34","2024-02-27 19:42:34"
"139","221","They may consider it if it's around 50$.","11","2024-02-27 19:43:56","2024-02-27 19:43:56"
"140","192","Demo accounts details sent to them on Friday, 23 Feb 2024.","11","2024-02-27 19:46:56","2024-02-27 19:46:56"
"141","225","Demo accounts details sent to them on Friday, 21 Feb 2024.","11","2024-02-27 19:48:37","2024-02-27 19:48:37"
"142","226","Demo accounts details sent to them on Wednesday, 21 Feb 2024.","11","2024-02-27 19:49:42","2024-02-27 19:49:42"
"143","225","they want us to contact them after a week.","11","2024-02-27 20:44:21","2024-02-27 20:44:21"
"144","153","she found cowork-IT lagging, not user friendly, and that it needs some modification, after modification she can explore it again, but want's us to contact her after a month.","11","2024-02-29 20:11:43","2024-02-29 20:11:43"
"145","226","They want us contact them after a month for the follow-up on Cowork-IT.","11","2024-02-29 20:13:07","2024-02-29 20:13:07"
"146","218","Demo account sent to them 28/2/2024, they will respond after reviewing it.","11","2024-02-29 20:14:57","2024-02-29 20:14:57"
"147","70","They are not interested.","11","2024-02-29 20:26:16","2024-02-29 20:26:16"
"148","225","They want us to contact them after a week 6/2/2024","11","2024-03-08 19:48:14","2024-03-08 19:48:14"
"149","153","Updated Demo credentials sent on 5/3/2024","11","2024-03-08 19:49:57","2024-03-08 19:49:57"
"150","161","They want us contact next week for a follow up on demo account sent.","11","2024-03-13 22:56:12","2024-03-13 22:56:12"
"151","227","They already have one, will contact us in future if needed.","11","2024-03-13 23:12:02","2024-03-13 23:12:02"
"154","916","meeting done. Again follow up","98","2024-11-19 14:38:58","2024-11-19 14:38:58"
"156","918","meeting done. Send demo account","98","2024-11-19 14:55:47","2024-11-19 14:55:47"
"157","919","not responding","98","2024-11-19 15:00:20","2024-11-19 15:00:20"
"158","920","no answer","98","2024-11-19 15:06:01","2024-11-19 15:06:01"
"160","922","not responding","98","2024-11-19 15:23:18","2024-11-19 15:23:18"
"161","923","proposal WhatsApp, will inform us","98","2024-11-19 15:30:51","2024-11-19 15:30:51"
"162","924","not responding","98","2024-11-19 15:35:13","2024-11-19 15:35:13"
"163","925","closed","98","2024-11-19 15:36:53","2024-11-19 15:36:53"
"164","926","no answer","98","2024-11-19 15:43:40","2024-11-19 15:43:40"
"165","927","not interested","98","2024-11-19 15:46:47","2024-11-19 15:46:47"
"166","928","no discussion","98","2024-11-19 16:03:33","2024-11-19 16:03:33"
"167","930","powered off","98","2024-11-19 16:10:32","2024-11-19 16:10:32"
"169","932","not interested","98","2024-11-19 16:20:00","2024-11-19 16:20:00"
"170","933","proposal WhatsApp","98","2024-11-19 16:25:59","2024-11-19 16:25:59"
"171","934","not responding","98","2024-11-19 16:31:47","2024-11-19 16:31:47"
"174","938","not interested","98","2024-11-20 13:57:59","2024-11-20 13:57:59"
"175","939","not interested","98","2024-11-20 14:01:45","2024-11-20 14:01:45"
"176","941","not responding","98","2024-11-20 14:09:23","2024-11-20 14:09:23"
"179","943","proposal whatsapp","98","2024-11-20 14:21:33","2024-11-20 14:21:33"
"180","944","not interested","98","2024-11-20 14:27:28","2024-11-20 14:27:28"
"182","946","not answering","98","2024-11-20 18:12:04","2024-11-20 18:12:04"
"184","932","meeting done","98","2024-11-20 19:30:16","2024-11-20 19:30:16"
"185","949","meeting missed by benchwork","98","2024-11-20 19:40:58","2024-11-20 19:40:58"
"186","950","not responding","98","2024-11-22 14:21:06","2024-11-22 14:21:06"
"189","955","not answering","98","2024-11-22 16:22:38","2024-11-22 16:22:38"
"190","958","not answering","98","2024-11-22 16:29:40","2024-11-22 16:29:40"
"193","962","Not Answering","98","2024-11-23 01:16:14","2024-11-23 01:16:14"
"194","964","Not Answering","98","2024-11-23 01:19:14","2024-11-23 01:19:14"
"195","965","powered off","98","2024-11-23 01:21:59","2024-11-23 01:21:59"
"196","966","Proposal - Whatsapp","98","2024-11-23 01:25:19","2024-11-23 01:25:19"
"197","967","call again","98","2024-11-23 01:29:48","2024-11-23 01:29:48"
"198","968","Not Answering","98","2024-11-23 01:32:22","2024-11-23 01:32:22"
"199","968","Not Answering","98","2024-11-23 01:35:24","2024-11-23 01:35:24"
"200","970","Not Answering","98","2024-11-23 01:39:07","2024-11-23 01:39:07"
"201","971","Not Answering","98","2024-11-23 01:42:37","2024-11-23 01:42:37"
"202","972","Proposal -whatsapp","98","2024-11-23 01:48:50","2024-11-23 01:48:50"
"203","973","closed","98","2024-11-23 01:52:58","2024-11-23 01:52:58"
"204","974","Not Interested","98","2024-11-23 01:55:49","2024-11-23 01:55:49"
"205","975","Not Interested","98","2024-11-23 02:01:59","2024-11-23 02:01:59"
"206","976","Not Answering","98","2024-11-23 02:04:53","2024-11-23 02:04:53"
"207","977","Not Answering","98","2024-11-23 02:07:49","2024-11-23 02:07:49"
"208","978","line busy","98","2024-11-23 02:11:18","2024-11-23 02:11:18"
"210","980","meeting done","98","2024-11-23 02:22:54","2024-11-23 02:22:54"
"212","983","Not inerested","98","2024-11-23 02:31:20","2024-11-23 02:31:20"
"213","984","invalid number","98","2024-11-23 02:35:34","2024-11-23 02:35:34"
"214","985","closed","98","2024-11-23 02:40:33","2024-11-23 02:40:33"
"215","988","powered off","98","2024-11-23 02:47:08","2024-11-23 02:47:08"
"216","998","not responding","98","2024-11-23 03:01:30","2024-11-23 03:01:30"
"217","1002","Not answering","98","2024-11-23 03:24:11","2024-11-23 03:24:11"
"218","1004","pending","98","2024-11-25 20:22:34","2024-11-25 20:22:34"
"219","1005","Again follow up","98","2024-11-25 20:25:48","2024-11-25 20:25:48"
"220","1006","Not Interested","98","2024-11-25 20:34:18","2024-11-25 20:34:18"
"221","1007","not answering","98","2024-11-25 20:39:26","2024-11-25 20:39:26"
"222","1008","invalid number","98","2024-11-25 20:42:20","2024-11-25 20:42:20"
"223","1010","Again follow up","98","2024-11-25 20:47:55","2024-11-25 20:47:55"
"224","1011","Not answering","98","2024-11-25 20:51:33","2024-11-25 20:51:33"
"225","929","powered off","98","2024-11-25 20:56:16","2024-11-25 20:56:16"
"226","1012","Not answering","98","2024-11-25 21:03:55","2024-11-25 21:03:55"
"228","1014","not answering","98","2024-11-25 21:24:19","2024-11-25 21:24:19"
"229","1014","not answering","98","2024-11-25 21:24:19","2024-11-25 21:24:19"
"230","1015","powered off","98","2024-11-25 21:26:44","2024-11-25 21:26:44"
"231","1017","Not Available","98","2024-11-25 21:35:44","2024-11-25 21:35:44"
"232","1018","pending","98","2024-11-25 21:42:34","2024-11-25 21:42:34"
"233","1019","not Responding","98","2024-11-25 21:47:27","2024-11-25 21:47:27"
"234","1019","not Responding","98","2024-11-25 21:47:27","2024-11-25 21:47:27"
"237","1022","powered off","98","2024-11-25 22:11:01","2024-11-25 22:11:01"
"238","1023","Proposal - Whatsapp","98","2024-11-25 22:14:02","2024-11-25 22:14:02"
"240","1025","Again follow up","98","2024-11-25 22:21:03","2024-11-25 22:21:03"
"241","1026","Proposal - Whatsapp","98","2024-11-25 22:49:31","2024-11-25 22:49:31"
"242","1027","line busy","98","2024-11-25 22:53:00","2024-11-25 22:53:00"
"243","1029","powered off","98","2024-11-26 16:09:42","2024-11-26 16:09:42"
"246","1032","not responding","98","2024-11-26 16:23:23","2024-11-26 16:23:23"
"248","1034","not Answering","98","2024-11-26 16:31:44","2024-11-26 16:31:44"
"249","1035","not Answering","98","2024-11-26 16:34:25","2024-11-26 16:34:25"
"250","1036","not responding","98","2024-11-26 16:39:51","2024-11-26 16:39:51"
"252","1038","pending","98","2024-11-26 16:48:35","2024-11-26 16:48:35"
"253","1039","powered off","98","2024-11-26 16:52:59","2024-11-26 16:52:59"
"254","1040","pending","98","2024-11-26 16:57:21","2024-11-26 16:57:21"
"255","1042","pending","98","2024-11-26 17:03:04","2024-11-26 17:03:04"
"256","1043","invalid number","98","2024-11-26 17:06:43","2024-11-26 17:06:43"
"257","1044","not answering","98","2024-11-26 17:09:55","2024-11-26 17:09:55"
"258","1045","invalid number","98","2024-11-26 17:20:34","2024-11-26 17:20:34"
"259","1046","invalid number","98","2024-11-26 17:24:33","2024-11-26 17:24:33"
"260","1047","proposal whatsapp","98","2024-11-26 17:31:14","2024-11-26 17:31:14"
"261","1048","invalid number","98","2024-11-26 17:35:59","2024-11-26 17:35:59"
"262","1049","Not Interested","98","2024-11-26 20:27:56","2024-11-26 20:27:56"
"263","1050","Meeting Scheduled","98","2024-11-26 20:33:23","2024-11-26 20:33:23"
"264","1051","meeting done","98","2024-11-26 20:35:26","2024-11-26 20:35:26"
"265","1052","Not interested","98","2024-11-26 20:44:25","2024-11-26 20:44:25"
"267","1054","Proposal - Whatsapp","98","2024-11-26 20:50:17","2024-11-26 20:50:17"
"268","1056","Not Interested","98","2024-11-26 20:53:07","2024-11-26 20:53:07"
"269","1058","not interested","98","2024-11-26 20:56:08","2024-11-26 20:56:08"
"270","1060","not answering","98","2024-11-28 13:40:45","2024-11-28 13:40:45"
"271","1061","not responding","98","2024-11-28 13:44:27","2024-11-28 13:44:27"
"272","1062","powered off","98","2024-11-28 13:47:15","2024-11-28 13:47:15"
"274","1066","not responding","98","2024-11-28 13:52:19","2024-11-28 13:52:19"
"275","1067","Proposal - Whatsapp","98","2024-11-28 13:56:00","2024-11-28 13:56:00"
"276","1068","closed","98","2024-11-28 13:58:42","2024-11-28 13:58:42"
"277","1069","not responding","98","2024-11-28 14:01:32","2024-11-28 14:01:32"
"278","1070","Again follow up","98","2024-11-28 14:04:13","2024-11-28 14:04:13"
"280","1073","Meeting Scheduled","98","2024-11-28 14:13:51","2024-11-28 14:13:51"
"281","1074","powered off","98","2024-11-28 14:19:03","2024-11-28 14:19:03"
"282","1074","powered off","98","2024-11-28 14:19:03","2024-11-28 14:19:03"
"283","1075","closed","98","2024-11-28 14:21:18","2024-11-28 14:21:18"
"284","1076","pending","98","2024-11-28 14:25:19","2024-11-28 14:25:19"
"285","1077","powered off","98","2024-11-28 14:29:57","2024-11-28 14:29:57"
"286","1078","powered off","98","2024-11-28 14:32:33","2024-11-28 14:32:33"
"287","1078","powered off","98","2024-11-28 14:32:34","2024-11-28 14:32:34"
"288","1079","invalid number","98","2024-11-28 14:35:02","2024-11-28 14:35:02"
"289","1080","not responding","98","2024-11-28 14:37:50","2024-11-28 14:37:50"
"290","1081","powered off","98","2024-11-28 14:46:43","2024-11-28 14:46:43"
"291","1081","powered off","98","2024-11-28 14:46:43","2024-11-28 14:46:43"
"292","1082","powered off","98","2024-11-28 14:54:19","2024-11-28 14:54:19"
"293","1083","not answering","98","2024-11-28 14:59:09","2024-11-28 14:59:09"
"294","1083","not answering","98","2024-11-28 14:59:09","2024-11-28 14:59:09"
"297","1086","not answering","98","2024-11-28 15:06:01","2024-11-28 15:06:01"
"298","1087","Meeting done","98","2024-11-28 15:09:39","2024-11-28 15:09:39"
"299","1088","line busy","98","2024-11-28 18:07:58","2024-11-28 18:07:58"
"300","1090","line busy","98","2024-11-28 18:11:26","2024-11-28 18:11:26"
"301","1091","not answering","98","2024-11-28 18:14:23","2024-11-28 18:14:23"
"302","1091","not answering","98","2024-11-28 18:14:23","2024-11-28 18:14:23"
"303","1092","not responding","98","2024-11-28 18:16:52","2024-11-28 18:16:52"
"304","1093","closed","98","2024-11-28 18:19:27","2024-11-28 18:19:27"
"307","1096","not responding","98","2024-11-29 14:26:14","2024-11-29 14:26:14"
"309","1101","not interested","98","2024-11-29 14:43:27","2024-11-29 14:43:27"
"311","1103","not responding","98","2024-11-29 16:20:00","2024-11-29 16:20:00"
"312","1104","pending","98","2024-11-29 16:23:30","2024-11-29 16:23:30"
"313","1105","send proposal","98","2024-11-29 16:27:04","2024-11-29 16:27:04"
"314","1106","send proposal","98","2024-11-29 17:29:34","2024-11-29 17:29:34"
"315","1107","not interested","98","2024-11-29 17:33:13","2024-11-29 17:33:13"
"316","1108","follow up","98","2024-11-29 17:36:59","2024-11-29 17:36:59"
"317","1109","powered off","98","2024-11-29 17:39:28","2024-11-29 17:39:28"
"318","1110","follow up","98","2024-11-29 17:45:58","2024-11-29 17:45:58"
"319","1111","follow up","98","2024-11-29 17:50:31","2024-11-29 17:50:31"
"320","1112","follow up","98","2024-11-29 17:52:54","2024-11-29 17:52:54"
"321","1226","not responding","98","2024-12-02 18:33:57","2024-12-02 18:33:57"
"335","1239","22-nov-2024  not answering/line busy
23-nov-2024/28-NOV-2024/not answering/
29-nov-2024 /n.a/10:30 am/2-dec-2024/n.a/10:40 am","98","2024-12-03 14:23:01","2024-12-03 14:23:01"
"336","1240","22-nov-2024  powered off
29-nov-2024/still powered off/10:32 am
2-dec-2024/send proposal/10:45 am","98","2024-12-03 14:25:44","2024-12-03 14:25:44"
"337","1241","21-nov-2024  website number is wrong","98","2024-12-03 14:28:03","2024-12-03 14:28:03"
"338","1242","21-nov-2024 line busy 
29-nov-2024 /contact in january 5/short of fund hiring new employees
10:35 am","98","2024-12-03 14:40:26","2024-12-03 14:40:26"
"339","1243","21-nov-2024 not responding/29-nov-2024/still not responding
11:am/
2-dec-2024/still not responding/3-dec-2024/still n.r","98","2024-12-03 18:06:19","2024-12-03 18:06:19"
"340","1244","call again /29-nov-2024/n.a/still n.a","98","2024-12-03 18:11:59","2024-12-03 18:11:59"
"341","1245","20-nov-2024 again call at 12/not answering
21-nov-2024 not answering/28-nov-2024/meeting at tuesday /3-dec-2024 /call after 1 hour/10;55","98","2024-12-03 18:14:05","2024-12-03 18:14:05"
"343","1247","20-nov-2024 follow up tomorrow
21-nov-2024  not answering/28-nov-2024/follow up/3-dec-2024/n.r/11:12 am","98","2024-12-03 18:21:20","2024-12-03 18:21:20"
"344","1248","20-nov-2024 /not answering
21-nov-2024  NR
22-nov-2024    NR
29-nov-2024 NR 11:10 am/3-dec-2024/still n.r","98","2024-12-03 18:24:31","2024-12-03 18:24:31"
"345","1249","20-NOV-2024 invalid number
21-nov-2024  website number is wrong","98","2024-12-03 18:27:14","2024-12-03 18:27:14"
"346","1250","20-nov-2024 powered off
21-nov-2024 powered off/28-nov-2024/powered off
29-nov-2024/still powered off /11:30 am/3-dec-2024/still n.r","98","2024-12-04 13:13:12","2024-12-04 13:13:12"
"347","1251","2-dec-2024/n.a/3-dec-2024/stil/n.a","98","2024-12-04 13:15:05","2024-12-04 13:15:05"
"348","1252","20-nov-2024 will inform us/28-nov-2024/not answering 
3-dec-2024/not interested/11:27 am","98","2024-12-04 13:20:48","2024-12-04 13:20:48"
"349","1254","20-nov-2024 not interested","98","2024-12-04 13:24:47","2024-12-04 13:24:47"
"350","1255","20-nov-2024 website number is wrong","98","2024-12-04 13:31:34","2024-12-04 13:31:34"
"351","1256","20-nov-2024 call again/28-nov-2024/line busy/will inform us today at 2nd half/3-dec-2024/he will call back later/12:10","98","2024-12-04 13:36:41","2024-12-04 13:36:41"
"352","1258","20-nov-2024 will inform us/28-NOV-2024 N.i","98","2024-12-04 13:39:52","2024-12-04 13:39:52"
"353","1259","20-nov-2024 website number is wrong","98","2024-12-04 13:44:07","2024-12-04 13:44:07"
"354","1260","20-nov-2024 call after 1 week/call again aftet 1 hour","98","2024-12-04 13:46:35","2024-12-04 13:46:35"
"356","1262","20-nov-2024 invalid number","98","2024-12-04 14:01:55","2024-12-04 14:01:55"
"357","1263","20-nov-2024 not interested","98","2024-12-04 14:05:25","2024-12-04 14:05:25"
"358","1264","20-nov-2024 email through website","98","2024-12-04 14:09:17","2024-12-04 14:09:17"
"359","1265","20-nov-2024 not answering
21-nov-2024 nr/2-dec-2024/powered off/3-dec-2024/powered off/11:49 am","98","2024-12-04 14:13:14","2024-12-04 14:13:14"
"360","1266","20-nov-2024 website number is wrong","98","2024-12-04 14:15:43","2024-12-04 14:15:43"
"361","1267","20-nov-2024 not interested/already using software","98","2024-12-04 14:18:17","2024-12-04 14:18:17"
"362","1268","20-nov-2024 website number is wrong","98","2024-12-04 14:20:33","2024-12-04 14:20:33"
"363","1269","20-nov-2024 website number is wrong","98","2024-12-04 14:22:41","2024-12-04 14:22:41"
"364","1270","20-nov-2024 send proposal/28-nov-2024/nr/229-nov-2024
N.A/11:44 am//2-dec-2024/n.a/3-dec-2024/call tomorrow/12:11 pm","98","2024-12-04 14:25:40","2024-12-04 14:25:40"
"365","1271","2-dec-2024/n.a","98","2024-12-04 14:29:26","2024-12-04 14:29:26"
"367","1273","20-nov-2024 proposal whatsapp/call at 3 pm/nr/29-nov-2024/n.a /11:45 am/2-dec-2024/n.a","98","2024-12-04 14:47:42","2024-12-04 14:47:42"
"368","1274","20-nov-2024 not answering/
21-nov-2024 not answering/28-nov-2024/nr/29-nov-2024
n.a/11:50 am/2-dec-2024/n.a/call again","98","2024-12-04 14:50:21","2024-12-04 14:50:21"
"369","1275","20-nov-2024 will call us
28-nov-2024/will contact us/29-nov-2024/again call at monday/11:54 am/2-dec-2024/call again at 22nd half","98","2024-12-04 14:53:51","2024-12-04 14:53:51"
"370","1276","20-nov-2024 follow up next week monday /29-nov-2024 meeting at 3 pm today
11:58 am","98","2024-12-04 16:45:04","2024-12-04 16:45:04"
"371","1277","20-nov-2024 not  answering/
21-nov-2024 not answering/
28-nov-2024 send proposal and follow up/2-dec-2024/follow up at second half/3-dec-2024/call again at 2nd half/12;28/4-dec-2024/will call us/12:06 pm","98","2024-12-04 16:57:47","2024-12-04 16:57:47"
"372","1278","20-nov-2024 cal after half hour
21-nov-2024   not answering
28-nov-2024   call again/29-nov-2024/n.a/12:5 pm/4-dec-2024/n.a/12:14 pm","98","2024-12-04 18:15:08","2024-12-04 18:15:08"
"373","1279","20-nov-2024 not interested","98","2024-12-04 18:17:09","2024-12-04 18:17:09"
"374","1280","20-nov-2024 invalid number","98","2024-12-04 18:20:35","2024-12-04 18:20:35"
"375","1281","20-nov-2024 not answering
21-nov-2024 nr
28-nov-2024/not interested and have outsource from japan","98","2024-12-04 18:23:10","2024-12-04 18:23:10"
"376","1283","20-nov-2024 /meeting at monday /2-dec-2024/meeting at 5pm","98","2024-12-04 18:29:06","2024-12-04 18:29:06"
"377","1284","call again tomorrow","98","2024-12-04 19:12:43","2024-12-04 19:12:43"
"378","1285","20-nov-2024 meeting at monday 11 am/29-nov-2024/
n.a /12:07 pm/n.a /3:41 pm/2-dec-2024/n.a/3;06 pm
3-dec-2024/n.a/12:42/4-dec-2024/n.a/12:17 am/stil n.a/3:21","98","2024-12-05 13:22:33","2024-12-05 13:22:33"
"379","1286","20-nov-2024 powered off/still powered off/

29-nov-2024/n.a/12:09 pm/2-dec-2024/powered off/3:22/3-dec-2024/powered off/12:44/4-dec-2024/still powered off","98","2024-12-05 13:36:34","2024-12-05 13:36:34"
"381","1288","20-nov-2024 website number is wrong","98","2024-12-05 13:40:32","2024-12-05 13:40:32"
"382","1289","20-nov-2024 website number is wrong","98","2024-12-05 13:43:33","2024-12-05 13:43:33"
"383","1290","22-nov-2024 call after 1 hour, ,11:14 am already have an in house developer team custom build erp software,n.I","98","2024-12-05 13:47:30","2024-12-05 13:47:30"
"384","1291","22-nov-2024 not responding, 11:19 am NR/n.resopnding/29-nov-2021 n.r/3:45pm/3-dec-2024/invalid number/12:46","98","2024-12-05 13:49:57","2024-12-05 13:49:57"
"385","1293","20-NOV-2024 not interested/already using software","98","2024-12-05 13:53:46","2024-12-05 13:53:46"
"386","1294","29-nov-2024/n:a/3;47/2-dec-2024/n.a/3:25 pm/3-dec-2024/call at 2nd half/12:54/4-dec-2024/call at 2nd half/12:39 pm
busy/3:14 pm","98","2024-12-05 13:57:25","2024-12-05 13:57:25"
"387","1295","20-NOV-2024 call at Tuesday for meeting/
28-nov-2024 tomorrow meeting at 10 o'clock /shared proposal/follow up","98","2024-12-05 14:04:29","2024-12-05 14:04:29"
"388","1296","20-NOV-2024 powered off/29-nov-2021/invalid number
4-dec-2024/invalid number/12:32 pm","98","2024-12-05 14:11:03","2024-12-05 14:11:03"
"389","1297","20-nov-2024 will inform us/28-nov-2024/n.r/29-nov-2024/n.a/3:50pm
2-dec-2024/line busy/3:28 pm/4-dec-2024/n.a/12:34 pm","98","2024-12-05 14:13:51","2024-12-05 14:13:51"
"390","1301","not interested","98","2024-12-05 14:34:54","2024-12-05 14:34:54"
"391","1300","He asked for proposal.
Proposal shared on whatsapp
After follow ups on wahtsapp he said he is not interested","66","2024-12-05 14:37:19","2024-12-05 14:37:19"
"392","1302","no discussion","98","2024-12-05 14:41:57","2024-12-05 14:41:57"
"393","1303","no discussion","98","2024-12-05 16:30:56","2024-12-05 16:30:56"
"394","1304","no discussion","98","2024-12-05 16:36:52","2024-12-05 16:36:52"
"395","1307","no discussion","98","2024-12-05 18:18:26","2024-12-05 18:18:26"
"396","1308","no discussion","98","2024-12-05 18:24:58","2024-12-05 18:24:58"
"397","1309","no discussion","98","2024-12-05 18:29:05","2024-12-05 18:29:05"
"398","1310","call again","98","2024-12-05 18:32:19","2024-12-05 18:32:19"
"399","1311","no discussion/call again","98","2024-12-05 18:36:51","2024-12-05 18:36:51"
"400","1312","no discussion","98","2024-12-06 13:50:09","2024-12-06 13:50:09"
"403","1313","not interested","98","2024-12-06 13:54:17","2024-12-06 13:54:17"
"404","1315","not interested","98","2024-12-06 13:58:28","2024-12-06 13:58:28"
"405","1316","not answering","98","2024-12-06 14:01:52","2024-12-06 14:01:52"
"406","1317","no discussion","98","2024-12-06 14:06:20","2024-12-06 14:06:20"
"407","1318","meeting done, and requested for sample data","98","2024-12-06 14:09:39","2024-12-06 14:09:39"
"408","1319","no discussion","98","2024-12-06 14:20:01","2024-12-06 14:20:01"
"409","1320","no discussion","98","2024-12-06 14:28:54","2024-12-06 14:28:54"
"410","1322","no discussion","98","2024-12-06 14:35:04","2024-12-06 14:35:04"
"411","1323","no discussion","98","2024-12-06 18:19:32","2024-12-06 18:19:32"
"412","1324","no discussion","98","2024-12-06 18:25:46","2024-12-06 18:25:46"
"413","1325","no discussion","98","2024-12-06 18:32:13","2024-12-06 18:32:13"
"414","1327","no discussion","98","2024-12-06 18:47:19","2024-12-06 18:47:19"
"415","1328","no discussion","98","2024-12-06 18:50:34","2024-12-06 18:50:34"
"416","1329","no discussion","98","2024-12-06 18:52:56","2024-12-06 18:52:56"
"417","1330","N.A","98","2024-12-06 19:00:29","2024-12-06 19:00:29"
"418","1331","n.r","98","2024-12-06 19:04:33","2024-12-06 19:04:33"
"419","1332","n.r","98","2024-12-06 19:07:49","2024-12-06 19:07:49"
"420","1333","no discussion","98","2024-12-06 19:13:54","2024-12-06 19:13:54"
"421","1334","n.r","98","2024-12-06 19:19:23","2024-12-06 19:19:23"
"422","1335","no discussion","98","2024-12-06 19:22:46","2024-12-06 19:22:46"
"423","1336","n.i","98","2024-12-06 19:25:52","2024-12-06 19:25:52"
"424","1337","n.r","98","2024-12-06 19:47:35","2024-12-06 19:47:35"
"425","1338","n.r","98","2024-12-06 19:51:59","2024-12-06 19:51:59"
"426","1339","no discussion","98","2024-12-07 13:49:32","2024-12-07 13:49:32"
"427","1340","no discussion","98","2024-12-07 13:53:15","2024-12-07 13:53:15"
"428","1341","n.i / proposal whatsapp","98","2024-12-07 13:59:00","2024-12-07 13:59:00"
"429","1342","line  busy/call again","98","2024-12-07 14:01:51","2024-12-07 14:01:51"
"430","1305","sent proposal","106","2024-12-07 14:06:49","2024-12-07 14:06:49"
"431","1343","no discussion","98","2024-12-07 14:07:00","2024-12-07 14:07:00"
"432","1305","asked to sent demo account","106","2024-12-07 14:07:17","2024-12-07 14:07:17"
"433","1344","no discussion","98","2024-12-07 14:10:38","2024-12-07 14:10:38"
"435","1346","no discussion","98","2024-12-07 14:18:18","2024-12-07 14:18:18"
"436","1347","no discussion","98","2024-12-07 14:21:53","2024-12-07 14:21:53"
"437","1348","proposal email","98","2024-12-07 14:24:32","2024-12-07 14:24:32"
"438","1349","no discussion","98","2024-12-07 15:05:09","2024-12-07 15:05:09"
"439","1350","no discussion","98","2024-12-07 15:20:42","2024-12-07 15:20:42"
"440","1351","n.i","98","2024-12-07 15:24:10","2024-12-07 15:24:10"
"441","1352","n.i","98","2024-12-07 15:27:12","2024-12-07 15:27:12"
"442","1353","no discussion","98","2024-12-07 15:30:57","2024-12-07 15:30:57"
"443","1354","no discussion","98","2024-12-07 15:34:54","2024-12-07 15:34:54"
"444","1352","line busy","98","2024-12-07 15:38:09","2024-12-07 15:38:09"
"445","1355","no discussion","98","2024-12-07 15:43:36","2024-12-07 15:43:36"
"446","1357","no discussion","98","2024-12-07 16:10:15","2024-12-07 16:10:15"
"447","1358","no discussion","98","2024-12-07 16:16:30","2024-12-07 16:16:30"
"448","1256","meeting conducted ,not interested","98","2024-12-07 16:24:38","2024-12-07 16:24:38"
"449","1359","no discussion","98","2024-12-07 16:27:40","2024-12-07 16:27:40"
"450","1360","no discussion","98","2024-12-07 16:30:55","2024-12-07 16:30:55"
"451","1361","no discussion","98","2024-12-07 18:13:33","2024-12-07 18:13:33"
"452","1362","no discussion","98","2024-12-07 18:17:01","2024-12-07 18:17:01"
"453","1363","no discussion","98","2024-12-07 18:20:08","2024-12-07 18:20:08"
"454","1364","no discussion","98","2024-12-07 18:23:15","2024-12-07 18:23:15"
"455","1365","n.a/call again","98","2024-12-07 18:26:15","2024-12-07 18:26:15"
"456","1366","no discussion/call again","98","2024-12-07 18:32:01","2024-12-07 18:32:01"
"457","1367","n.a","98","2024-12-07 18:34:40","2024-12-07 18:34:40"
"458","1368","no discussion","98","2024-12-07 19:22:38","2024-12-07 19:22:38"
"459","1369","call again","98","2024-12-07 19:26:12","2024-12-07 19:26:12"
"460","1370","n.i","98","2024-12-07 19:29:53","2024-12-07 19:29:53"
"462","1372","no discussion","98","2024-12-07 19:43:18","2024-12-07 19:43:18"
"463","1373","no discussion","98","2024-12-07 19:46:35","2024-12-07 19:46:35"
"464","1374","no discussion","98","2024-12-07 19:51:33","2024-12-07 19:51:33"
"465","1375","no discussion","98","2024-12-09 14:07:50","2024-12-09 14:07:50"
"466","1376","no discussion","98","2024-12-09 14:12:12","2024-12-09 14:12:12"
"467","1377","send proposal/follow up","98","2024-12-09 14:15:30","2024-12-09 14:15:30"
"468","1379","n.a/call again","98","2024-12-09 14:18:19","2024-12-09 14:18:19"
"469","1380","no discussion","98","2024-12-09 14:22:01","2024-12-09 14:22:01"
"470","1381","no discussion","98","2024-12-09 14:25:08","2024-12-09 14:25:08"
"471","1382","pending/call again","98","2024-12-09 14:33:45","2024-12-09 14:33:45"
"472","1383","not interested","98","2024-12-09 14:36:05","2024-12-09 14:36:05"
"473","1384","pending/call again","98","2024-12-09 14:41:54","2024-12-09 14:41:54"
"474","1385","n.a","98","2024-12-09 14:45:34","2024-12-09 14:45:34"
"475","1386","no discussion","98","2024-12-09 14:52:26","2024-12-09 14:52:26"
"476","1387","n.r","98","2024-12-09 16:30:04","2024-12-09 16:30:04"
"477","1388","pending/call again","98","2024-12-09 16:34:30","2024-12-09 16:34:30"
"478","1389","n.a/call again","98","2024-12-09 16:38:41","2024-12-09 16:38:41"
"479","1390","send proposal","98","2024-12-09 16:42:41","2024-12-09 16:42:41"
"480","1391","proposal whatsapp","98","2024-12-09 16:47:47","2024-12-09 16:47:47"
"481","1392","line busy/call again","98","2024-12-09 16:53:37","2024-12-09 16:53:37"
"482","1393","pending,call again","98","2024-12-09 16:57:07","2024-12-09 16:57:07"
"483","1394","n.a/call again","98","2024-12-09 18:05:47","2024-12-09 18:05:47"
"485","1396","n.a/call again","98","2024-12-09 18:14:38","2024-12-09 18:14:38"
"486","1397","N.I","98","2024-12-09 18:17:26","2024-12-09 18:17:26"
"487","1398","N.R","98","2024-12-09 18:23:19","2024-12-09 18:23:19"
"488","1399","no discussion","98","2024-12-09 19:48:09","2024-12-09 19:48:09"
"489","1401","no discussion","98","2024-12-10 14:12:20","2024-12-10 14:12:20"
"490","1403","n.i","98","2024-12-10 14:17:14","2024-12-10 14:17:14"
"491","1405","no discussion","98","2024-12-10 14:29:39","2024-12-10 14:29:39"
"492","1283","Follow up after demo account","66","2024-12-10 15:47:46","2024-12-10 15:47:46"
"493","1318","Shared signed NDA & asked for sample data","66","2024-12-10 15:49:49","2024-12-10 15:49:49"
"494","1276","Follow up on WhatsApp after 1 week of sharing the demo account","66","2024-12-10 15:50:55","2024-12-10 15:50:55"
"495","1283","Final Response from SC Technologies:

We've been extremely fortunate to have an impressive response from creativesuit. However, after careful consideration, we have decided to move forward with our existing ERP.

Once again Thank you for the demonstration.","66","2024-12-10 15:56:18","2024-12-10 15:56:18"
"499","1410","not interested","98","2024-12-10 16:31:43","2024-12-10 16:31:43"
"500","1411","n.a/call again","98","2024-12-10 16:35:23","2024-12-10 16:35:23"
"501","1412","no discussion/number was invalid/call again","98","2024-12-10 16:39:26","2024-12-10 16:39:26"
"502","1413","no discussion","98","2024-12-10 16:52:32","2024-12-10 16:52:32"
"503","1414","no discussion","98","2024-12-10 17:32:44","2024-12-10 17:32:44"
"504","1415","n.a/call again","98","2024-12-10 17:35:28","2024-12-10 17:35:28"
"505","1416","no discussion","98","2024-12-10 17:38:00","2024-12-10 17:38:00"
"506","1416","no discussion","98","2024-12-10 17:38:01","2024-12-10 17:38:01"
"507","1417","no discussion","98","2024-12-10 17:43:10","2024-12-10 17:43:10"
"508","1418","no discussion","98","2024-12-10 18:21:42","2024-12-10 18:21:42"
"509","1419","no discussion","98","2024-12-10 18:29:49","2024-12-10 18:29:49"
"510","1420","no discussion","98","2024-12-10 18:39:51","2024-12-10 18:39:51"
"511","1421","pending/call again","98","2024-12-10 18:48:56","2024-12-10 18:48:56"
"512","1422","no discussion","98","2024-12-10 18:52:12","2024-12-10 18:52:12"
"513","1423","n.i","98","2024-12-10 18:55:25","2024-12-10 18:55:25"
"514","1424","no discussion","98","2024-12-10 19:07:12","2024-12-10 19:07:12"
"515","1425","powered off","98","2024-12-10 19:13:47","2024-12-10 19:13:47"
"516","1426","no discussion","98","2024-12-10 19:21:57","2024-12-10 19:21:57"
"517","1427","no discussion","98","2024-12-10 19:26:20","2024-12-10 19:26:20"
"518","1428","no discussion","98","2024-12-10 19:29:22","2024-12-10 19:29:22"
"520","1430","no discussion","98","2024-12-10 19:44:16","2024-12-10 19:44:16"
"521","1431","no discussion","98","2024-12-10 19:48:40","2024-12-10 19:48:40"
"522","1432","no discussion","98","2024-12-10 19:50:49","2024-12-10 19:50:49"
"523","1433","no discussion","98","2024-12-10 19:55:38","2024-12-10 19:55:38"
"524","1434","proposal whatsapp","98","2024-12-12 14:22:51","2024-12-12 14:22:51"
"525","1111","not answering","98","2024-12-13 15:00:00","2024-12-13 15:00:00"
"526","1110","not answering","98","2024-12-13 15:00:50","2024-12-13 15:00:50"
"527","1108","again proposal whatsapp","98","2024-12-13 15:04:08","2024-12-13 15:04:08"
"528","1105","call after 1 hour","98","2024-12-13 15:05:11","2024-12-13 15:05:11"
"529","1070","line busy","98","2024-12-13 15:07:45","2024-12-13 15:07:45"
"530","1067","not answering","98","2024-12-13 15:08:32","2024-12-13 15:08:32"
"531","1061","not responding","98","2024-12-13 15:10:27","2024-12-13 15:10:27"
"532","1054","company is very small ,no need of software","98","2024-12-13 15:12:30","2024-12-13 15:12:30"
"533","1010","c.e.o is travelling, contact at next week","98","2024-12-13 15:13:51","2024-12-13 15:13:51"
"534","1047","not answering","98","2024-12-13 15:16:04","2024-12-13 15:16:04"
"535","1025","not answering","98","2024-12-13 15:18:47","2024-12-13 15:18:47"
"536","1436","powered off","98","2024-12-13 15:22:55","2024-12-13 15:22:55"
"537","1026","again send proposal","98","2024-12-13 15:29:48","2024-12-13 15:29:48"
"538","1437","n.r","98","2024-12-13 15:36:54","2024-12-13 15:36:54"
"539","1005","not answering","98","2024-12-13 15:39:08","2024-12-13 15:39:08"
"540","966","powered off","98","2024-12-13 15:45:04","2024-12-13 15:45:04"
"542","1439","busy,not answering","98","2024-12-13 15:54:00","2024-12-13 15:54:00"
"543","923","line busy","98","2024-12-13 15:55:40","2024-12-13 15:55:40"
"544","1440","proposal WhatsApp  in november
again proposal send","98","2024-12-13 16:01:37","2024-12-13 16:01:37"
"545","1278","call again at monday","98","2024-12-13 16:05:50","2024-12-13 16:05:50"
"546","1244","call again at monday","98","2024-12-13 16:08:30","2024-12-13 16:08:30"
"547","1240","powered off","98","2024-12-13 16:10:50","2024-12-13 16:10:50"
"548","1240","powered off","98","2024-12-13 16:10:50","2024-12-13 16:10:50"
"549","1243","not responding","98","2024-12-13 16:17:20","2024-12-13 16:17:20"
"550","1247","call again after 2 weeks","98","2024-12-13 16:20:54","2024-12-13 16:20:54"
"551","1025","already using,not interested","98","2024-12-13 16:38:36","2024-12-13 16:38:36"
"552","1105","already using software, no requirement","98","2024-12-13 18:37:41","2024-12-13 18:37:41"
"553","1285","not answering","98","2024-12-13 18:45:27","2024-12-13 18:45:27"
"554","1286","powered off","98","2024-12-13 18:46:41","2024-12-13 18:46:41"
"555","1270","not answering","98","2024-12-13 18:52:57","2024-12-13 18:52:57"
"556","1332","n.r","98","2024-12-13 19:00:41","2024-12-13 19:00:41"
"557","1390","not answering","98","2024-12-13 19:13:42","2024-12-13 19:13:42"
"558","1434","n.i","98","2024-12-13 19:16:34","2024-12-13 19:16:34"
"559","1369","not required now,","98","2024-12-13 19:30:57","2024-12-13 19:30:57"
"560","1331","invalid number","98","2024-12-13 19:34:18","2024-12-13 19:34:18"
"561","1440","not answering","98","2024-12-14 14:41:40","2024-12-14 14:41:40"
"562","923","not answering","98","2024-12-14 14:43:14","2024-12-14 14:43:14"
"563","920","send proposal again","98","2024-12-14 14:46:10","2024-12-14 14:46:10"
"565","922","not responding","98","2024-12-14 14:52:23","2024-12-14 14:52:23"
"566","1441","not responding","98","2024-12-14 14:58:08","2024-12-14 14:58:08"
"567","926","not answering","98","2024-12-14 14:59:36","2024-12-14 14:59:36"
"568","926","not answering","98","2024-12-14 14:59:36","2024-12-14 14:59:36"
"569","929","not responding","98","2024-12-14 15:05:32","2024-12-14 15:05:32"
"571","1439","currently busy","98","2024-12-14 15:10:18","2024-12-14 15:10:18"
"572","934","not answering","98","2024-12-14 15:12:15","2024-12-14 15:12:15"
"573","941","n.r","98","2024-12-14 15:19:01","2024-12-14 15:19:01"
"574","941","n.r","98","2024-12-14 15:19:01","2024-12-14 15:19:01"
"575","950","n.r","98","2024-12-14 15:20:41","2024-12-14 15:20:41"
"577","955","not answering","98","2024-12-14 15:26:13","2024-12-14 15:26:13"
"579","1051","Price Finalize in meeting (11 Dec 2024)","66","2024-12-14 15:30:23","2024-12-14 15:30:23"
"581","1051","Meeting Scheduled for data input in system","66","2024-12-14 15:31:10","2024-12-14 15:31:10"
"582","1067","n.a","98","2024-12-14 15:33:02","2024-12-14 15:33:02"
"583","1047","powered off","98","2024-12-14 15:37:47","2024-12-14 15:37:47"
"584","955","send proposal again","98","2024-12-14 15:42:20","2024-12-14 15:42:20"
"585","1026","powered off","98","2024-12-14 15:45:56","2024-12-14 15:45:56"
"586","1023","follow  up","98","2024-12-14 15:48:40","2024-12-14 15:48:40"
"587","972","n.a","98","2024-12-14 15:50:54","2024-12-14 15:50:54"
"588","966","n.a","98","2024-12-14 15:52:46","2024-12-14 15:52:46"
"589","943","call again at 2nd half","98","2024-12-14 15:55:21","2024-12-14 15:55:21"
"591","996","powered off","98","2024-12-14 18:23:27","2024-12-14 18:23:27"
"592","1001","line busy","98","2024-12-14 18:27:40","2024-12-14 18:27:40"
"594","1081","powered off","98","2024-12-14 18:37:00","2024-12-14 18:37:00"
"595","1284","n.a","98","2024-12-14 18:39:26","2024-12-14 18:39:26"
"596","1409","line busy","98","2024-12-14 18:42:04","2024-12-14 18:42:04"
"597","1436","powered off","98","2024-12-14 18:43:45","2024-12-14 18:43:45"
"598","1437","n.r","98","2024-12-14 18:45:10","2024-12-14 18:45:10"
"602","958","powered off","98","2024-12-14 18:53:26","2024-12-14 18:53:26"
"604","960","n.r","98","2024-12-14 19:06:19","2024-12-14 19:06:19"
"606","962","n.r","98","2024-12-14 19:09:42","2024-12-14 19:09:42"
"607","965","n.r","98","2024-12-14 19:11:08","2024-12-14 19:11:08"
"608","970","n.a","98","2024-12-14 19:18:47","2024-12-14 19:18:47"
"609","1051","Data requirement sheet sent to Workmore's technical team","66","2024-12-16 15:23:09","2024-12-16 15:23:09"
"611","1318","After 3 follow ups (He said that project is on hold he revert back when project is restarted)","66","2024-12-16 15:27:29","2024-12-16 15:27:29"
"614","920","n.a","98","2024-12-19 14:32:24","2024-12-19 14:32:24"
"615","920","n.a","98","2024-12-19 14:32:25","2024-12-19 14:32:25"
"616","1108","n.a","98","2024-12-19 14:33:47","2024-12-19 14:33:47"
"617","1108","n.a","98","2024-12-19 14:33:47","2024-12-19 14:33:47"
"618","1110","again proposal send","98","2024-12-19 14:37:02","2024-12-19 14:37:02"
"619","1111","again proposal send","98","2024-12-19 14:39:31","2024-12-19 14:39:31"
"620","1440","n.a","98","2024-12-19 14:43:59","2024-12-19 14:43:59"
"623","1067","n.a","98","2024-12-19 14:53:29","2024-12-19 14:53:29"
"624","1047","line busy","98","2024-12-19 14:55:54","2024-12-19 14:55:54"
"625","1026","follow up","98","2024-12-19 14:58:40","2024-12-19 14:58:40"
"626","1026","she is will give a reminder to c.e.o, call again","98","2024-12-19 15:00:08","2024-12-19 15:00:08"
"627","1023","he will give a reminder again to c.e.o","98","2024-12-19 15:03:03","2024-12-19 15:03:03"
"628","1023","he will give a reminder again to c.e.o","98","2024-12-19 15:03:05","2024-12-19 15:03:05"
"629","972","call again","98","2024-12-19 15:06:25","2024-12-19 15:06:25"
"630","966","n.a","98","2024-12-19 15:07:48","2024-12-19 15:07:48"
"631","923","line busy","98","2024-12-19 15:10:04","2024-12-19 15:10:04"
"634","996","powered off","98","2024-12-19 15:15:40","2024-12-19 15:15:40"
"635","1081","n.a","98","2024-12-19 15:20:34","2024-12-19 15:20:34"
"636","1284","meeting scheduled at Saturday 3 o'clock","98","2024-12-19 15:26:02","2024-12-19 15:26:02"
"637","1409","n.i","98","2024-12-19 15:31:21","2024-12-19 15:31:21"
"638","1436","powered off","98","2024-12-19 15:32:11","2024-12-19 15:32:11"
"639","1437","n.r","98","2024-12-19 15:32:51","2024-12-19 15:32:51"
"640","1439","currently busy","98","2024-12-19 15:38:23","2024-12-19 15:38:23"
"641","1441","n.r","98","2024-12-19 15:41:48","2024-12-19 15:41:48"
"642","955","n.a","98","2024-12-19 15:42:59","2024-12-19 15:42:59"
"643","958","powered off","98","2024-12-19 15:43:39","2024-12-19 15:43:39"
"645","960","n.r","98","2024-12-19 15:46:38","2024-12-19 15:46:38"
"646","933","he will check demo accounts again,,  call again","98","2024-12-19 15:51:28","2024-12-19 15:51:28"
"648","962","n.a","98","2024-12-19 15:58:26","2024-12-19 15:58:26"
"649","965","n.r","98","2024-12-19 15:59:27","2024-12-19 15:59:27"
"650","968","call again","98","2024-12-19 16:01:16","2024-12-19 16:01:16"
"651","970","closed","98","2024-12-19 16:03:03","2024-12-19 16:03:03"
"652","976","n.a","98","2024-12-19 16:08:30","2024-12-19 16:08:30"
"653","977","n.r","98","2024-12-19 16:09:08","2024-12-19 16:09:08"
"654","978","n.i","98","2024-12-19 16:11:52","2024-12-19 16:11:52"
"656","988","powered off","98","2024-12-19 16:19:59","2024-12-19 16:19:59"
"657","998","n.r","98","2024-12-19 16:20:38","2024-12-19 16:20:38"
"658","998","n.r","98","2024-12-19 16:20:39","2024-12-19 16:20:39"
"659","1306","called","106","2024-12-19 16:30:17","2024-12-19 16:30:17"
"660","1005","powered off","98","2024-12-19 16:33:22","2024-12-19 16:33:22"
"661","1007","send proposal again","98","2024-12-19 16:37:15","2024-12-19 16:37:15"
"662","1008","invalid number","98","2024-12-19 16:41:16","2024-12-19 16:41:16"
"663","1010","n.r","98","2024-12-19 16:42:40","2024-12-19 16:42:40"
"664","1011","powered off","98","2024-12-19 16:49:59","2024-12-19 16:49:59"
"665","1012","n.a","98","2024-12-19 16:52:34","2024-12-19 16:52:34"
"667","1014","n.r","98","2024-12-19 18:36:38","2024-12-19 18:36:38"
"668","1015","powered off","98","2024-12-19 18:37:17","2024-12-19 18:37:17"
"669","1018","n.r","98","2024-12-19 18:40:41","2024-12-19 18:40:41"
"670","1019","invalid","98","2024-12-19 18:41:40","2024-12-19 18:41:40"
"672","1022","powered off","98","2024-12-19 18:47:11","2024-12-19 18:47:11"
"673","1022","powered off","98","2024-12-19 18:48:52","2024-12-19 18:48:52"
"674","1027","powered off","98","2024-12-19 18:49:34","2024-12-19 18:49:34"
"675","1027","powered off","98","2024-12-19 18:49:34","2024-12-19 18:49:34"
"676","1029","powered off","98","2024-12-19 18:50:14","2024-12-19 18:50:14"
"678","1032","n.a","98","2024-12-19 18:52:57","2024-12-19 18:52:57"
"679","1034","n.a","98","2024-12-19 18:55:10","2024-12-19 18:55:10"
"680","1034","n.a","98","2024-12-19 18:55:11","2024-12-19 18:55:11"
"681","1035","company is very small,no need of software","98","2024-12-19 18:58:14","2024-12-19 18:58:14"
"682","1036","n.a","98","2024-12-19 18:58:57","2024-12-19 18:58:57"
"684","1038","n.a","98","2024-12-19 19:01:42","2024-12-19 19:01:42"
"686","1039","meeting scheduled at 7 pm
point of contact moazzim sheikh
desg; manager","98","2024-12-19 19:11:05","2024-12-19 19:11:05"
"687","1042","voice distortion, call again tomorrow","98","2024-12-19 19:15:40","2024-12-19 19:15:40"
"688","972","powered off,call again tomorrow, he will available only at 9 pm  for meeting","98","2024-12-19 19:23:22","2024-12-19 19:23:22"
"689","1046","she did not see the proposal ,will check it and respond","98","2024-12-19 19:35:24","2024-12-19 19:35:24"
"691","1061","n.r","98","2024-12-19 19:45:08","2024-12-19 19:45:08"
"692","1062","powered off","98","2024-12-19 19:46:28","2024-12-19 19:46:28"
"694","1066","n.r","98","2024-12-19 19:52:52","2024-12-19 19:52:52"
"695","1066","n.a","98","2024-12-20 14:25:52","2024-12-20 14:25:52"
"696","1069","n.r","98","2024-12-20 14:28:52","2024-12-20 14:28:52"
"697","1070","n.a","98","2024-12-20 14:30:31","2024-12-20 14:30:31"
"698","1074","powered off","98","2024-12-20 14:31:50","2024-12-20 14:31:50"
"699","1075","n.a","98","2024-12-20 14:33:21","2024-12-20 14:33:21"
"700","1075","closed","98","2024-12-20 14:34:12","2024-12-20 14:34:12"
"701","1076","n.r","98","2024-12-20 14:37:05","2024-12-20 14:37:05"
"702","1077","powered off","98","2024-12-20 14:38:11","2024-12-20 14:38:11"
"703","1078","n.r","98","2024-12-20 14:39:02","2024-12-20 14:39:02"
"704","1079","n.a","98","2024-12-20 14:41:25","2024-12-20 14:41:25"
"705","1080","n.a","98","2024-12-20 14:44:00","2024-12-20 14:44:00"
"706","1082","n.a","98","2024-12-20 14:45:17","2024-12-20 14:45:17"
"707","1082","n.a","98","2024-12-20 14:45:17","2024-12-20 14:45:17"
"708","1083","n.a","98","2024-12-20 14:46:49","2024-12-20 14:46:49"
"709","1086","N.A","98","2024-12-20 14:50:42","2024-12-20 14:50:42"
"710","1088","N.A","98","2024-12-20 14:52:33","2024-12-20 14:52:33"
"711","1111","n.a","98","2024-12-20 14:57:15","2024-12-20 14:57:15"
"712","1110","manager is on leave,call at monday","98","2024-12-20 15:02:52","2024-12-20 15:02:52"
"715","1007","she will inform us,","98","2024-12-20 15:33:26","2024-12-20 15:33:26"
"717","1046","n.a","98","2024-12-20 15:39:39","2024-12-20 15:39:39"
"719","1090","n.a","98","2024-12-20 15:53:40","2024-12-20 15:53:40"
"720","1048","n.r","98","2024-12-20 15:59:27","2024-12-20 15:59:27"
"722","1096","call again at 2nd half","98","2024-12-20 16:06:22","2024-12-20 16:06:22"
"723","1103","n.a","98","2024-12-20 16:09:51","2024-12-20 16:09:51"
"724","1109","send proposal again","98","2024-12-20 16:13:56","2024-12-20 16:13:56"
"725","929","powered off","98","2024-12-20 16:15:42","2024-12-20 16:15:42"
"726","929","n.a","98","2024-12-20 16:17:15","2024-12-20 16:17:15"
"730","964","line busy","98","2024-12-20 16:43:57","2024-12-20 16:43:57"
"731","941","n.r","98","2024-12-20 18:41:56","2024-12-20 18:41:56"
"734","949","n.a","98","2024-12-20 18:54:43","2024-12-20 18:54:43"
"735","950","n.r","98","2024-12-20 18:56:03","2024-12-20 18:56:03"
"736","950","n.r","98","2024-12-20 18:56:03","2024-12-20 18:56:03"
"737","953","n.r","98","2024-12-20 18:56:48","2024-12-20 18:56:48"
"738","953","n.r","98","2024-12-20 18:56:48","2024-12-20 18:56:48"
"740","922","n.r","98","2024-12-20 18:59:13","2024-12-20 18:59:13"
"741","924","powered off","98","2024-12-20 19:00:00","2024-12-20 19:00:00"
"742","930","powered off","98","2024-12-20 19:03:52","2024-12-20 19:03:52"
"743","920","powered off","98","2024-12-20 19:09:40","2024-12-20 19:09:40"
"744","1108","n.a","98","2024-12-20 19:11:03","2024-12-20 19:11:03"
"745","1111","powered off","98","2024-12-20 19:12:50","2024-12-20 19:12:50"
"746","1440","n.a","98","2024-12-20 19:14:15","2024-12-20 19:14:15"
"750","1067","they will check proposal,,,call again","98","2024-12-20 19:33:58","2024-12-20 19:33:58"
"751","1067","they will check proposal,,,call again","98","2024-12-20 19:33:59","2024-12-20 19:33:59"
"752","1067","they will check proposal,,,call again","98","2024-12-20 19:33:59","2024-12-20 19:33:59"
"753","1067","they will check proposal,,,call again","98","2024-12-20 19:34:00","2024-12-20 19:34:00"
"754","1067","they will check proposal,,,call again","98","2024-12-20 19:34:00","2024-12-20 19:34:00"
"755","1047","line busy","98","2024-12-20 19:35:39","2024-12-20 19:35:39"
"757","996","powered off","98","2024-12-23 16:00:07","2024-12-23 16:00:07"
"758","920","line busy","98","2024-12-23 16:01:25","2024-12-23 16:01:25"
"762","1081","powered off","98","2024-12-23 16:09:32","2024-12-23 16:09:32"
"763","955","he will inform us,call again","98","2024-12-23 16:12:07","2024-12-23 16:12:07"
"764","968","n.r","98","2024-12-23 16:14:15","2024-12-23 16:14:15"
"766","965","powered off","98","2024-12-23 16:18:40","2024-12-23 16:18:40"
"767","962","n.r","98","2024-12-23 16:19:16","2024-12-23 16:19:16"
"768","960","n.r","98","2024-12-23 16:20:18","2024-12-23 16:20:18"
"769","977","n.r","98","2024-12-23 16:21:05","2024-12-23 16:21:05"
"770","1018","line busy","98","2024-12-23 16:22:35","2024-12-23 16:22:35"
"771","1066","n.r","98","2024-12-23 16:25:28","2024-12-23 16:25:28"
"772","1074","n.r","98","2024-12-23 16:31:05","2024-12-23 16:31:05"
"773","924","n.r","98","2024-12-23 16:32:51","2024-12-23 16:32:51"
"774","950","n.r","98","2024-12-23 16:35:56","2024-12-23 16:35:56"
"775","930","powered off","98","2024-12-23 16:37:11","2024-12-23 16:37:11"
"776","922","n.r","98","2024-12-23 16:38:16","2024-12-23 16:38:16"
"777","926","n.a","98","2024-12-23 16:40:28","2024-12-23 16:40:28"
"780","953","n.a","98","2024-12-23 16:48:29","2024-12-23 16:48:29"
"781","1441","powered off","98","2024-12-23 18:24:22","2024-12-23 18:24:22"
"782","1439","currently busy","98","2024-12-23 18:25:45","2024-12-23 18:25:45"
"783","1437","n.r","98","2024-12-23 18:26:36","2024-12-23 18:26:36"
"784","1436","powered off","98","2024-12-23 18:27:15","2024-12-23 18:27:15"
"785","1046","n.a","98","2024-12-23 18:32:18","2024-12-23 18:32:18"
"787","1108","send proposal again","98","2024-12-23 18:50:17","2024-12-23 18:50:17"
"788","1109","drop message tomorrow at 3 pm.","98","2024-12-23 18:52:19","2024-12-23 18:52:19"
"789","1110","drop reminder message and call again after 10 mins","98","2024-12-23 18:57:03","2024-12-23 18:57:03"
"790","1111","line busy","98","2024-12-23 18:58:46","2024-12-23 18:58:46"
"792","1440","n.a","98","2024-12-23 19:01:20","2024-12-23 19:01:20"
"797","1067","they will check proposal today,call again","98","2024-12-23 19:11:07","2024-12-23 19:11:07"
"798","1105","he will inform us, C.E.O. is  out of country ,he will give a reminder again.","98","2024-12-23 19:15:14","2024-12-23 19:15:14"
"799","972","n.r","98","2024-12-23 19:17:42","2024-12-23 19:17:42"
"800","966","n.r","98","2024-12-23 19:18:15","2024-12-23 19:18:15"
"801","923","n.a","98","2024-12-23 19:22:02","2024-12-23 19:22:02"
"803","1005","n.a","98","2024-12-23 19:25:20","2024-12-23 19:25:20"
"804","1010","n.r","98","2024-12-23 19:26:22","2024-12-23 19:26:22"
"805","1070","n.a","98","2024-12-23 19:29:44","2024-12-23 19:29:44"
"806","949","line busy","98","2024-12-23 19:31:39","2024-12-23 19:31:39"
"807","946","send proposal again","98","2024-12-23 19:36:20","2024-12-23 19:36:20"
"809","941","n.r","98","2024-12-23 19:40:29","2024-12-23 19:40:29"
"810","964","line busy","98","2024-12-23 19:41:37","2024-12-23 19:41:37"
"811","964","line busy","98","2024-12-23 19:41:37","2024-12-23 19:41:37"
"813","929","powered off","98","2024-12-24 14:29:15","2024-12-24 14:29:15"
"814","1090","n.r","98","2024-12-24 14:32:24","2024-12-24 14:32:24"
"815","1088","n.a","98","2024-12-24 14:33:46","2024-12-24 14:33:46"
"816","1086","n.a","98","2024-12-24 14:35:12","2024-12-24 14:35:12"
"817","1083","n.r","98","2024-12-24 14:37:12","2024-12-24 14:37:12"
"821","1111","n.a","98","2024-12-24 14:55:40","2024-12-24 14:55:40"
"822","1083","n.a","98","2024-12-24 15:13:29","2024-12-24 15:13:29"
"823","1080","n.a","98","2024-12-24 15:17:54","2024-12-24 15:17:54"
"824","1078","n.r","98","2024-12-24 15:20:59","2024-12-24 15:20:59"
"825","1077","powered off","98","2024-12-24 15:21:43","2024-12-24 15:21:43"
"826","1077","powered off","98","2024-12-24 15:22:27","2024-12-24 15:22:27"
"827","1077","powered off","98","2024-12-24 15:22:27","2024-12-24 15:22:27"
"828","1069","n.r","98","2024-12-24 15:26:06","2024-12-24 15:26:06"
"829","1038","n.a","98","2024-12-24 15:27:28","2024-12-24 15:27:28"
"830","1048","n.r","98","2024-12-24 15:30:08","2024-12-24 15:30:08"
"831","1042","manager is on leave , call at the mid of January","98","2024-12-24 15:32:45","2024-12-24 15:32:45"
"832","972","n.a","98","2024-12-24 15:36:44","2024-12-24 15:36:44"
"833","1067","send reminder message again","98","2024-12-24 15:39:25","2024-12-24 15:39:25"
"835","1110","manager is busy in meeting, call again","98","2024-12-24 15:44:59","2024-12-24 15:44:59"
"836","1036","n.r","98","2024-12-24 16:04:44","2024-12-24 16:04:44"
"838","1029","n.r","98","2024-12-24 16:20:25","2024-12-24 16:20:25"
"839","1027","n.a","98","2024-12-24 16:22:16","2024-12-24 16:22:16"
"840","1022","n.r","98","2024-12-24 16:24:19","2024-12-24 16:24:19"
"842","1019","powered off","98","2024-12-24 16:27:24","2024-12-24 16:27:24"
"844","998","n.r","98","2024-12-24 18:32:03","2024-12-24 18:32:03"
"845","988","powered off","98","2024-12-24 18:33:04","2024-12-24 18:33:04"
"847","958","powered off","98","2024-12-24 18:38:26","2024-12-24 18:38:26"
"851","1010","n.r","98","2024-12-24 19:18:17","2024-12-24 19:18:17"
"856","1088","n.a","98","2024-12-26 14:29:53","2024-12-26 14:29:53"
"857","996","powered off","98","2024-12-26 14:31:48","2024-12-26 14:31:48"
"858","920","n.a","98","2024-12-26 14:34:32","2024-12-26 14:34:32"
"860","1081","powered off","98","2024-12-26 14:37:59","2024-12-26 14:37:59"
"861","968","n.r","98","2024-12-26 14:39:40","2024-12-26 14:39:40"
"862","965","n.r","98","2024-12-26 14:41:22","2024-12-26 14:41:22"
"863","962","n.r","98","2024-12-26 14:42:07","2024-12-26 14:42:07"
"864","960","n.r","98","2024-12-26 14:43:22","2024-12-26 14:43:22"
"865","977","n.r","98","2024-12-26 14:44:20","2024-12-26 14:44:20"
"866","977","n.r","98","2024-12-26 14:44:20","2024-12-26 14:44:20"
"867","977","n.r","98","2024-12-26 14:44:21","2024-12-26 14:44:21"
"868","1018","line busy","98","2024-12-26 14:45:27","2024-12-26 14:45:27"
"869","1066","n.r","98","2024-12-26 14:50:12","2024-12-26 14:50:12"
"870","1061","n.r","98","2024-12-26 14:52:08","2024-12-26 14:52:08"
"871","1074","n.r","98","2024-12-26 14:52:45","2024-12-26 14:52:45"
"872","924","powered off","98","2024-12-26 14:53:36","2024-12-26 14:53:36"
"873","950","n.r","98","2024-12-26 14:54:27","2024-12-26 14:54:27"
"874","930","powered off","98","2024-12-26 14:55:39","2024-12-26 14:55:39"
"875","930","powered off","98","2024-12-26 14:56:31","2024-12-26 14:56:31"
"876","922","n.r","98","2024-12-26 14:57:49","2024-12-26 14:57:49"
"877","926","n.a","98","2024-12-26 14:59:53","2024-12-26 14:59:53"
"879","949","n.r","98","2024-12-26 15:03:10","2024-12-26 15:03:10"
"880","946","n.a","98","2024-12-26 15:04:44","2024-12-26 15:04:44"
"882","941","n.r","98","2024-12-26 15:06:28","2024-12-26 15:06:28"
"884","929","powered off","98","2024-12-26 15:09:14","2024-12-26 15:09:14"
"885","1103","n.a","98","2024-12-26 15:14:08","2024-12-26 15:14:08"
"886","1086","send proposal again","98","2024-12-26 15:17:21","2024-12-26 15:17:21"
"887","1083","n.a","98","2024-12-26 15:20:04","2024-12-26 15:20:04"
"888","1080","n.a","98","2024-12-26 15:23:42","2024-12-26 15:23:42"
"889","1079","powered off","98","2024-12-26 15:26:59","2024-12-26 15:26:59"
"890","1078","n.r","98","2024-12-26 15:27:42","2024-12-26 15:27:42"
"891","1077","powered off","98","2024-12-26 15:28:30","2024-12-26 15:28:30"
"892","1076","n.r","98","2024-12-26 15:29:55","2024-12-26 15:29:55"
"893","1069","n.r","98","2024-12-26 15:30:50","2024-12-26 15:30:50"
"894","1038","send message regarding meeting","98","2024-12-26 15:33:40","2024-12-26 15:33:40"
"895","1048","powered off","98","2024-12-26 15:37:15","2024-12-26 15:37:15"
"896","1036","n.a","98","2024-12-26 15:39:51","2024-12-26 15:39:51"
"897","1048","busy, call again tomorrow","98","2024-12-26 15:40:31","2024-12-26 15:40:31"
"898","1034","call  again  tomorrow, manager will available at Saturday ,she will give a reminder to her","98","2024-12-26 15:46:13","2024-12-26 15:46:13"
"899","1032","n.a","98","2024-12-26 15:49:03","2024-12-26 15:49:03"
"900","1032","n.a","98","2024-12-26 15:49:03","2024-12-26 15:49:03"
"901","1029","powered off","98","2024-12-26 15:52:50","2024-12-26 15:52:50"
"902","1027","powered off","98","2024-12-26 15:54:03","2024-12-26 15:54:03"
"903","1022","n.r","98","2024-12-26 15:54:46","2024-12-26 15:54:46"
"905","1019","powered off","98","2024-12-26 16:01:28","2024-12-26 16:01:28"
"906","1015","powered off","98","2024-12-26 16:02:44","2024-12-26 16:02:44"
"907","1014","n.r","98","2024-12-26 16:10:59","2024-12-26 16:10:59"
"909","1012","n.a","98","2024-12-26 16:16:17","2024-12-26 16:16:17"
"910","1011","n.a","98","2024-12-26 16:17:35","2024-12-26 16:17:35"
"911","998","n.r","98","2024-12-26 16:20:08","2024-12-26 16:20:08"
"912","988","powered off","98","2024-12-26 16:21:21","2024-12-26 16:21:21"
"913","958","powered off","98","2024-12-26 16:31:18","2024-12-26 16:31:18"
"914","1441","powered off","98","2024-12-26 18:49:28","2024-12-26 18:49:28"
"915","1441","powered off","98","2024-12-26 18:49:28","2024-12-26 18:49:28"
"916","1437","n.r","98","2024-12-26 18:50:24","2024-12-26 18:50:24"
"917","1436","powered off","98","2024-12-26 18:51:12","2024-12-26 18:51:12"
"920","1108","manager is busy now,call again tomorrow.","98","2024-12-26 19:09:45","2024-12-26 19:09:45"
"921","1109","line busy","98","2024-12-26 19:10:59","2024-12-26 19:10:59"
"922","1110","n.a","98","2024-12-26 19:12:55","2024-12-26 19:12:55"
"923","1111","he will check his schedule and will inform tomorrow about meeting after jumma,","98","2024-12-26 19:23:52","2024-12-26 19:23:52"
"924","1440","n.a","98","2024-12-26 19:28:00","2024-12-26 19:28:00"
"928","1067","n.r","98","2024-12-26 19:34:03","2024-12-26 19:34:03"
"929","1067","n.r","98","2024-12-26 19:34:03","2024-12-26 19:34:03"
"930","972","n.a","98","2024-12-26 19:35:53","2024-12-26 19:35:53"
"932","1005","n.a","98","2024-12-26 19:40:08","2024-12-26 19:40:08"
"933","1070","n.a","98","2024-12-27 14:28:01","2024-12-27 14:28:01"
"934","1096","n.a","98","2024-12-27 14:29:34","2024-12-27 14:29:34"
"935","1104","n.a","98","2024-12-27 14:31:16","2024-12-27 14:31:16"
"937","1111","n.r","98","2024-12-27 14:39:50","2024-12-27 14:39:50"
"938","1110","n.a","98","2024-12-27 14:41:31","2024-12-27 14:41:31"
"939","1109","line busy,he will call back","98","2024-12-27 14:42:45","2024-12-27 14:42:45"
"941","1046","n.a","98","2024-12-27 14:48:49","2024-12-27 14:48:49"
"942","1046","n.a","98","2024-12-27 14:48:49","2024-12-27 14:48:49"
"945","1436","powered off","98","2024-12-27 15:01:24","2024-12-27 15:01:24"
"946","1441","powered off","98","2024-12-27 15:04:23","2024-12-27 15:04:23"
"947","958","n.r","98","2024-12-27 15:05:10","2024-12-27 15:05:10"
"950","988","powered off","98","2024-12-27 15:06:39","2024-12-27 15:06:39"
"951","998","n.r","98","2024-12-27 15:07:21","2024-12-27 15:07:21"
"952","1011","n.a","98","2024-12-27 15:08:39","2024-12-27 15:08:39"
"953","1012","n.r","98","2024-12-27 15:15:30","2024-12-27 15:15:30"
"955","1014","n.r","98","2024-12-27 15:17:25","2024-12-27 15:17:25"
"956","1015","powered off","98","2024-12-27 15:18:14","2024-12-27 15:18:14"
"957","1019","powered off","98","2024-12-27 15:19:36","2024-12-27 15:19:36"
"959","1022","n.r","98","2024-12-27 15:21:00","2024-12-27 15:21:00"
"960","1027","n.r","98","2024-12-27 15:21:50","2024-12-27 15:21:50"
"961","1032","he will contact us. right now they are not interested","98","2024-12-27 15:24:53","2024-12-27 15:24:53"
"962","1036","n.a","98","2024-12-27 15:29:21","2024-12-27 15:29:21"
"963","1048","n.a","98","2024-12-27 15:32:40","2024-12-27 15:32:40"
"964","1038","n.a","98","2024-12-27 15:35:20","2024-12-27 15:35:20"
"965","1038","n.a","98","2024-12-27 15:35:20","2024-12-27 15:35:20"
"966","1069","n.r","98","2024-12-27 15:36:23","2024-12-27 15:36:23"
"967","1076","n.r","98","2024-12-27 15:37:19","2024-12-27 15:37:19"
"968","1077","powered off","98","2024-12-27 15:38:02","2024-12-27 15:38:02"
"969","1077","powered off","98","2024-12-27 15:38:02","2024-12-27 15:38:02"
"970","1078","n.r","98","2024-12-27 15:38:47","2024-12-27 15:38:47"
"971","1079","powered off","98","2024-12-27 15:42:19","2024-12-27 15:42:19"
"972","1080","n.a","98","2024-12-27 15:43:16","2024-12-27 15:43:16"
"973","1083","n.a","98","2024-12-27 15:44:20","2024-12-27 15:44:20"
"974","1086","n.r","98","2024-12-27 15:46:02","2024-12-27 15:46:02"
"975","1088","n.a","98","2024-12-27 15:47:52","2024-12-27 15:47:52"
"976","1090","n.a","98","2024-12-27 16:09:18","2024-12-27 16:09:18"
"977","1103","n.a","98","2024-12-27 16:10:46","2024-12-27 16:10:46"
"978","929","powered off","98","2024-12-27 16:11:56","2024-12-27 16:11:56"
"980","946","n.a","98","2024-12-27 16:18:31","2024-12-27 16:18:31"
"981","949","powered off","98","2024-12-27 16:19:30","2024-12-27 16:19:30"
"983","926","n.a","98","2024-12-27 16:23:54","2024-12-27 16:23:54"
"984","922","n.r","98","2024-12-27 16:24:40","2024-12-27 16:24:40"
"985","930","powered off","98","2024-12-27 16:25:50","2024-12-27 16:25:50"
"986","950","n.r","98","2024-12-27 16:26:49","2024-12-27 16:26:49"
"987","1074","n.r","98","2024-12-27 18:35:37","2024-12-27 18:35:37"
"988","1061","n.r","98","2024-12-27 18:37:16","2024-12-27 18:37:16"
"989","1066","n.a","98","2024-12-27 18:39:05","2024-12-27 18:39:05"
"990","977","n.r","98","2024-12-27 18:41:29","2024-12-27 18:41:29"
"991","960","busy","98","2024-12-27 18:42:37","2024-12-27 18:42:37"
"992","965","n.a","98","2024-12-27 18:44:08","2024-12-27 18:44:08"
"993","968","n.a","98","2024-12-27 18:45:13","2024-12-27 18:45:13"
"994","1081","powered off","98","2024-12-27 18:46:14","2024-12-27 18:46:14"
"996","920","n.a","98","2024-12-27 18:51:36","2024-12-27 18:51:36"
"997","996","powered off","98","2024-12-27 18:54:50","2024-12-27 18:54:50"
"998","1284","n.a","98","2024-12-27 18:56:55","2024-12-27 18:56:55"
"999","923","n.a","98","2024-12-27 18:59:27","2024-12-27 18:59:27"
"1000","1010","n.r","98","2024-12-27 19:10:03","2024-12-27 19:10:03"
"1002","1067","n.r","98","2024-12-27 19:13:11","2024-12-27 19:13:11"
"1003","996","powered off","98","2024-12-28 14:33:08","2024-12-28 14:33:08"
"1004","920","they will check the proposal, call again at tuesday","98","2024-12-28 14:36:07","2024-12-28 14:36:07"
"1006","1081","powered off","98","2024-12-28 14:44:32","2024-12-28 14:44:32"
"1007","968","n.a","98","2024-12-28 14:45:29","2024-12-28 14:45:29"
"1009","965","n.r","98","2024-12-28 14:47:20","2024-12-28 14:47:20"
"1010","962","n.a","98","2024-12-28 14:48:33","2024-12-28 14:48:33"
"1011","960","n.r","98","2024-12-28 14:49:26","2024-12-28 14:49:26"
"1012","977","n.r","98","2024-12-28 14:50:17","2024-12-28 14:50:17"
"1013","1018","n.r","98","2024-12-28 15:05:09","2024-12-28 15:05:09"
"1014","1066","n.a","98","2024-12-28 15:06:15","2024-12-28 15:06:15"
"1015","1061","n.r","98","2024-12-28 15:07:40","2024-12-28 15:07:40"
"1016","1074","n.r","98","2024-12-28 15:08:25","2024-12-28 15:08:25"
"1017","924","powered off","98","2024-12-28 15:09:14","2024-12-28 15:09:14"
"1018","950","n.r","98","2024-12-28 15:09:55","2024-12-28 15:09:55"
"1019","930","powered off","98","2024-12-28 15:10:53","2024-12-28 15:10:53"
"1020","922","n.r","98","2024-12-28 15:12:12","2024-12-28 15:12:12"
"1021","926","line busy","98","2024-12-28 15:13:08","2024-12-28 15:13:08"
"1023","949","n.r","98","2024-12-28 15:15:56","2024-12-28 15:15:56"
"1024","949","n.r","98","2024-12-28 15:16:45","2024-12-28 15:16:45"
"1025","946","n.a","98","2024-12-28 15:18:04","2024-12-28 15:18:04"
"1027","941","n.r","98","2024-12-28 15:22:54","2024-12-28 15:22:54"
"1028","929","powered off","98","2024-12-28 15:28:05","2024-12-28 15:28:05"
"1029","1103","n..a","98","2024-12-28 15:29:50","2024-12-28 15:29:50"
"1030","1103","n..a","98","2024-12-28 15:29:50","2024-12-28 15:29:50"
"1031","1090","n.a","98","2024-12-28 15:31:48","2024-12-28 15:31:48"
"1032","1090","n.a","98","2024-12-28 15:31:48","2024-12-28 15:31:48"
"1033","1090","n.a","98","2024-12-28 15:31:49","2024-12-28 15:31:49"
"1034","1086","n.r","98","2024-12-28 15:33:33","2024-12-28 15:33:33"
"1035","1086","n.r","98","2024-12-28 15:33:33","2024-12-28 15:33:33"
"1036","1086","n.a","98","2024-12-28 15:33:46","2024-12-28 15:33:46"
"1037","1083","n.a","98","2024-12-28 15:36:09","2024-12-28 15:36:09"
"1038","1080","n.a","98","2024-12-28 15:37:47","2024-12-28 15:37:47"
"1039","1079","powered off","98","2024-12-28 15:41:01","2024-12-28 15:41:01"
"1040","1078","n.r","98","2024-12-28 15:44:22","2024-12-28 15:44:22"
"1041","1077","powered off","98","2024-12-28 15:46:36","2024-12-28 15:46:36"
"1042","1076","powered off","98","2024-12-28 15:48:17","2024-12-28 15:48:17"
"1043","1069","n.r","98","2024-12-28 15:55:54","2024-12-28 15:55:54"
"1044","1038","powered off","98","2024-12-28 15:57:01","2024-12-28 15:57:01"
"1045","1048","line busy","98","2024-12-28 15:59:49","2024-12-28 15:59:49"
"1046","1036","n.a","98","2024-12-28 16:01:27","2024-12-28 16:01:27"
"1047","1029","powered off","98","2024-12-28 16:04:02","2024-12-28 16:04:02"
"1048","1027","n.r","98","2024-12-28 16:05:57","2024-12-28 16:05:57"
"1049","1022","n.a","98","2024-12-28 16:09:49","2024-12-28 16:09:49"
"1052","1019","n.a","98","2024-12-28 16:14:30","2024-12-28 16:14:30"
"1053","1015","n.a","98","2024-12-28 16:20:49","2024-12-28 16:20:49"
"1054","1015","powered off","98","2024-12-28 16:21:09","2024-12-28 16:21:09"
"1055","1014","n.r","98","2024-12-28 16:22:07","2024-12-28 16:22:07"
"1058","1012","n.a","98","2024-12-28 18:42:06","2024-12-28 18:42:06"
"1059","1011","n.a","98","2024-12-28 18:43:19","2024-12-28 18:43:19"
"1060","1012","send proposal again, call again at Monday","98","2024-12-28 18:45:35","2024-12-28 18:45:35"
"1061","998","n.r","98","2024-12-28 18:48:14","2024-12-28 18:48:14"
"1062","988","powered off","98","2024-12-28 18:48:54","2024-12-28 18:48:54"
"1065","958","n.r","98","2024-12-28 18:50:21","2024-12-28 18:50:21"
"1066","1441","powered off","98","2024-12-28 18:51:43","2024-12-28 18:51:43"
"1067","1439","n.r","98","2024-12-28 18:52:23","2024-12-28 18:52:23"
"1068","1437","n.r","98","2024-12-28 18:53:07","2024-12-28 18:53:07"
"1069","1436","powered off","98","2024-12-28 18:54:15","2024-12-28 18:54:15"
"1071","1108","call again at next week, right now they are busy","98","2024-12-28 19:00:39","2024-12-28 19:00:39"
"1072","1109","n.a","98","2024-12-28 19:02:34","2024-12-28 19:02:34"
"1073","1111","call at monday again,","98","2024-12-28 19:11:19","2024-12-28 19:11:19"
"1076","1067","n.r","98","2024-12-28 19:18:05","2024-12-28 19:18:05"
"1077","1067","n.r","98","2024-12-28 19:18:05","2024-12-28 19:18:05"
"1082","1096","not interested","98","2024-12-28 19:26:53","2024-12-28 19:26:53"
"1083","1096","company is very small, don't need a software","98","2024-12-28 19:27:26","2024-12-28 19:27:26"
"1086","996","powered off","98","2025-01-03 14:35:43","2025-01-03 14:35:43"
"1087","920","n.r","98","2025-01-03 14:37:52","2025-01-03 14:37:52"
"1089","1081","powered off","98","2025-01-03 14:40:54","2025-01-03 14:40:54"
"1090","968","n.r","98","2025-01-03 14:42:33","2025-01-03 14:42:33"
"1091","965","n.r","98","2025-01-03 14:44:22","2025-01-03 14:44:22"
"1092","962","n.a","98","2025-01-03 14:45:40","2025-01-03 14:45:40"
"1093","977","n.r","98","2025-01-03 14:51:24","2025-01-03 14:51:24"
"1094","1018","n.r","98","2025-01-03 14:52:51","2025-01-03 14:52:51"
"1095","1066","powered off","98","2025-01-03 14:54:35","2025-01-03 14:54:35"
"1096","1061","n.r","98","2025-01-03 14:55:53","2025-01-03 14:55:53"
"1097","1061","n.r","98","2025-01-03 14:55:53","2025-01-03 14:55:53"
"1098","1074","n.r","98","2025-01-03 15:00:03","2025-01-03 15:00:03"
"1099","924","powered off","98","2025-01-03 15:01:30","2025-01-03 15:01:30"
"1100","950","n.r","98","2025-01-03 15:02:54","2025-01-03 15:02:54"
"1101","930","powered off","98","2025-01-03 15:04:05","2025-01-03 15:04:05"
"1102","922","n.r","98","2025-01-03 15:06:26","2025-01-03 15:06:26"
"1103","926","line busy","98","2025-01-03 15:09:15","2025-01-03 15:09:15"
"1105","949","n.a","98","2025-01-03 15:12:13","2025-01-03 15:12:13"
"1106","946","n.r","98","2025-01-03 15:27:19","2025-01-03 15:27:19"
"1107","946","n.r","98","2025-01-03 15:27:19","2025-01-03 15:27:19"
"1109","941","n.r","98","2025-01-03 15:32:29","2025-01-03 15:32:29"
"1110","964","n.a","98","2025-01-03 15:34:47","2025-01-03 15:34:47"
"1112","929","powered off","98","2025-01-03 15:47:06","2025-01-03 15:47:06"
"1113","1103","n.a","98","2025-01-03 15:50:10","2025-01-03 15:50:10"
"1114","1103","n.a","98","2025-01-03 15:50:10","2025-01-03 15:50:10"
"1115","1090","n.r","98","2025-01-03 15:52:04","2025-01-03 15:52:04"
"1116","1090","n.r","98","2025-01-03 15:52:04","2025-01-03 15:52:04"
"1117","1086","n.r","98","2025-01-03 15:53:20","2025-01-03 15:53:20"
"1118","1083","send proposal again","98","2025-01-03 15:57:39","2025-01-03 15:57:39"
"1119","1080","company has taken a break, and they will reopen after ramzan","98","2025-01-03 18:51:10","2025-01-03 18:51:10"
"1120","1079","powered off","98","2025-01-03 18:58:13","2025-01-03 18:58:13"
"1121","1078","n.r","98","2025-01-03 19:15:18","2025-01-03 19:15:18"
"1122","1077","n.r","98","2025-01-03 19:16:44","2025-01-03 19:16:44"
"1123","1076","n.a","98","2025-01-03 19:22:52","2025-01-03 19:22:52"
"1124","1076","n.a","98","2025-01-03 19:22:52","2025-01-03 19:22:52"
"1125","1069","n.r","98","2025-01-03 19:28:47","2025-01-03 19:28:47"
"1126","1038","n.r","98","2025-01-03 19:32:17","2025-01-03 19:32:17"
"1127","1048","n.r","98","2025-01-03 19:35:58","2025-01-03 19:35:58"
"1128","1036","n.a","98","2025-01-03 19:42:45","2025-01-03 19:42:45"
"1129","996","powered off","98","2025-01-04 14:39:27","2025-01-04 14:39:27"
"1130","996","powered off","98","2025-01-04 14:39:27","2025-01-04 14:39:27"
"1132","1081","line busy","98","2025-01-04 14:42:28","2025-01-04 14:42:28"
"1133","1081","line busy","98","2025-01-04 14:42:28","2025-01-04 14:42:28"
"1134","968","n.a","98","2025-01-04 14:45:09","2025-01-04 14:45:09"
"1136","965","n.a","98","2025-01-04 14:48:33","2025-01-04 14:48:33"
"1137","962","n.a","98","2025-01-04 14:49:35","2025-01-04 14:49:35"
"1138","960","n.i","98","2025-01-04 14:51:44","2025-01-04 14:51:44"
"1139","977","n.r","98","2025-01-04 14:53:03","2025-01-04 14:53:03"
"1140","1018","powered off","98","2025-01-04 14:54:16","2025-01-04 14:54:16"
"1141","1066","n.r","98","2025-01-04 14:55:52","2025-01-04 14:55:52"
"1142","1061","n..r","98","2025-01-04 14:57:31","2025-01-04 14:57:31"
"1143","1074","n.r","98","2025-01-04 14:59:44","2025-01-04 14:59:44"
"1144","924","powered off","98","2025-01-04 15:00:52","2025-01-04 15:00:52"
"1145","950","n.r","98","2025-01-04 15:02:13","2025-01-04 15:02:13"
"1146","950","n.r","98","2025-01-04 15:02:14","2025-01-04 15:02:14"
"1147","950","n.r","98","2025-01-04 15:02:14","2025-01-04 15:02:14"
"1148","930","powered off","98","2025-01-04 15:03:33","2025-01-04 15:03:33"
"1149","922","n.r","98","2025-01-04 15:04:57","2025-01-04 15:04:57"
"1150","926","line busy","98","2025-01-04 15:06:23","2025-01-04 15:06:23"
"1152","949","line busy","98","2025-01-04 15:09:23","2025-01-04 15:09:23"
"1153","949","line busy","98","2025-01-04 15:09:23","2025-01-04 15:09:23"
"1154","946","n.a","98","2025-01-04 15:38:08","2025-01-04 15:38:08"
"1155","946","n.a","98","2025-01-04 15:38:08","2025-01-04 15:38:08"
"1156","941","n.r","98","2025-01-04 18:24:44","2025-01-04 18:24:44"
"1157","964","line busy","98","2025-01-04 18:26:04","2025-01-04 18:26:04"
"1158","929","powered off","98","2025-01-04 18:27:58","2025-01-04 18:27:58"
"1161","1103","n.a","98","2025-01-04 18:36:39","2025-01-04 18:36:39"
"1162","1090","n.a","98","2025-01-04 18:39:42","2025-01-04 18:39:42"
"1163","1086","n.r","98","2025-01-04 18:41:30","2025-01-04 18:41:30"
"1164","1079","n.a","98","2025-01-04 18:45:08","2025-01-04 18:45:08"
"1165","1077","n.r","98","2025-01-04 18:46:47","2025-01-04 18:46:47"
"1166","1076","n.a","98","2025-01-04 18:48:44","2025-01-04 18:48:44"
"1167","1069","n.r","98","2025-01-04 18:50:35","2025-01-04 18:50:35"
"1168","1038","powered off","98","2025-01-04 18:52:02","2025-01-04 18:52:02"
"1169","1048","n.r","98","2025-01-04 18:57:13","2025-01-04 18:57:13"
"1170","1036","n.a","98","2025-01-04 18:58:28","2025-01-04 18:58:28"
"1171","996","powered off","98","2025-01-06 14:29:41","2025-01-06 14:29:41"
"1173","1081","n.r","98","2025-01-06 14:33:17","2025-01-06 14:33:17"
"1174","968","n.a","98","2025-01-06 14:35:50","2025-01-06 14:35:50"
"1176","965","n.a","98","2025-01-06 14:38:53","2025-01-06 14:38:53"
"1177","962","n.r","98","2025-01-06 14:40:47","2025-01-06 14:40:47"
"1178","977","n.r","98","2025-01-06 14:46:22","2025-01-06 14:46:22"
"1179","1018","n.r","98","2025-01-06 14:47:47","2025-01-06 14:47:47"
"1180","1066","send proposal again","98","2025-01-06 14:51:22","2025-01-06 14:51:22"
"1181","1061","n.r","98","2025-01-06 14:59:03","2025-01-06 14:59:03"
"1182","1074","n.r","98","2025-01-06 15:00:47","2025-01-06 15:00:47"
"1183","924","powered off","98","2025-01-06 15:04:59","2025-01-06 15:04:59"
"1184","950","n.r","98","2025-01-06 15:08:04","2025-01-06 15:08:04"
"1185","930","powered off","98","2025-01-06 15:09:40","2025-01-06 15:09:40"
"1186","922","n.r","98","2025-01-06 15:11:20","2025-01-06 15:11:20"
"1187","926","n.r","98","2025-01-06 15:15:52","2025-01-06 15:15:52"
"1189","949","line busy","98","2025-01-06 15:18:37","2025-01-06 15:18:37"
"1190","946","n.a","98","2025-01-06 15:21:03","2025-01-06 15:21:03"
"1191","941","n.r","98","2025-01-06 15:23:40","2025-01-06 15:23:40"
"1192","964","line busy","98","2025-01-06 15:25:26","2025-01-06 15:25:26"
"1193","929","powered off","98","2025-01-06 15:28:03","2025-01-06 15:28:03"
"1194","1103","n.a","98","2025-01-06 15:42:41","2025-01-06 15:42:41"
"1195","1083","line busy, he will call back","98","2025-01-06 15:56:26","2025-01-06 15:56:26"
"1196","1079","n.a","98","2025-01-06 16:05:36","2025-01-06 16:05:36"
"1197","1077","n.r","98","2025-01-06 16:36:48","2025-01-06 16:36:48"
"1198","1077","n.r","98","2025-01-06 16:36:48","2025-01-06 16:36:48"
"1199","1076","n.r","98","2025-01-06 16:39:40","2025-01-06 16:39:40"
"1200","1069","n.r","98","2025-01-06 16:41:37","2025-01-06 16:41:37"
"1201","1038","powered off","98","2025-01-06 16:43:30","2025-01-06 16:43:30"
"1202","1048","powered off","98","2025-01-06 16:45:38","2025-01-06 16:45:38"
"1203","1036","n.r","98","2025-01-06 16:46:58","2025-01-06 16:46:58"
"1204","1027","he wil check the proposal and will respond back","98","2025-01-06 18:42:40","2025-01-06 18:42:40"
"1205","1022","n.r","98","2025-01-06 18:45:14","2025-01-06 18:45:14"
"1207","1019","powered off","98","2025-01-06 18:48:07","2025-01-06 18:48:07"
"1208","1015","powered off","98","2025-01-06 19:03:18","2025-01-06 19:03:18"
"1209","1014","n.r","98","2025-01-06 19:04:52","2025-01-06 19:04:52"
"1210","1014","n.r","98","2025-01-06 19:04:52","2025-01-06 19:04:52"
"1212","1012","n.a","98","2025-01-06 19:13:32","2025-01-06 19:13:32"
"1213","1011","powered off","98","2025-01-06 19:16:14","2025-01-06 19:16:14"
"1214","998","n.r","98","2025-01-06 19:20:52","2025-01-06 19:20:52"
"1215","988","powered off","98","2025-01-06 19:29:15","2025-01-06 19:29:15"
"1217","958","n.r","98","2025-01-06 19:32:09","2025-01-06 19:32:09"
"1218","1441","powered off","98","2025-01-06 19:33:37","2025-01-06 19:33:37"
"1219","1437","n.r","98","2025-01-06 19:35:22","2025-01-06 19:35:22"
"1220","1436","powered off","98","2025-01-06 19:36:46","2025-01-06 19:36:46"
"1222","1111","number is busy right now","98","2025-01-07 18:46:06","2025-01-07 18:46:06"
"1224","1440","n.a","98","2025-01-07 18:48:36","2025-01-07 18:48:36"
"1230","1067","n.r","98","2025-01-07 18:54:27","2025-01-07 18:54:27"
"1231","1047","n.a","98","2025-01-07 18:57:07","2025-01-07 18:57:07"
"1232","972","n.a","98","2025-01-07 19:04:02","2025-01-07 19:04:02"
"1233","923","line busy","98","2025-01-07 19:05:25","2025-01-07 19:05:25"
"1237","1070","proposal  was sent by yesterday, call not answered today","98","2025-01-08 14:44:19","2025-01-08 14:44:19"
"1238","996","powered off","98","2025-01-08 14:46:40","2025-01-08 14:46:40"
"1239","920","line busy","98","2025-01-08 15:00:34","2025-01-08 15:00:34"
"1242","1081","n.a","98","2025-01-08 15:19:07","2025-01-08 15:19:07"
"1243","968","powered off","98","2025-01-08 15:21:45","2025-01-08 15:21:45"
"1245","962","n.r","98","2025-01-08 15:55:35","2025-01-08 15:55:35"
"1246","962","n.r","98","2025-01-08 15:55:35","2025-01-08 15:55:35"
"1247","977","n.r","98","2025-01-08 15:56:26","2025-01-08 15:56:26"
"1248","977","n.r","98","2025-01-08 15:56:26","2025-01-08 15:56:26"
"1249","1018","n.r","98","2025-01-08 15:57:26","2025-01-08 15:57:26"
"1250","1066","powered off","98","2025-01-08 15:58:48","2025-01-08 15:58:48"
"1251","1066","powered off","98","2025-01-08 15:58:48","2025-01-08 15:58:48"
"1252","1061","n.r","98","2025-01-08 15:59:27","2025-01-08 15:59:27"
"1253","1061","n.r","98","2025-01-08 16:00:37","2025-01-08 16:00:37"
"1254","1061","n.r","98","2025-01-08 16:00:38","2025-01-08 16:00:38"
"1255","1074","n.r","98","2025-01-08 16:01:42","2025-01-08 16:01:42"
"1256","924","powered off","98","2025-01-08 16:02:20","2025-01-08 16:02:20"
"1257","1074","n.r","98","2025-01-08 16:03:16","2025-01-08 16:03:16"
"1258","1083","Their scale of operations is not large so they are not interested in ERP system as of now, but client was convinced that he should explore our product as we are not expecting commitment, meeting was done at 11:30. Cleint has shared details of software with senior management, if required they will contact in future","106","2025-01-08 16:03:20","2025-01-08 16:03:20"
"1259","950","n.r","98","2025-01-08 16:03:55","2025-01-08 16:03:55"
"1260","930","powered off","98","2025-01-08 16:10:50","2025-01-08 16:10:50"
"1261","922","n.r","98","2025-01-08 16:17:44","2025-01-08 16:17:44"
"1262","922","n.r","98","2025-01-08 16:17:44","2025-01-08 16:17:44"
"1263","926","line busy","98","2025-01-08 16:18:51","2025-01-08 16:18:51"
"1264","926","line busy","98","2025-01-08 16:18:51","2025-01-08 16:18:51"
"1268","949","powered off","98","2025-01-08 16:21:05","2025-01-08 16:21:05"
"1269","949","powered off","98","2025-01-08 16:21:05","2025-01-08 16:21:05"
"1270","946","n.r","98","2025-01-08 16:23:20","2025-01-08 16:23:20"
"1271","941","n.r","98","2025-01-08 16:29:25","2025-01-08 16:29:25"
"1272","929","powered off","98","2025-01-08 16:31:02","2025-01-08 16:31:02"
"1273","1103","n.a","98","2025-01-08 16:32:35","2025-01-08 16:32:35"
"1274","1103","n.a","98","2025-01-08 16:32:35","2025-01-08 16:32:35"
"1275","1090","n.a","98","2025-01-08 16:35:49","2025-01-08 16:35:49"
"1276","1086","n.a","98","2025-01-08 16:37:25","2025-01-08 16:37:25"
"1277","1078","n.r","98","2025-01-08 16:40:09","2025-01-08 16:40:09"
"1278","1077","powered off","98","2025-01-08 16:40:50","2025-01-08 16:40:50"
"1279","1077","powered off","98","2025-01-08 16:40:50","2025-01-08 16:40:50"
"1280","1076","n.r","98","2025-01-08 16:42:43","2025-01-08 16:42:43"
"1281","1076","n.r","98","2025-01-08 16:42:43","2025-01-08 16:42:43"
"1282","1069","n.r","98","2025-01-08 16:43:41","2025-01-08 16:43:41"
"1283","1276","Point of contact Salamat Ali said that demo account was shared with his  team and their feedback was positive.
currently they are using Odoo ERP, and it fulfills their current requirements,  if any additional needs arise in the future, they will certainly reach out.","106","2025-01-08 18:00:25","2025-01-08 18:00:25"
"1284","1048","powered off","98","2025-01-08 18:42:22","2025-01-08 18:42:22"
"1285","1048","powered off","98","2025-01-08 18:42:22","2025-01-08 18:42:22"
"1286","1036","line busy/n.a","98","2025-01-08 18:43:58","2025-01-08 18:43:58"
"1287","1036","line busy/n.a","98","2025-01-08 18:43:58","2025-01-08 18:43:58"
"1288","1034","n.r","98","2025-01-08 18:45:00","2025-01-08 18:45:00"
"1289","1034","n.r","98","2025-01-08 18:45:00","2025-01-08 18:45:00"
"1290","1029","powered off","98","2025-01-08 18:46:14","2025-01-08 18:46:14"
"1291","1029","powered off","98","2025-01-08 18:46:14","2025-01-08 18:46:14"
"1292","1027","right now he is busy,call at next week","98","2025-01-08 18:48:00","2025-01-08 18:48:00"
"1293","1022","n.r","98","2025-01-08 18:48:52","2025-01-08 18:48:52"
"1294","1022","n.r","98","2025-01-08 18:48:52","2025-01-08 18:48:52"
"1295","1022","n.r","98","2025-01-08 18:48:52","2025-01-08 18:48:52"
"1299","1019","powered off","98","2025-01-08 18:51:23","2025-01-08 18:51:23"
"1300","1019","powered off","98","2025-01-08 18:51:23","2025-01-08 18:51:23"
"1301","1015","powered off","98","2025-01-08 18:57:04","2025-01-08 18:57:04"
"1302","1014","n.r","98","2025-01-08 18:57:44","2025-01-08 18:57:44"
"1305","1011","n.a","98","2025-01-08 19:02:22","2025-01-08 19:02:22"
"1306","1011","n.a","98","2025-01-08 19:02:22","2025-01-08 19:02:22"
"1307","998","n.r","98","2025-01-08 19:10:03","2025-01-08 19:10:03"
"1308","988","n.r","98","2025-01-08 19:12:13","2025-01-08 19:12:13"
"1310","958","n.r","98","2025-01-08 19:15:16","2025-01-08 19:15:16"
"1311","958","n.r","98","2025-01-08 19:15:16","2025-01-08 19:15:16"
"1312","1441","powered off","98","2025-01-08 19:16:06","2025-01-08 19:16:06"
"1313","1439","email proposal again","98","2025-01-08 19:19:57","2025-01-08 19:19:57"
"1314","1012","n.a","98","2025-01-08 19:23:51","2025-01-08 19:23:51"
"1315","1437","n.r","98","2025-01-08 19:26:22","2025-01-08 19:26:22"
"1316","1437","n.r","98","2025-01-08 19:26:22","2025-01-08 19:26:22"
"1317","1436","powered off","98","2025-01-08 19:28:51","2025-01-08 19:28:51"
"1322","1284","powered off","98","2025-01-08 19:39:34","2025-01-08 19:39:34"
"1323","933","powered off","98","2025-01-08 19:40:39","2025-01-08 19:40:39"
"1324","933","powered off","98","2025-01-08 19:40:39","2025-01-08 19:40:39"
"1327","1443","proposal send and meeting scheduled","98","2025-01-09 13:51:16","2025-01-09 13:51:16"
"1328","1366","meeting not attended by crown support","98","2025-01-09 14:09:01","2025-01-09 14:09:01"
"1329","1070","line busy","98","2025-01-09 14:44:33","2025-01-09 14:44:33"
"1330","1070","line busy","98","2025-01-09 14:44:33","2025-01-09 14:44:33"
"1331","1086","call at monday for meeting","98","2025-01-09 14:47:36","2025-01-09 14:47:36"
"1332","1066","n.a","98","2025-01-09 14:52:54","2025-01-09 14:52:54"
"1333","996","powered off","98","2025-01-09 14:54:09","2025-01-09 14:54:09"
"1337","1081","powered off","98","2025-01-09 14:56:12","2025-01-09 14:56:12"
"1338","1081","powered off","98","2025-01-09 14:56:12","2025-01-09 14:56:12"
"1339","968","n.r","98","2025-01-09 14:57:35","2025-01-09 14:57:35"
"1340","968","n.r","98","2025-01-09 14:57:35","2025-01-09 14:57:35"
"1343","965","send proposal again","98","2025-01-09 16:04:29","2025-01-09 16:04:29"
"1344","962","n.a","98","2025-01-09 16:11:29","2025-01-09 16:11:29"
"1345","962","n.a","98","2025-01-09 16:11:29","2025-01-09 16:11:29"
"1346","977","n.r","98","2025-01-09 16:25:41","2025-01-09 16:25:41"
"1347","977","n.r","98","2025-01-09 16:25:41","2025-01-09 16:25:41"
"1348","1018","n.r","98","2025-01-09 16:26:58","2025-01-09 16:26:58"
"1349","1061","n.r","98","2025-01-09 16:28:10","2025-01-09 16:28:10"
"1350","1074","powered off","98","2025-01-09 16:28:47","2025-01-09 16:28:47"
"1351","924","powered off","98","2025-01-09 16:29:37","2025-01-09 16:29:37"
"1352","950","n.r","98","2025-01-09 16:30:27","2025-01-09 16:30:27"
"1353","950","n.r","98","2025-01-09 16:30:28","2025-01-09 16:30:28"
"1354","930","powered off","98","2025-01-09 16:34:33","2025-01-09 16:34:33"
"1355","922","n.r","98","2025-01-09 16:36:35","2025-01-09 16:36:35"
"1356","922","n.r","98","2025-01-09 16:36:35","2025-01-09 16:36:35"
"1357","926","line busy","98","2025-01-09 16:37:26","2025-01-09 16:37:26"
"1360","949","line busy","98","2025-01-09 16:39:16","2025-01-09 16:39:16"
"1361","949","line busy","98","2025-01-09 16:39:17","2025-01-09 16:39:17"
"1364","946","n.r","98","2025-01-09 16:41:56","2025-01-09 16:41:56"
"1365","941","n.r","98","2025-01-09 16:42:56","2025-01-09 16:42:56"
"1366","964","n.a","98","2025-01-09 16:44:17","2025-01-09 16:44:17"
"1367","929","powered off","98","2025-01-09 16:45:10","2025-01-09 16:45:10"
"1368","929","powered off","98","2025-01-09 16:45:10","2025-01-09 16:45:10"
"1369","1103","n.a","98","2025-01-09 18:21:08","2025-01-09 18:21:08"
"1370","1090","n.a","98","2025-01-09 18:23:08","2025-01-09 18:23:08"
"1371","1079","powered off","98","2025-01-09 18:33:05","2025-01-09 18:33:05"
"1372","1078","n.r","98","2025-01-09 18:35:26","2025-01-09 18:35:26"
"1373","1077","n.r","98","2025-01-09 18:36:42","2025-01-09 18:36:42"
"1374","1077","n.r","98","2025-01-09 18:36:42","2025-01-09 18:36:42"
"1375","1076","n.a","98","2025-01-09 18:40:00","2025-01-09 18:40:00"
"1376","1069","n.r","98","2025-01-09 18:43:37","2025-01-09 18:43:37"
"1377","1069","n.r","98","2025-01-09 18:43:37","2025-01-09 18:43:37"
"1378","1038","not interested right now,","98","2025-01-09 18:47:08","2025-01-09 18:47:08"
"1379","1036","line busy","98","2025-01-09 18:54:38","2025-01-09 18:54:38"
"1380","1036","line busy","98","2025-01-09 18:54:38","2025-01-09 18:54:38"
"1381","1034","n.a","98","2025-01-09 18:55:36","2025-01-09 18:55:36"
"1382","1034","n.a","98","2025-01-09 18:55:37","2025-01-09 18:55:37"
"1383","1034","n.a","98","2025-01-09 18:55:37","2025-01-09 18:55:37"
"1384","1029","powered off","98","2025-01-09 18:56:44","2025-01-09 18:56:44"
"1385","1022","n.r","98","2025-01-09 19:03:21","2025-01-09 19:03:21"
"1387","1019","powered off","98","2025-01-09 19:13:03","2025-01-09 19:13:03"
"1388","1015","powered off","98","2025-01-09 19:15:45","2025-01-09 19:15:45"
"1389","1014","n.r","98","2025-01-09 19:50:58","2025-01-09 19:50:58"
"1391","1012","line busy","98","2025-01-09 19:53:48","2025-01-09 19:53:48"
"1392","1012","line busy","98","2025-01-09 19:53:48","2025-01-09 19:53:48"
"1393","1011","powered off","98","2025-01-09 19:54:37","2025-01-09 19:54:37"
"1394","1011","powered off","98","2025-01-09 19:54:37","2025-01-09 19:54:37"
"1395","998","n.r","98","2025-01-09 19:55:22","2025-01-09 19:55:22"
"1396","998","n.r","98","2025-01-09 19:55:22","2025-01-09 19:55:22"
"1397","1297","Using another ERP, Currently have no plans of exploring another software option","106","2025-01-10 13:51:41","2025-01-10 13:51:41"
"1398","1088","call at monday for meeting","98","2025-01-10 14:38:10","2025-01-10 14:38:10"
"1399","1284","powered off","98","2025-01-10 14:43:31","2025-01-10 14:43:31"
"1400","1284","powered off","98","2025-01-10 14:43:31","2025-01-10 14:43:31"
"1402","933","he sent some queries on email, but complained he didn't received any response
contacted on WhatsApp ask to share queries on WhatsApp, will answer them asap","98","2025-01-10 14:59:52","2025-01-10 14:59:52"
"1404","1106","n.a","98","2025-01-10 15:05:30","2025-01-10 15:05:30"
"1405","1112","call again at 2nd half","98","2025-01-10 15:07:44","2025-01-10 15:07:44"
"1406","918","n.r","98","2025-01-10 15:09:43","2025-01-10 15:09:43"
"1407","980","he was busy, he didn't check the demo account, send again the demo account credentials.","98","2025-01-10 15:14:04","2025-01-10 15:14:04"
"1408","1039","n.a","98","2025-01-10 15:23:21","2025-01-10 15:23:21"
"1411","932","n.a","98","2025-01-10 15:51:34","2025-01-10 15:51:34"
"1412","996","powered off","98","2025-01-10 15:52:42","2025-01-10 15:52:42"
"1413","996","powered off","98","2025-01-10 15:52:42","2025-01-10 15:52:42"
"1414","920","he is busy right now, call again at 2nd half","98","2025-01-10 15:56:17","2025-01-10 15:56:17"
"1418","1081","n.a","98","2025-01-10 15:58:33","2025-01-10 15:58:33"
"1419","1081","n.a","98","2025-01-10 15:58:33","2025-01-10 15:58:33"
"1420","968","n.a","98","2025-01-10 16:00:21","2025-01-10 16:00:21"
"1422","962","line busy","98","2025-01-10 16:07:01","2025-01-10 16:07:01"
"1423","977","n.r","98","2025-01-10 16:08:02","2025-01-10 16:08:02"
"1424","1018","n.a","98","2025-01-10 16:09:01","2025-01-10 16:09:01"
"1425","1066","n.a","98","2025-01-10 16:12:48","2025-01-10 16:12:48"
"1426","1061","n.r","98","2025-01-10 16:14:26","2025-01-10 16:14:26"
"1427","1074","powered off","98","2025-01-10 16:15:18","2025-01-10 16:15:18"
"1428","924","powered off","98","2025-01-10 16:22:56","2025-01-10 16:22:56"
"1429","950","n.r","98","2025-01-10 16:23:42","2025-01-10 16:23:42"
"1430","930","powered off","98","2025-01-10 16:24:41","2025-01-10 16:24:41"
"1431","922","n.r","98","2025-01-10 16:26:07","2025-01-10 16:26:07"
"1433","949","line busy","98","2025-01-10 16:30:02","2025-01-10 16:30:02"
"1434","946","n.a","98","2025-01-10 18:30:05","2025-01-10 18:30:05"
"1435","941","n.r","98","2025-01-10 18:31:19","2025-01-10 18:31:19"
"1436","929","powered off","98","2025-01-10 18:43:34","2025-01-10 18:43:34"
"1437","1292","n.r","98","2025-01-10 18:50:02","2025-01-10 18:50:02"
"1439","1039","established coworking space around 2 years ago, but he has another company for which he has customize the software and he does not require our ERP convince to at least explore our software. Ask to share demo acount.","98","2025-01-10 19:16:32","2025-01-10 19:16:32"
"1442","1086","he is busy today, call tomorrow for meeting","98","2025-01-13 14:43:07","2025-01-13 14:43:07"
"1443","920","not answering","98","2025-01-13 14:45:47","2025-01-13 14:45:47"
"1445","1088","meeting scheduled at 5 o'clock","98","2025-01-13 14:53:28","2025-01-13 14:53:28"
"1446","920","number busy","98","2025-01-13 15:31:56","2025-01-13 15:31:56"
"1447","1284","powered off","98","2025-01-13 15:38:26","2025-01-13 15:38:26"
"1449","933","n.r","98","2025-01-13 15:44:56","2025-01-13 15:44:56"
"1450","1106","n.a","98","2025-01-13 15:47:10","2025-01-13 15:47:10"
"1451","1112","n.r","98","2025-01-13 15:48:40","2025-01-13 15:48:40"
"1452","918","launchpad coworking space is closed, now they have opened  a new coworking space  with the name of moosh coworking space, setup is new,they will contact us after some time, currently they were not using any software, but in future they will use a software, they will contact us,
follow up after some time,","98","2025-01-13 15:59:17","2025-01-13 15:59:17"
"1453","1087","not answering now","98","2025-01-13 16:02:28","2025-01-13 16:02:28"
"1454","1050","not answering","98","2025-01-13 16:10:32","2025-01-13 16:10:32"
"1455","1292","not answering","98","2025-01-13 16:14:55","2025-01-13 16:14:55"
"1459","996","powered off","98","2025-01-13 18:30:41","2025-01-13 18:30:41"
"1460","1081","powered off","98","2025-01-13 18:32:48","2025-01-13 18:32:48"
"1461","968","n.r","98","2025-01-13 18:34:01","2025-01-13 18:34:01"
"1462","965","not answering","98","2025-01-13 18:35:47","2025-01-13 18:35:47"
"1463","962","powered off","98","2025-01-13 18:37:08","2025-01-13 18:37:08"
"1464","977","n.r","98","2025-01-13 18:38:14","2025-01-13 18:38:14"
"1465","1066","not answering","98","2025-01-13 18:50:44","2025-01-13 18:50:44"
"1466","1061","n.r","98","2025-01-13 18:51:58","2025-01-13 18:51:58"
"1467","1061","n.r","98","2025-01-13 18:51:58","2025-01-13 18:51:58"
"1468","1074","n.r","98","2025-01-13 18:53:18","2025-01-13 18:53:18"
"1469","1074","n.r","98","2025-01-13 18:53:18","2025-01-13 18:53:18"
"1470","924","powered off","98","2025-01-13 18:57:04","2025-01-13 18:57:04"
"1471","950","n.r","98","2025-01-13 18:58:17","2025-01-13 18:58:17"
"1472","930","powered off","98","2025-01-13 18:59:49","2025-01-13 18:59:49"
"1473","922","n.r","98","2025-01-13 19:01:43","2025-01-13 19:01:43"
"1474","922","n.r","98","2025-01-13 19:01:43","2025-01-13 19:01:43"
"1475","926","line busy","98","2025-01-13 19:03:00","2025-01-13 19:03:00"
"1477","949","n.r","98","2025-01-13 19:06:14","2025-01-13 19:06:14"
"1478","946","they will inform us on WhatsApp ,right now they are busy","98","2025-01-13 19:11:08","2025-01-13 19:11:08"
"1479","941","n.r","98","2025-01-13 19:12:28","2025-01-13 19:12:28"
"1480","964","n.a","98","2025-01-13 19:15:02","2025-01-13 19:15:02"
"1481","929","powered off","98","2025-01-13 19:16:48","2025-01-13 19:16:48"
"1482","1103","n.a","98","2025-01-13 19:18:29","2025-01-13 19:18:29"
"1483","1292","not answering","98","2025-01-14 14:30:40","2025-01-14 14:30:40"
"1486","1284","powered off","98","2025-01-14 14:39:05","2025-01-14 14:39:05"
"1488","1106","powered off","98","2025-01-14 14:42:25","2025-01-14 14:42:25"
"1489","1112","meeting scheduled tomorrow at 5:30 pm","98","2025-01-14 14:46:14","2025-01-14 14:46:14"
"1490","965","line busy now","98","2025-01-14 14:51:53","2025-01-14 14:51:53"
"1491","965","line busy now","98","2025-01-14 14:51:53","2025-01-14 14:51:53"
"1492","1087","not answering","98","2025-01-14 14:58:59","2025-01-14 14:58:59"
"1493","1050","not answering","98","2025-01-14 15:13:06","2025-01-14 15:13:06"
"1496","996","powered off","98","2025-01-14 15:17:30","2025-01-14 15:17:30"
"1497","920","number busy","98","2025-01-14 15:19:31","2025-01-14 15:19:31"
"1498","1081","powered off","98","2025-01-14 15:20:54","2025-01-14 15:20:54"
"1499","968","n.r","98","2025-01-14 15:36:11","2025-01-14 15:36:11"
"1501","962","n.r","98","2025-01-14 15:39:14","2025-01-14 15:39:14"
"1502","977","n.r","98","2025-01-14 15:40:35","2025-01-14 15:40:35"
"1503","1066","not answering","98","2025-01-14 15:42:46","2025-01-14 15:42:46"
"1504","1066","not answering","98","2025-01-14 15:42:46","2025-01-14 15:42:46"
"1505","1061","n.r","98","2025-01-14 16:11:51","2025-01-14 16:11:51"
"1506","924","powered off","98","2025-01-14 16:16:04","2025-01-14 16:16:04"
"1507","950","n.r","98","2025-01-14 16:17:46","2025-01-14 16:17:46"
"1508","930","powered off","98","2025-01-14 16:18:51","2025-01-14 16:18:51"
"1509","922","n.r","98","2025-01-14 16:20:18","2025-01-14 16:20:18"
"1511","1292","not answering","98","2025-01-14 18:21:55","2025-01-14 18:21:55"
"1512","1284","powered off","98","2025-01-14 18:23:59","2025-01-14 18:23:59"
"1514","933","n.r","98","2025-01-14 18:27:13","2025-01-14 18:27:13"
"1515","941","n.r","98","2025-01-14 18:46:41","2025-01-14 18:46:41"
"1516","964","powered off","98","2025-01-14 18:50:38","2025-01-14 18:50:38"
"1517","929","powered off","98","2025-01-14 19:00:33","2025-01-14 19:00:33"
"1518","1086","line busy","98","2025-01-14 19:10:58","2025-01-14 19:10:58"
"1519","1077","n.r","98","2025-01-14 19:19:28","2025-01-14 19:19:28"
"1520","1076","line busy","98","2025-01-14 19:20:38","2025-01-14 19:20:38"
"1521","1048","company closed","98","2025-01-14 19:28:09","2025-01-14 19:28:09"
"1523","1088","Modules of software were explained through website, demo account was shared","106","2025-01-14 20:11:12","2025-01-14 20:11:12"
"1524","1292","n.r","98","2025-01-15 14:35:02","2025-01-15 14:35:02"
"1525","1292","n.r","98","2025-01-15 14:35:02","2025-01-15 14:35:02"
"1526","1284","powered off","98","2025-01-15 14:37:15","2025-01-15 14:37:15"
"1528","933","n.r","98","2025-01-15 14:42:50","2025-01-15 14:42:50"
"1529","933","n.r","98","2025-01-15 14:42:50","2025-01-15 14:42:50"
"1530","1106","n.r","98","2025-01-15 14:44:38","2025-01-15 14:44:38"
"1531","1087","n.r","98","2025-01-15 14:46:52","2025-01-15 14:46:52"
"1532","980","n.a","98","2025-01-15 14:49:58","2025-01-15 14:49:58"
"1533","1066","n.a","98","2025-01-15 14:52:26","2025-01-15 14:52:26"
"1534","1066","n.a","98","2025-01-15 14:52:26","2025-01-15 14:52:26"
"1535","924","powered off","98","2025-01-15 14:53:36","2025-01-15 14:53:36"
"1536","950","n.r","98","2025-01-15 14:56:36","2025-01-15 14:56:36"
"1537","950","n.r","98","2025-01-15 14:56:36","2025-01-15 14:56:36"
"1538","930","powered off","98","2025-01-15 14:57:40","2025-01-15 14:57:40"
"1539","930","powered off","98","2025-01-15 14:57:40","2025-01-15 14:57:40"
"1540","922","n.r","98","2025-01-15 15:01:05","2025-01-15 15:01:05"
"1541","922","n.r","98","2025-01-15 15:01:05","2025-01-15 15:01:05"
"1544","1087","n.a","98","2025-01-15 15:11:56","2025-01-15 15:11:56"
"1545","949","n.r","98","2025-01-15 15:49:27","2025-01-15 15:49:27"
"1546","941","n.r","98","2025-01-15 15:59:38","2025-01-15 15:59:38"
"1547","964","send proposal at 3 december","98","2025-01-15 16:03:08","2025-01-15 16:03:08"
"1548","964","he will inform us at whatsapp","98","2025-01-15 16:03:30","2025-01-15 16:03:30"
"1549","1070","line busy","98","2025-01-15 16:13:36","2025-01-15 16:13:36"
"1550","1005","n.a","98","2025-01-15 16:38:12","2025-01-15 16:38:12"
"1552","1103","n.a","98","2025-01-15 18:28:30","2025-01-15 18:28:30"
"1553","1443","powered off","98","2025-01-15 18:35:09","2025-01-15 18:35:09"
"1554","1022","n.r","98","2025-01-15 18:52:09","2025-01-15 18:52:09"
"1556","1019","powered off","98","2025-01-15 18:55:20","2025-01-15 18:55:20"
"1557","1019","powered off","98","2025-01-15 18:55:20","2025-01-15 18:55:20"
"1558","1015","powered off","98","2025-01-15 18:57:04","2025-01-15 18:57:04"
"1559","1014","n.r","98","2025-01-15 18:58:28","2025-01-15 18:58:28"
"1562","1012","n.r","98","2025-01-15 19:03:08","2025-01-15 19:03:08"
"1563","1012","n.r","98","2025-01-15 19:03:08","2025-01-15 19:03:08"
"1564","1011","powered off","98","2025-01-15 19:13:02","2025-01-15 19:13:02"
"1565","1011","powered off","98","2025-01-15 19:13:02","2025-01-15 19:13:02"
"1566","998","n.r","98","2025-01-15 19:14:26","2025-01-15 19:14:26"
"1567","988","powered off","98","2025-01-15 19:15:57","2025-01-15 19:15:57"
"1568","988","powered off","98","2025-01-15 19:15:57","2025-01-15 19:15:57"
"1569","958","n.r","98","2025-01-15 19:19:55","2025-01-15 19:19:55"
"1570","1292","n.a","98","2025-01-16 14:28:25","2025-01-16 14:28:25"
"1571","1284","powered off","98","2025-01-16 14:31:07","2025-01-16 14:31:07"
"1573","933","n.r","98","2025-01-16 14:35:12","2025-01-16 14:35:12"
"1574","1106","n.r","98","2025-01-16 14:36:59","2025-01-16 14:36:59"
"1575","1087","n.a","98","2025-01-16 14:39:43","2025-01-16 14:39:43"
"1576","980","He will give a feedback when he get free,","98","2025-01-16 14:47:00","2025-01-16 14:47:00"
"1577","1050","n.a","98","2025-01-16 14:50:44","2025-01-16 14:50:44"
"1579","996","powered off","98","2025-01-16 14:54:43","2025-01-16 14:54:43"
"1580","920","n.a","98","2025-01-16 14:56:59","2025-01-16 14:56:59"
"1582","1081","powered off","98","2025-01-16 14:59:51","2025-01-16 14:59:51"
"1583","968","n.r","98","2025-01-16 15:07:10","2025-01-16 15:07:10"
"1585","965","powered off","98","2025-01-16 15:11:55","2025-01-16 15:11:55"
"1586","962","n.r","98","2025-01-16 15:13:53","2025-01-16 15:13:53"
"1587","1018","line busy now","98","2025-01-16 15:15:43","2025-01-16 15:15:43"
"1588","1066","n.a","98","2025-01-16 15:18:27","2025-01-16 15:18:27"
"1589","1061","n.r","98","2025-01-16 15:20:26","2025-01-16 15:20:26"
"1590","1292","line busy","98","2025-01-17 14:27:24","2025-01-17 14:27:24"
"1591","1284","powered off","98","2025-01-17 14:29:51","2025-01-17 14:29:51"
"1592","1284","powered off","98","2025-01-17 14:29:52","2025-01-17 14:29:52"
"1594","933","n.r","98","2025-01-17 14:33:26","2025-01-17 14:33:26"
"1596","1106","powered off","98","2025-01-17 14:36:31","2025-01-17 14:36:31"
"1597","1087","n.a","98","2025-01-17 14:39:25","2025-01-17 14:39:25"
"1598","1050","n.a","98","2025-01-17 14:42:17","2025-01-17 14:42:17"
"1600","980","he will discuss with his partners ,right now they are busy, they are busy in opening of new branch ,they will contact at march .","98","2025-01-17 14:49:21","2025-01-17 14:49:21"
"1601","996","powered off","98","2025-01-17 14:50:41","2025-01-17 14:50:41"
"1602","920","n.a","98","2025-01-17 14:53:02","2025-01-17 14:53:02"
"1603","1081","powered off","98","2025-01-17 14:55:31","2025-01-17 14:55:31"
"1604","968","line busy","98","2025-01-17 14:57:28","2025-01-17 14:57:28"
"1606","965","line busy","98","2025-01-17 15:00:32","2025-01-17 15:00:32"
"1607","962","n.r","98","2025-01-17 15:03:07","2025-01-17 15:03:07"
"1608","977","n.r","98","2025-01-17 15:04:36","2025-01-17 15:04:36"
"1609","1018","n.r","98","2025-01-17 15:05:31","2025-01-17 15:05:31"
"1610","1066","n.a","98","2025-01-17 15:14:25","2025-01-17 15:14:25"
"1611","1061","n.r","98","2025-01-17 15:16:17","2025-01-17 15:16:17"
"1612","1074","n.r","98","2025-01-17 15:17:56","2025-01-17 15:17:56"
"1613","1074","n.r","98","2025-01-17 15:17:56","2025-01-17 15:17:56"
"1614","924","powered off","98","2025-01-17 15:19:04","2025-01-17 15:19:04"
"1615","950","n.r","98","2025-01-17 15:20:57","2025-01-17 15:20:57"
"1616","950","n.r","98","2025-01-17 15:20:57","2025-01-17 15:20:57"
"1617","950","n.r","98","2025-01-17 15:22:05","2025-01-17 15:22:05"
"1618","930","powered off","98","2025-01-17 15:23:24","2025-01-17 15:23:24"
"1619","922","n.r","98","2025-01-17 15:25:13","2025-01-17 15:25:13"
"1620","926","line busy","98","2025-01-17 15:26:36","2025-01-17 15:26:36"
"1621","926","line busy","98","2025-01-17 15:26:36","2025-01-17 15:26:36"
"1623","949","line busy","98","2025-01-17 15:29:17","2025-01-17 15:29:17"
"1624","1112","powered off","98","2025-01-17 15:31:27","2025-01-17 15:31:27"
"1625","946","n.a","98","2025-01-17 15:38:39","2025-01-17 15:38:39"
"1626","946","n.a","98","2025-01-17 15:38:40","2025-01-17 15:38:40"
"1629","941","n.r","98","2025-01-17 15:41:50","2025-01-17 15:41:50"
"1631","941","n.r","98","2025-01-17 15:47:18","2025-01-17 15:47:18"
"1632","964","n.a","98","2025-01-17 15:49:09","2025-01-17 15:49:09"
"1633","929","powered off","98","2025-01-17 15:51:52","2025-01-17 15:51:52"
"1634","1090","n.a","98","2025-01-17 15:55:10","2025-01-17 15:55:10"
"1635","1078","n.r","98","2025-01-17 18:46:00","2025-01-17 18:46:00"
"1636","1077","powered off","98","2025-01-17 18:47:21","2025-01-17 18:47:21"
"1637","1077","powered off","98","2025-01-17 18:47:21","2025-01-17 18:47:21"
"1638","1076","powered off","98","2025-01-17 18:48:53","2025-01-17 18:48:53"
"1639","1076","powered off","98","2025-01-17 18:48:53","2025-01-17 18:48:53"
"1640","1076","powered off","98","2025-01-17 18:48:53","2025-01-17 18:48:53"
"1641","1069","n.r","98","2025-01-17 18:50:29","2025-01-17 18:50:29"
"1642","1036","n.r","98","2025-01-17 18:52:41","2025-01-17 18:52:41"
"1643","1036","n.r","98","2025-01-17 18:52:41","2025-01-17 18:52:41"
"1644","1034","n.a","98","2025-01-17 18:58:14","2025-01-17 18:58:14"
"1645","1027","line busy","98","2025-01-17 19:04:33","2025-01-17 19:04:33"
"1646","1022","n.r","98","2025-01-17 19:05:46","2025-01-17 19:05:46"
"1647","1022","n.r","98","2025-01-17 19:08:05","2025-01-17 19:08:05"
"1648","1022","n.r","98","2025-01-17 19:08:05","2025-01-17 19:08:05"
"1650","1019","n.a","98","2025-01-17 19:11:51","2025-01-17 19:11:51"
"1651","1015","powered off","98","2025-01-17 19:15:04","2025-01-17 19:15:04"
"1652","1014","n.r","98","2025-01-17 19:16:22","2025-01-17 19:16:22"
"1654","998","n.r","98","2025-01-17 19:36:25","2025-01-17 19:36:25"
"1655","988","powered off","98","2025-01-17 19:38:01","2025-01-17 19:38:01"
"1658","1284","powered off","98","2025-01-20 15:02:35","2025-01-20 15:02:35"
"1660","933","n.r","98","2025-01-20 15:05:06","2025-01-20 15:05:06"
"1661","1106","n.a","98","2025-01-20 15:07:24","2025-01-20 15:07:24"
"1662","1112","not interested","98","2025-01-20 15:09:15","2025-01-20 15:09:15"
"1663","1087","n.r","98","2025-01-20 15:11:37","2025-01-20 15:11:37"
"1665","1226","n.r","98","2025-01-20 15:23:05","2025-01-20 15:23:05"
"1666","1443","n.a","98","2025-01-20 15:25:33","2025-01-20 15:25:33"
"1667","1242","number busy now","98","2025-01-20 15:27:50","2025-01-20 15:27:50"
"1668","1250","n.a","98","2025-01-20 15:31:43","2025-01-20 15:31:43"
"1669","1291","n.r","98","2025-01-20 15:41:50","2025-01-20 15:41:50"
"1670","1304","not interested","98","2025-01-20 15:49:37","2025-01-20 15:49:37"
"1671","1316","n.r","98","2025-01-20 15:59:23","2025-01-20 15:59:23"
"1672","1321","send proposal again","98","2025-01-20 16:09:01","2025-01-20 16:09:01"
"1673","1086","N.R","98","2025-01-20 16:47:35","2025-01-20 16:47:35"
"1674","1086","N.R","98","2025-01-20 16:47:35","2025-01-20 16:47:35"
"1676","1326","line busy","98","2025-01-20 18:40:46","2025-01-20 18:40:46"
"1677","1330","n.r","98","2025-01-20 18:44:02","2025-01-20 18:44:02"
"1678","996","powered off","98","2025-01-20 18:56:42","2025-01-20 18:56:42"
"1679","920","he will discuss with his team and respond back","98","2025-01-20 19:01:37","2025-01-20 19:01:37"
"1680","1081","powered off","98","2025-01-20 19:04:22","2025-01-20 19:04:22"
"1682","965","n.r","98","2025-01-20 19:21:35","2025-01-20 19:21:35"
"1683","965","n.r","98","2025-01-20 19:21:35","2025-01-20 19:21:35"
"1684","962","n.r","98","2025-01-20 19:22:59","2025-01-20 19:22:59"
"1685","1018","n.r","98","2025-01-20 19:31:40","2025-01-20 19:31:40"
"1686","1066","closed","98","2025-01-20 19:34:18","2025-01-20 19:34:18"
"1687","1061","n.r","98","2025-01-20 19:37:14","2025-01-20 19:37:14"
"1688","1443","n.a","98","2025-01-21 14:53:36","2025-01-21 14:53:36"
"1689","1337","n.r","98","2025-01-21 15:02:22","2025-01-21 15:02:22"
"1690","1338","invalid number","98","2025-01-21 15:06:20","2025-01-21 15:06:20"
"1691","1342","n.a","98","2025-01-21 15:09:53","2025-01-21 15:09:53"
"1693","1347","n.a","98","2025-01-21 15:24:55","2025-01-21 15:24:55"
"1694","1353","n.a","98","2025-01-21 15:30:04","2025-01-21 15:30:04"
"1695","1354","n.r","98","2025-01-21 15:32:02","2025-01-21 15:32:02"
"1696","1354","n.r","98","2025-01-21 15:32:02","2025-01-21 15:32:02"
"1697","1355","no need of software,","98","2025-01-21 15:35:06","2025-01-21 15:35:06"
"1698","1356","n.r","98","2025-01-21 15:37:29","2025-01-21 15:37:29"
"1699","1356","n.r","98","2025-01-21 15:37:30","2025-01-21 15:37:30"
"1700","1357","not interested","98","2025-01-21 15:41:01","2025-01-21 15:41:01"
"1701","1357","not interested","98","2025-01-21 15:41:02","2025-01-21 15:41:02"
"1702","1321","n.r","98","2025-01-21 15:55:40","2025-01-21 15:55:40"
"1703","1361","n.a","98","2025-01-21 16:00:25","2025-01-21 16:00:25"
"1704","1361","n.a","98","2025-01-21 16:00:26","2025-01-21 16:00:26"
"1705","1365","n.a","98","2025-01-21 16:13:19","2025-01-21 16:13:19"
"1706","1365","n.a","98","2025-01-21 16:13:19","2025-01-21 16:13:19"
"1707","1359","n.r","98","2025-01-22 14:39:54","2025-01-22 14:39:54"
"1708","1359","n.r","98","2025-01-22 14:39:54","2025-01-22 14:39:54"
"1709","1361","meeting scheduled at friday 4:30 PM","98","2025-01-22 14:47:22","2025-01-22 14:47:22"
"1710","1365","send proposal again","98","2025-01-22 15:00:49","2025-01-22 15:00:49"
"1711","1373","n.a","98","2025-01-22 15:10:56","2025-01-22 15:10:56"
"1712","1373","n.a","98","2025-01-22 15:10:56","2025-01-22 15:10:56"
"1713","1382","n.r","98","2025-01-22 15:14:23","2025-01-22 15:14:23"
"1714","1384","n.a","98","2025-01-22 15:16:38","2025-01-22 15:16:38"
"1715","1384","n.a","98","2025-01-22 15:16:38","2025-01-22 15:16:38"
"1716","1384","n.a","98","2025-01-22 15:16:38","2025-01-22 15:16:38"
"1717","1388","n.a","98","2025-01-22 15:19:22","2025-01-22 15:19:22"
"1718","1389","n.a","98","2025-01-22 15:21:06","2025-01-22 15:21:06"
"1719","1393","he will call us after sometime","98","2025-01-22 15:35:19","2025-01-22 15:35:19"
"1720","1393","he will call us after sometime","98","2025-01-22 15:35:19","2025-01-22 15:35:19"
"1721","1394","powered off","98","2025-01-22 15:37:49","2025-01-22 15:37:49"
"1722","1394","powered off","98","2025-01-22 15:37:50","2025-01-22 15:37:50"
"1725","1401","n.r","98","2025-01-22 15:43:43","2025-01-22 15:43:43"
"1726","1402","line busy","98","2025-01-22 15:44:59","2025-01-22 15:44:59"
"1727","1402","line busy","98","2025-01-22 15:44:59","2025-01-22 15:44:59"
"1728","1404","n.r","98","2025-01-22 16:14:34","2025-01-22 16:14:34"
"1729","1404","n.r","98","2025-01-22 16:14:34","2025-01-22 16:14:34"
"1730","1405","n.r","98","2025-01-22 16:16:25","2025-01-22 16:16:25"
"1731","1405","n.r","98","2025-01-22 16:16:25","2025-01-22 16:16:25"
"1732","1411","n.r","98","2025-01-22 16:19:05","2025-01-22 16:19:05"
"1733","1411","n.r","98","2025-01-22 16:19:06","2025-01-22 16:19:06"
"1734","1412","n.i","98","2025-01-22 16:22:43","2025-01-22 16:22:43"
"1735","1418","n.a","98","2025-01-22 16:28:33","2025-01-22 16:28:33"
"1736","1420","n.r","98","2025-01-22 16:36:12","2025-01-22 16:36:12"
"1737","1420","n.r","98","2025-01-22 16:36:12","2025-01-22 16:36:12"
"1738","1421","n.i","98","2025-01-22 16:38:43","2025-01-22 16:38:43"
"1739","1422","n.r","98","2025-01-22 16:43:27","2025-01-22 16:43:27"
"1740","1422","n.r","98","2025-01-22 16:43:27","2025-01-22 16:43:27"
"1741","1424","powered off","98","2025-01-22 18:28:06","2025-01-22 18:28:06"
"1742","1424","powered off","98","2025-01-22 18:28:06","2025-01-22 18:28:06"
"1743","1425","powered off","98","2025-01-22 18:30:05","2025-01-22 18:30:05"
"1744","1425","powered off","98","2025-01-22 18:30:05","2025-01-22 18:30:05"
"1745","1425","powered off","98","2025-01-22 18:30:05","2025-01-22 18:30:05"
"1746","1426","n.r","98","2025-01-22 18:31:32","2025-01-22 18:31:32"
"1747","1431","n.r","98","2025-01-22 18:57:29","2025-01-22 18:57:29"
"1748","1432","n.a","98","2025-01-22 18:58:41","2025-01-22 18:58:41"
"1749","1432","n.a","98","2025-01-22 18:58:41","2025-01-22 18:58:41"
"1750","1435","powered off","98","2025-01-22 19:02:30","2025-01-22 19:02:30"
"1751","1242","n.r","98","2025-01-22 19:11:22","2025-01-22 19:11:22"
"1752","1242","n.r","98","2025-01-22 19:11:22","2025-01-22 19:11:22"
"1753","1443","he will check and inform us on whatsapp, call again tomorrow if he will not inform us, 
follow up again","98","2025-01-22 19:17:54","2025-01-22 19:17:54"
"1754","1291","n.r","98","2025-01-22 19:24:37","2025-01-22 19:24:37"
"1755","1447","22-nov-2024  powered off
29-nov-2024/still powered off/10:32 am
2-dec-2024/send proposal/10:45 am/3-dec-20254/call after 12/10:52/call aaagain/4-dec-2024/powered off
5-dec-2024/n.a/12:08 pm/7-dec-2024/n.r/3:6 pm/9-dec-2024/powered off/11:00","98","2025-01-22 19:33:14","2025-01-22 19:33:14"
"1756","1447","n.r","98","2025-01-22 19:34:25","2025-01-22 19:34:25"
"1757","1447","n.r","98","2025-01-22 19:34:28","2025-01-22 19:34:28"
"1758","1447","n.r","98","2025-01-22 19:34:43","2025-01-22 19:34:43"
"1759","1448","20-nov-2024 follow up tomorrow
21-nov-2024  not answering/28-nov-2024/follow up/3-dec-2024/n.r/11:12 am/call again/2:52 pm
4-dec-2024/n.a/11:13 am/follow up tomorrow/2:44 pm
7-dec-2024/call at monday/12:40 pm/
9-dec-2024/call at 2nd half/11:5 am/
10-dec-2024/call again at 2nd half","98","2025-01-22 19:39:18","2025-01-22 19:39:18"
"1760","1448","follow up tomorrow","98","2025-01-22 19:39:57","2025-01-22 19:39:57"
"1761","1450","4-dec-2024/call after 1 hour/11:30 am/n.i","98","2025-01-22 19:44:07","2025-01-22 19:44:07"
"1763","1291","n.r","98","2025-01-24 19:16:13","2025-01-24 19:16:13"
"1764","1310","powered off","98","2025-01-24 19:23:07","2025-01-24 19:23:07"
"1765","1310","powered off","98","2025-01-24 19:23:07","2025-01-24 19:23:07"
"1766","1312","call again at monday for meeting","98","2025-01-24 19:34:49","2025-01-24 19:34:49"
"1767","1311","proposal whatsapp , he will check,
call again at monday for meeting","98","2025-01-24 19:35:39","2025-01-24 19:35:39"
"1768","1226","n.r","98","2025-01-25 14:25:40","2025-01-25 14:25:40"
"1769","1226","n.r","98","2025-01-25 14:25:40","2025-01-25 14:25:40"
"1770","1239","line busy","98","2025-01-25 14:27:38","2025-01-25 14:27:38"
"1771","1244","n.a","98","2025-01-25 14:31:44","2025-01-25 14:31:44"
"1772","1245","n.a","98","2025-01-25 14:34:20","2025-01-25 14:34:20"
"1773","1250","powered off","98","2025-01-25 14:35:32","2025-01-25 14:35:32"
"1774","1250","powered off","98","2025-01-25 14:35:32","2025-01-25 14:35:32"
"1775","1251","n.a","98","2025-01-25 14:36:56","2025-01-25 14:36:56"
"1776","1258","n.a","98","2025-01-25 14:43:50","2025-01-25 14:43:50"
"1777","1265","powered off","98","2025-01-25 14:55:53","2025-01-25 14:55:53"
"1778","1273","n.a","98","2025-01-25 14:58:30","2025-01-25 14:58:30"
"1779","1273","n.a","98","2025-01-25 14:58:30","2025-01-25 14:58:30"
"1780","1274","n.a","98","2025-01-25 15:00:19","2025-01-25 15:00:19"
"1781","1274","n.a","98","2025-01-25 15:00:19","2025-01-25 15:00:19"
"1782","1286","powered off","98","2025-01-25 15:02:01","2025-01-25 15:02:01"
"1783","1286","powered off","98","2025-01-25 15:02:01","2025-01-25 15:02:01"
"1784","1291","n.r","98","2025-01-25 15:02:47","2025-01-25 15:02:47"
"1785","1291","n.r","98","2025-01-25 15:02:47","2025-01-25 15:02:47"
"1786","1316","n.r","98","2025-01-25 15:21:39","2025-01-25 15:21:39"
"1787","1326","n.r","98","2025-01-25 15:27:24","2025-01-25 15:27:24"
"1788","1330","n.a","98","2025-01-25 15:29:39","2025-01-25 15:29:39"
"1789","1334","n.r","98","2025-01-25 15:55:24","2025-01-25 15:55:24"
"1790","1334","n.r","98","2025-01-25 15:55:24","2025-01-25 15:55:24"
"1791","1335","n.a","98","2025-01-25 15:56:35","2025-01-25 15:56:35"
"1792","1335","n.a","98","2025-01-25 15:56:35","2025-01-25 15:56:35"
"1793","1337","n.r","98","2025-01-25 15:59:21","2025-01-25 15:59:21"
"1794","1337","n.r","98","2025-01-25 15:59:21","2025-01-25 15:59:21"
"1795","1338","n.r","98","2025-01-25 16:01:18","2025-01-25 16:01:18"
"1796","1340","n.r","98","2025-01-25 16:11:10","2025-01-25 16:11:10"
"1797","1342","n.a","98","2025-01-25 16:21:06","2025-01-25 16:21:06"
"1798","1342","n.a","98","2025-01-25 16:21:06","2025-01-25 16:21:06"
"1800","1347","n.r","98","2025-01-25 18:21:23","2025-01-25 18:21:23"
"1801","1347","n.r","98","2025-01-25 18:21:23","2025-01-25 18:21:23"
"1802","1353","n.i not required software.","98","2025-01-25 18:27:47","2025-01-25 18:27:47"
"1803","1354","n.r","98","2025-01-25 18:29:57","2025-01-25 18:29:57"
"1804","1359","n.r","98","2025-01-25 18:32:30","2025-01-25 18:32:30"
"1805","1365","n.a","98","2025-01-25 18:35:41","2025-01-25 18:35:41"
"1806","1365","n.a","98","2025-01-25 18:35:41","2025-01-25 18:35:41"
"1809","1373","n.r","98","2025-01-25 18:38:39","2025-01-25 18:38:39"
"1810","1373","n.r","98","2025-01-25 18:38:39","2025-01-25 18:38:39"
"1811","1388","n.a","98","2025-01-25 18:46:23","2025-01-25 18:46:23"
"1812","1389","n.a","98","2025-01-25 18:47:34","2025-01-25 18:47:34"
"1813","1389","n.a","98","2025-01-25 18:47:34","2025-01-25 18:47:34"
"1814","1389","n.a","98","2025-01-25 18:47:34","2025-01-25 18:47:34"
"1815","1392","line busy","98","2025-01-25 18:48:18","2025-01-25 18:48:18"
"1816","1392","line busy","98","2025-01-25 18:48:18","2025-01-25 18:48:18"
"1817","1392","call at monday ,","98","2025-01-25 18:50:55","2025-01-25 18:50:55"
"1818","1393","n.r","98","2025-01-25 18:52:59","2025-01-25 18:52:59"
"1819","1393","n.r","98","2025-01-25 18:52:59","2025-01-25 18:52:59"
"1820","1394","n.r","98","2025-01-25 18:53:40","2025-01-25 18:53:40"
"1821","1394","n.r","98","2025-01-25 18:53:41","2025-01-25 18:53:41"
"1824","1401","n.a","98","2025-01-25 18:56:22","2025-01-25 18:56:22"
"1825","1401","n.a","98","2025-01-25 18:56:22","2025-01-25 18:56:22"
"1826","1401","n.a","98","2025-01-25 18:56:24","2025-01-25 18:56:24"
"1827","1401","n.a","98","2025-01-25 18:56:26","2025-01-25 18:56:26"
"1828","1404","n.r","98","2025-01-25 18:57:29","2025-01-25 18:57:29"
"1829","1404","n.r","98","2025-01-25 18:57:29","2025-01-25 18:57:29"
"1830","1425","powered off","98","2025-01-25 18:58:30","2025-01-25 18:58:30"
"1831","1425","powered off","98","2025-01-25 18:58:30","2025-01-25 18:58:30"
"1832","1424","n.r","98","2025-01-25 18:59:46","2025-01-25 18:59:46"
"1833","1424","n.r","98","2025-01-25 18:59:46","2025-01-25 18:59:46"
"1834","1422","proposal email","98","2025-01-25 19:05:32","2025-01-25 19:05:32"
"1835","1422","proposal email","98","2025-01-25 19:05:32","2025-01-25 19:05:32"
"1836","1431","n.r","98","2025-01-25 19:10:00","2025-01-25 19:10:00"
"1837","1431","n.r","98","2025-01-25 19:10:00","2025-01-25 19:10:00"
"1838","1432","n.r","98","2025-01-25 19:11:27","2025-01-25 19:11:27"
"1839","1428","call monday to friday","98","2025-01-25 19:14:06","2025-01-25 19:14:06"
"1840","1226","n.r","98","2025-01-27 14:26:46","2025-01-27 14:26:46"
"1841","1226","n.r","98","2025-01-27 14:26:46","2025-01-27 14:26:46"
"1842","1239","line busy","98","2025-01-27 14:29:25","2025-01-27 14:29:25"
"1843","1239","line busy","98","2025-01-27 14:29:25","2025-01-27 14:29:25"
"1844","1242","powered off","98","2025-01-27 14:31:10","2025-01-27 14:31:10"
"1845","1244","line busy","98","2025-01-27 14:33:20","2025-01-27 14:33:20"
"1846","1244","line busy","98","2025-01-27 14:33:20","2025-01-27 14:33:20"
"1847","1245","n.r","98","2025-01-27 14:34:55","2025-01-27 14:34:55"
"1848","1245","n.r","98","2025-01-27 14:34:55","2025-01-27 14:34:55"
"1849","1248","n.a","98","2025-01-27 14:37:20","2025-01-27 14:37:20"
"1850","1248","n.a","98","2025-01-27 14:37:20","2025-01-27 14:37:20"
"1851","1250","powered off","98","2025-01-27 14:38:58","2025-01-27 14:38:58"
"1852","1250","powered off","98","2025-01-27 14:38:58","2025-01-27 14:38:58"
"1853","1250","powered off","98","2025-01-27 14:38:58","2025-01-27 14:38:58"
"1854","1251","n.a","98","2025-01-27 14:41:19","2025-01-27 14:41:19"
"1855","1251","n.a","98","2025-01-27 14:41:19","2025-01-27 14:41:19"
"1858","1265","powered off","98","2025-01-27 15:03:42","2025-01-27 15:03:42"
"1859","1273","n.a","98","2025-01-27 15:05:49","2025-01-27 15:05:49"
"1860","1286","powered off","98","2025-01-27 15:19:30","2025-01-27 15:19:30"
"1861","1291","n.r","98","2025-01-27 15:32:54","2025-01-27 15:32:54"
"1862","1291","n.r","98","2025-01-27 15:32:54","2025-01-27 15:32:54"
"1863","1296","n.r","98","2025-01-27 15:40:00","2025-01-27 15:40:00"
"1864","1311","not required software","98","2025-01-27 15:45:28","2025-01-27 15:45:28"
"1865","1312","nott interested","98","2025-01-27 15:48:34","2025-01-27 15:48:34"
"1866","1312","nott interested","98","2025-01-27 15:48:34","2025-01-27 15:48:34"
"1867","1312","not required now, infuture they will contat us,","98","2025-01-27 15:49:06","2025-01-27 15:49:06"
"1868","1316","n.r","98","2025-01-27 15:51:44","2025-01-27 15:51:44"
"1869","1316","n.r","98","2025-01-27 15:51:44","2025-01-27 15:51:44"
"1870","1316","n.r","98","2025-01-27 15:51:44","2025-01-27 15:51:44"
"1871","1321","n.r","98","2025-01-27 15:53:31","2025-01-27 15:53:31"
"1872","1326","n.r","98","2025-01-27 15:57:34","2025-01-27 15:57:34"
"1873","1330","n.r","98","2025-01-27 16:04:32","2025-01-27 16:04:32"
"1874","1334","n.r","98","2025-01-27 16:17:32","2025-01-27 16:17:32"
"1875","1335","n.r","98","2025-01-27 16:33:01","2025-01-27 16:33:01"
"1876","1335","n.r","98","2025-01-27 16:33:01","2025-01-27 16:33:01"
"1877","1337","n.r","98","2025-01-27 16:34:36","2025-01-27 16:34:36"
"1878","1337","n.r","98","2025-01-27 16:34:36","2025-01-27 16:34:36"
"1879","1337","n.r","98","2025-01-27 16:52:08","2025-01-27 16:52:08"
"1880","1340","not interested","98","2025-01-27 18:28:59","2025-01-27 18:28:59"
"1881","1342","not interested","98","2025-01-27 18:31:35","2025-01-27 18:31:35"
"1885","1365","n.r","98","2025-01-27 19:05:16","2025-01-27 19:05:16"
"1886","1365","n.r","98","2025-01-27 19:05:16","2025-01-27 19:05:16"
"1887","1445","n.a","98","2025-01-27 19:22:23","2025-01-27 19:22:23"
"1888","1445","n.a","98","2025-01-27 19:22:23","2025-01-27 19:22:23"
"1889","1443","n.a","98","2025-01-27 19:24:42","2025-01-27 19:24:42"
"1890","1443","n.a","98","2025-01-27 19:24:42","2025-01-27 19:24:42"
"1891","1449","call again at 2nd half","98","2025-01-28 14:32:54","2025-01-28 14:32:54"
"1892","1449","call again at 2nd half","98","2025-01-28 14:32:55","2025-01-28 14:32:55"
"1893","1449","call again at 2nd half","98","2025-01-28 14:32:56","2025-01-28 14:32:56"
"1894","1447","powered off","98","2025-01-28 14:35:36","2025-01-28 14:35:36"
"1895","1435","powered off","98","2025-01-28 14:36:59","2025-01-28 14:36:59"
"1896","1432","n.a","98","2025-01-28 14:39:38","2025-01-28 14:39:38"
"1897","1432","n.a","98","2025-01-28 14:39:38","2025-01-28 14:39:38"
"1898","1431","n.a","98","2025-01-28 14:42:02","2025-01-28 14:42:02"
"1899","1431","n.a","98","2025-01-28 14:42:02","2025-01-28 14:42:02"
"1900","1426","n.r","98","2025-01-28 14:47:38","2025-01-28 14:47:38"
"1901","1425","powered off","98","2025-01-28 14:49:26","2025-01-28 14:49:26"
"1902","1424","n.r","98","2025-01-28 14:50:33","2025-01-28 14:50:33"
"1903","1422","n.a","98","2025-01-28 14:56:35","2025-01-28 14:56:35"
"1904","1422","n.a","98","2025-01-28 14:56:35","2025-01-28 14:56:35"
"1905","1420","not interested","98","2025-01-28 14:58:44","2025-01-28 14:58:44"
"1906","1418","n.a","98","2025-01-28 15:02:21","2025-01-28 15:02:21"
"1907","1418","n.a","98","2025-01-28 15:02:21","2025-01-28 15:02:21"
"1908","1415","busy","98","2025-01-28 15:10:09","2025-01-28 15:10:09"
"1909","1414","n.r","98","2025-01-28 15:12:24","2025-01-28 15:12:24"
"1910","1411","they have their own software solutions","98","2025-01-28 15:16:08","2025-01-28 15:16:08"
"1911","1405","n.r","98","2025-01-28 15:17:58","2025-01-28 15:17:58"
"1912","1405","n.r","98","2025-01-28 15:17:58","2025-01-28 15:17:58"
"1913","1404","n.r","98","2025-01-28 15:21:35","2025-01-28 15:21:35"
"1914","1445","call at 5 feb,","98","2025-01-28 15:44:02","2025-01-28 15:44:02"
"1917","1401","powered off","98","2025-01-28 16:11:53","2025-01-28 16:11:53"
"1918","1401","powered off","98","2025-01-28 16:11:53","2025-01-28 16:11:53"
"1919","1401","powered off","98","2025-01-28 16:11:53","2025-01-28 16:11:53"
"1922","1394","powered off","98","2025-01-28 18:14:18","2025-01-28 18:14:18"
"1923","1389","n.r","98","2025-01-28 18:31:15","2025-01-28 18:31:15"
"1924","1359","n.r","98","2025-01-28 18:49:41","2025-01-28 18:49:41"
"1925","1354","n.a","98","2025-01-28 18:59:12","2025-01-28 18:59:12"
"1926","1354","n.a","98","2025-01-28 18:59:13","2025-01-28 18:59:13"
"1927","1347","line  busy","98","2025-01-28 19:11:18","2025-01-28 19:11:18"
"1929","1337","HE  will call us , right now he is outside","98","2025-01-28 19:28:45","2025-01-28 19:28:45"
"1930","1337","HE  will call us , right now he is outside","98","2025-01-28 19:28:45","2025-01-28 19:28:45"
"1931","1226","n.r","98","2025-01-29 14:23:17","2025-01-29 14:23:17"
"1932","1238","n.a","98","2025-01-29 14:25:24","2025-01-29 14:25:24"
"1933","1242","n.r","98","2025-01-29 14:26:55","2025-01-29 14:26:55"
"1934","1244","n.r","98","2025-01-29 14:28:20","2025-01-29 14:28:20"
"1935","1245","call again at 2nd half","98","2025-01-29 14:31:42","2025-01-29 14:31:42"
"1936","1250","poweed off","98","2025-01-29 14:33:05","2025-01-29 14:33:05"
"1937","1250","poweed off","98","2025-01-29 14:33:05","2025-01-29 14:33:05"
"1938","1251","n.a","98","2025-01-29 14:35:08","2025-01-29 14:35:08"
"1939","1251","n.a","98","2025-01-29 14:35:08","2025-01-29 14:35:08"
"1942","933","n.r","98","2025-01-29 14:40:37","2025-01-29 14:40:37"
"1943","1106","n.a","98","2025-01-29 14:42:39","2025-01-29 14:42:39"
"1944","1050","n.a","98","2025-01-29 14:46:41","2025-01-29 14:46:41"
"1945","1050","n.a","98","2025-01-29 14:46:41","2025-01-29 14:46:41"
"1947","1265","n.r","98","2025-01-29 14:53:02","2025-01-29 14:53:02"
"1948","1273","n.a","98","2025-01-29 14:56:46","2025-01-29 14:56:46"
"1949","1274","n.a","98","2025-01-29 15:14:23","2025-01-29 15:14:23"
"1950","1286","powered off","98","2025-01-29 15:17:13","2025-01-29 15:17:13"
"1951","1291","n.r","98","2025-01-29 15:19:14","2025-01-29 15:19:14"
"1952","1310","n.r","98","2025-01-29 15:24:32","2025-01-29 15:24:32"
"1953","1388","proposal whatsapp yesterday, no need of software right now","98","2025-01-29 15:28:21","2025-01-29 15:28:21"
"1954","1365","n.a","98","2025-01-29 15:38:24","2025-01-29 15:38:24"
"1955","1365","n.a","98","2025-01-29 15:38:24","2025-01-29 15:38:24"
"1956","1393","n.a","98","2025-01-29 15:40:03","2025-01-29 15:40:03"
"1957","1316","n.r","98","2025-01-29 15:42:54","2025-01-29 15:42:54"
"1958","1326","line busy","98","2025-01-29 15:57:35","2025-01-29 15:57:35"
"1959","1321","she forwarded a proposal to head office, and also forwaded a number, right now no need of software, but in future they will contact us,","98","2025-01-29 16:03:58","2025-01-29 16:03:58"
"1960","1393","he will check proposal today 
call again at 2nd half","98","2025-01-29 16:08:38","2025-01-29 16:08:38"
"1961","1330","n.a","98","2025-01-29 16:17:52","2025-01-29 16:17:52"
"1962","1330","n.a","98","2025-01-29 16:17:52","2025-01-29 16:17:52"
"1963","1333","n.a","98","2025-01-29 18:44:26","2025-01-29 18:44:26"
"1964","1334","n.r","98","2025-01-29 18:45:44","2025-01-29 18:45:44"
"1965","1335","his c.e.o is in saudia arabia , he will give a reminder message to c.e.o 
he will came back in feb,
 call again tomorrow for confirmation.","98","2025-01-29 18:58:19","2025-01-29 18:58:19"
"1966","1337","powered off","98","2025-01-29 19:01:40","2025-01-29 19:01:40"
"1967","1347","n.r","98","2025-01-29 19:06:36","2025-01-29 19:06:36"
"1968","1354","n.r","98","2025-01-29 19:32:46","2025-01-29 19:32:46"
"1969","1359","n.r","98","2025-01-29 19:36:46","2025-01-29 19:36:46"
"1970","1359","n.r","98","2025-01-29 19:36:47","2025-01-29 19:36:47"
"1971","1285","n.a","98","2025-01-30 14:30:14","2025-01-30 14:30:14"
"1972","1285","n.a","98","2025-01-30 14:30:14","2025-01-30 14:30:14"
"1973","1226","n.r","98","2025-01-30 14:31:33","2025-01-30 14:31:33"
"1974","1226","n.r","98","2025-01-30 14:31:33","2025-01-30 14:31:33"
"1975","1238","n.a","98","2025-01-30 14:33:21","2025-01-30 14:33:21"
"1976","1238","n.a","98","2025-01-30 14:33:21","2025-01-30 14:33:21"
"1977","1239","line busy","98","2025-01-30 14:35:48","2025-01-30 14:35:48"
"1978","1242","n.a","98","2025-01-30 14:38:01","2025-01-30 14:38:01"
"1979","1242","n.a","98","2025-01-30 14:38:01","2025-01-30 14:38:01"
"1980","1244","n.a","98","2025-01-30 14:49:22","2025-01-30 14:49:22"
"1981","1245","n.a","98","2025-01-30 14:52:22","2025-01-30 14:52:22"
"1982","1250","powered off","98","2025-01-30 15:12:30","2025-01-30 15:12:30"
"1983","1251","n.a","98","2025-01-30 15:29:20","2025-01-30 15:29:20"
"1984","1251","n.a","98","2025-01-30 15:29:20","2025-01-30 15:29:20"
"1985","1265","powered off","98","2025-01-30 15:31:41","2025-01-30 15:31:41"
"1986","1273","n.a","98","2025-01-30 15:33:45","2025-01-30 15:33:45"
"1987","1273","n.a","98","2025-01-30 15:33:45","2025-01-30 15:33:45"
"1988","1274","n.a","98","2025-01-30 15:36:13","2025-01-30 15:36:13"
"1989","1286","powered off","98","2025-01-30 15:37:54","2025-01-30 15:37:54"
"1990","1286","powered off","98","2025-01-30 15:37:54","2025-01-30 15:37:54"
"1992","1296","n.r","98","2025-01-30 15:58:14","2025-01-30 15:58:14"
"1993","1310","n.r","98","2025-01-30 16:00:36","2025-01-30 16:00:36"
"1994","1316","n.r","98","2025-01-30 16:03:19","2025-01-30 16:03:19"
"1995","1316","n.r","98","2025-01-30 16:03:19","2025-01-30 16:03:19"
"1996","1326","n.r","98","2025-01-30 16:22:20","2025-01-30 16:22:20"
"1997","1330","n.r","98","2025-01-30 16:26:31","2025-01-30 16:26:31"
"1998","1333","n.a","98","2025-01-30 16:29:09","2025-01-30 16:29:09"
"1999","1334","n.r","98","2025-01-30 16:30:56","2025-01-30 16:30:56"
"2000","1337","n.r","98","2025-01-30 16:34:52","2025-01-30 16:34:52"
"2001","1335","proposal email.","98","2025-01-30 18:33:44","2025-01-30 18:33:44"
"2002","1347","line busy","98","2025-01-30 18:37:17","2025-01-30 18:37:17"
"2003","1347","line busy","98","2025-01-30 18:37:17","2025-01-30 18:37:17"
"2005","1354","proposal shared on whatsapp","98","2025-01-30 19:19:25","2025-01-30 19:19:25"
"2006","1359","n.r","98","2025-01-30 19:24:35","2025-01-30 19:24:35"
"2008","920","message send at whatsapp","98","2025-01-31 14:16:42","2025-01-31 14:16:42"
"2009","920","message send at whatsapp","98","2025-01-31 14:16:42","2025-01-31 14:16:42"
"2011","1039","follow up message send at whatsapp.","98","2025-01-31 14:30:50","2025-01-31 14:30:50"
"2012","1042","follow up message send at whatsapp","98","2025-01-31 14:31:36","2025-01-31 14:31:36"
"2013","1088","follow up messsage send at whatsapp","98","2025-01-31 14:43:54","2025-01-31 14:43:54"
"2016","1284","n.r","98","2025-01-31 14:56:40","2025-01-31 14:56:40"
"2017","1081","powered off","98","2025-01-31 15:01:02","2025-01-31 15:01:02"
"2018","1001","line busy","98","2025-01-31 15:02:28","2025-01-31 15:02:28"
"2019","1001","line busy","98","2025-01-31 15:02:28","2025-01-31 15:02:28"
"2020","1001","line busy","98","2025-01-31 15:02:28","2025-01-31 15:02:28"
"2021","968","n.r","98","2025-01-31 15:03:30","2025-01-31 15:03:30"
"2022","965","call again 2nd half","98","2025-01-31 15:08:03","2025-01-31 15:08:03"
"2023","965","call again 2nd half","98","2025-01-31 15:08:03","2025-01-31 15:08:03"
"2024","962","powered off","98","2025-01-31 15:09:40","2025-01-31 15:09:40"
"2025","1226","n.r","98","2025-01-31 15:12:23","2025-01-31 15:12:23"
"2026","1226","n.r","98","2025-01-31 15:12:23","2025-01-31 15:12:23"
"2027","1238","line busy","98","2025-01-31 15:19:59","2025-01-31 15:19:59"
"2028","1242","powered off","98","2025-01-31 15:22:13","2025-01-31 15:22:13"
"2029","1245","n.r","98","2025-01-31 15:29:58","2025-01-31 15:29:58"
"2030","1250","n.r","98","2025-01-31 15:32:01","2025-01-31 15:32:01"
"2031","1250","n.r","98","2025-01-31 15:32:01","2025-01-31 15:32:01"
"2032","1250","n.r","98","2025-01-31 15:32:01","2025-01-31 15:32:01"
"2033","1251","n.a","98","2025-01-31 15:33:55","2025-01-31 15:33:55"
"2034","1265","powered off","98","2025-01-31 15:35:58","2025-01-31 15:35:58"
"2035","1265","powered off","98","2025-01-31 15:35:58","2025-01-31 15:35:58"
"2036","1273","n.a","98","2025-01-31 15:37:44","2025-01-31 15:37:44"
"2037","1274","n.r","98","2025-01-31 15:41:24","2025-01-31 15:41:24"
"2038","1286","powered off","98","2025-01-31 15:43:43","2025-01-31 15:43:43"
"2039","1291","n.r","98","2025-01-31 15:47:26","2025-01-31 15:47:26"
"2040","1291","n.r","98","2025-01-31 15:47:26","2025-01-31 15:47:26"
"2041","1296","n.r","98","2025-01-31 15:48:59","2025-01-31 15:48:59"
"2042","1296","n.r","98","2025-01-31 15:48:59","2025-01-31 15:48:59"
"2043","1310","call again at 2nd half","98","2025-01-31 15:54:59","2025-01-31 15:54:59"
"2044","1316","n.r","98","2025-01-31 16:08:50","2025-01-31 16:08:50"
"2045","1326","powered off","98","2025-01-31 16:18:49","2025-01-31 16:18:49"
"2046","1330","powered off","98","2025-01-31 19:01:32","2025-01-31 19:01:32"
"2047","1330","powered off","98","2025-01-31 19:01:32","2025-01-31 19:01:32"
"2048","1333","n.a","98","2025-01-31 19:04:19","2025-01-31 19:04:19"
"2049","1337","powered off","98","2025-01-31 19:14:42","2025-01-31 19:14:42"
"2050","1337","powered off","98","2025-01-31 19:14:42","2025-01-31 19:14:42"
"2053","1226","N.R","98","2025-02-01 14:57:51","2025-02-01 14:57:51"
"2054","1238","line busy","98","2025-02-01 15:00:09","2025-02-01 15:00:09"
"2055","1242","n.r","98","2025-02-01 15:02:11","2025-02-01 15:02:11"
"2056","1244","n.a","98","2025-02-01 15:06:35","2025-02-01 15:06:35"
"2057","1244","n.a","98","2025-02-01 15:06:36","2025-02-01 15:06:36"
"2058","1245","n.a","98","2025-02-01 15:08:32","2025-02-01 15:08:32"
"2059","1245","n.a","98","2025-02-01 15:08:33","2025-02-01 15:08:33"
"2060","1248","line busy","98","2025-02-01 15:09:50","2025-02-01 15:09:50"
"2061","1250","powered off","98","2025-02-01 15:11:08","2025-02-01 15:11:08"
"2062","1250","powered off","98","2025-02-01 15:11:08","2025-02-01 15:11:08"
"2063","1251","n.a","98","2025-02-01 15:13:02","2025-02-01 15:13:02"
"2064","1265","powered off","98","2025-02-01 15:14:38","2025-02-01 15:14:38"
"2065","1265","powered off","98","2025-02-01 15:14:38","2025-02-01 15:14:38"
"2066","1265","powered off","98","2025-02-01 15:14:39","2025-02-01 15:14:39"
"2067","1273","n.r","98","2025-02-01 15:44:35","2025-02-01 15:44:35"
"2068","1274","n.a","98","2025-02-01 15:47:02","2025-02-01 15:47:02"
"2069","1286","n.r","98","2025-02-01 15:50:01","2025-02-01 15:50:01"
"2070","1291","n.r","98","2025-02-01 15:51:27","2025-02-01 15:51:27"
"2071","1316","n.r","98","2025-02-01 16:22:59","2025-02-01 16:22:59"
"2072","1326","n.r","98","2025-02-01 16:26:13","2025-02-01 16:26:13"
"2073","1326","n.r","98","2025-02-01 16:26:13","2025-02-01 16:26:13"
"2074","1330","n.r","98","2025-02-01 16:28:05","2025-02-01 16:28:05"
"2075","1330","n.r","98","2025-02-01 16:28:05","2025-02-01 16:28:05"
"2076","1393","line busy with another call","98","2025-02-01 16:32:27","2025-02-01 16:32:27"
"2077","1334","n.r","98","2025-02-01 16:40:16","2025-02-01 16:40:16"
"2078","1334","n.r","98","2025-02-01 16:40:17","2025-02-01 16:40:17"
"2081","1359","n.r","98","2025-02-01 18:42:30","2025-02-01 18:42:30"
"2082","1359","n.r","98","2025-02-01 18:42:30","2025-02-01 18:42:30"
"2083","1359","n.r","98","2025-02-01 18:42:30","2025-02-01 18:42:30"
"2084","920","n.r","98","2025-02-03 14:29:31","2025-02-03 14:29:31"
"2086","1088","n.a","98","2025-02-03 14:55:24","2025-02-03 14:55:24"
"2087","1088","n.a","98","2025-02-03 14:55:24","2025-02-03 14:55:24"
"2092","933","n.r","98","2025-02-03 15:22:13","2025-02-03 15:22:13"
"2093","1106","n.r","98","2025-02-03 15:24:17","2025-02-03 15:24:17"
"2094","1106","n.r","98","2025-02-03 15:24:17","2025-02-03 15:24:17"
"2095","1081","powered off","98","2025-02-03 15:28:19","2025-02-03 15:28:19"
"2096","968","n.r","98","2025-02-03 15:30:05","2025-02-03 15:30:05"
"2097","968","n.r","98","2025-02-03 15:30:07","2025-02-03 15:30:07"
"2098","965","n.a","98","2025-02-03 15:33:32","2025-02-03 15:33:32"
"2099","965","n.a","98","2025-02-03 15:33:32","2025-02-03 15:33:32"
"2100","962","n.r","98","2025-02-03 15:34:55","2025-02-03 15:34:55"
"2101","1050","n.r","98","2025-02-03 15:36:39","2025-02-03 15:36:39"
"2104","1226","n.r","98","2025-02-03 15:45:09","2025-02-03 15:45:09"
"2105","1226","n.r","98","2025-02-03 15:45:09","2025-02-03 15:45:09"
"2106","1226","n.r","98","2025-02-03 15:45:09","2025-02-03 15:45:09"
"2107","1238","n.a","98","2025-02-03 15:46:58","2025-02-03 15:46:58"
"2108","1242","call again at 2nd half","98","2025-02-03 15:50:20","2025-02-03 15:50:20"
"2109","1244","small real estate agency, 
only 7 people are working
he maintaining all the things by himself
no need of software.","98","2025-02-03 16:01:11","2025-02-03 16:01:11"
"2110","1245","send proposal at email,","98","2025-02-03 16:08:33","2025-02-03 16:08:33"
"2111","1251","n.a","98","2025-02-03 16:14:19","2025-02-03 16:14:19"
"2112","1251","n.a","98","2025-02-03 16:14:19","2025-02-03 16:14:19"
"2113","1265","n.r","98","2025-02-03 16:15:47","2025-02-03 16:15:47"
"2114","1273","n.a","98","2025-02-03 16:20:08","2025-02-03 16:20:08"
"2115","1273","n.a","98","2025-02-03 16:20:08","2025-02-03 16:20:08"
"2116","1448","call again for meeting","98","2025-02-03 16:35:37","2025-02-03 16:35:37"
"2118","1286","powered off","98","2025-02-03 18:50:13","2025-02-03 18:50:13"
"2119","1326","n.r","98","2025-02-03 19:07:14","2025-02-03 19:07:14"
"2120","1334","n.r","98","2025-02-03 19:23:38","2025-02-03 19:23:38"
"2121","1337","n.r","98","2025-02-03 19:25:46","2025-02-03 19:25:46"
"2122","1337","n.r","98","2025-02-03 19:25:46","2025-02-03 19:25:46"
"2123","1347","proposal whatsapp ,was send at 1 february","98","2025-02-03 19:31:17","2025-02-03 19:31:17"
"2124","1347","proposal whatsapp ,was send at 1 february","98","2025-02-03 19:31:18","2025-02-03 19:31:18"
"2125","1088","n.a","98","2025-02-04 14:25:06","2025-02-04 14:25:06"
"2126","1284","n.r","98","2025-02-04 14:26:29","2025-02-04 14:26:29"
"2127","1284","n.r","98","2025-02-04 14:26:29","2025-02-04 14:26:29"
"2128","1284","n.r","98","2025-02-04 14:26:29","2025-02-04 14:26:29"
"2130","933","again sent demo acount.
but they are already using software ,already maintained all the things,
but they will check our demo acount.","98","2025-02-04 14:40:33","2025-02-04 14:40:33"
"2133","1081","powered off","98","2025-02-04 15:03:50","2025-02-04 15:03:50"
"2134","1081","powered off","98","2025-02-04 15:03:50","2025-02-04 15:03:50"
"2135","1081","powered off","98","2025-02-04 15:03:51","2025-02-04 15:03:51"
"2136","968","n.r","98","2025-02-04 15:05:38","2025-02-04 15:05:38"
"2137","1106","n.a","98","2025-02-04 15:11:14","2025-02-04 15:11:14"
"2138","1106","n.a","98","2025-02-04 15:11:14","2025-02-04 15:11:14"
"2139","1106","n.a","98","2025-02-04 15:11:15","2025-02-04 15:11:15"
"2140","1106","n.a","98","2025-02-04 15:11:15","2025-02-04 15:11:15"
"2141","949","n.r","98","2025-02-04 15:12:33","2025-02-04 15:12:33"
"2142","949","n.r","98","2025-02-04 15:12:33","2025-02-04 15:12:33"
"2143","1050","n.a","98","2025-02-04 15:15:05","2025-02-04 15:15:05"
"2144","1103","n.a","98","2025-02-04 15:19:13","2025-02-04 15:19:13"
"2145","1103","n.a","98","2025-02-04 15:19:13","2025-02-04 15:19:13"
"2146","1103","n.a","98","2025-02-04 15:19:13","2025-02-04 15:19:13"
"2147","964","havent check proposal, he will check proposal ,
call again at 2nd half","98","2025-02-04 15:41:11","2025-02-04 15:41:11"
"2152","1265","powered off","98","2025-02-04 16:05:41","2025-02-04 16:05:41"
"2153","1273","n.a","98","2025-02-04 16:08:13","2025-02-04 16:08:13"
"2154","1286","powered off","98","2025-02-04 16:10:43","2025-02-04 16:10:43"
"2155","1226","n.r","98","2025-02-04 16:12:41","2025-02-04 16:12:41"
"2158","1359","n.r","98","2025-02-04 16:26:12","2025-02-04 16:26:12"
"2160","1334","n.r","98","2025-02-04 18:21:33","2025-02-04 18:21:33"
"2161","1334","n.r","98","2025-02-04 18:21:34","2025-02-04 18:21:34"
"2162","1334","n.r","98","2025-02-04 18:21:34","2025-02-04 18:21:34"
"2163","1347","n.a","98","2025-02-04 18:29:41","2025-02-04 18:29:41"
"2164","1347","n.a","98","2025-02-04 18:29:41","2025-02-04 18:29:41"
"2165","964","n.r","98","2025-02-04 18:33:54","2025-02-04 18:33:54"
"2166","964","n.r","98","2025-02-04 18:33:54","2025-02-04 18:33:54"
"2167","1310","line busy ,call again","98","2025-02-04 18:40:48","2025-02-04 18:40:48"
"2168","1326","n.r","98","2025-02-04 18:45:45","2025-02-04 18:45:45"
"2169","1326","n.r","98","2025-02-04 18:45:45","2025-02-04 18:45:45"
"2170","1330","powered off","98","2025-02-04 18:47:31","2025-02-04 18:47:31"
"2171","1394","line busy now","98","2025-02-04 18:52:10","2025-02-04 18:52:10"
"2174","1242","line busy","98","2025-02-04 19:27:11","2025-02-04 19:27:11"
"2175","1242","line busy","98","2025-02-04 19:27:11","2025-02-04 19:27:11"
"2176","1242","line busy","98","2025-02-04 19:27:12","2025-02-04 19:27:12"
"2177","1226","n.r","98","2025-02-06 14:31:30","2025-02-06 14:31:30"
"2178","1238","n.a","98","2025-02-06 14:33:40","2025-02-06 14:33:40"
"2179","1242","n.a","98","2025-02-06 14:36:23","2025-02-06 14:36:23"
"2180","1242","n.a","98","2025-02-06 14:36:23","2025-02-06 14:36:23"
"2181","1250","powered off","98","2025-02-06 14:38:37","2025-02-06 14:38:37"
"2182","1251","n.a","98","2025-02-06 14:40:11","2025-02-06 14:40:11"
"2183","1265","powered off","98","2025-02-06 14:41:29","2025-02-06 14:41:29"
"2184","1273","n.a","98","2025-02-06 14:43:35","2025-02-06 14:43:35"
"2185","1445","call again at 2nd half","98","2025-02-06 14:45:44","2025-02-06 14:45:44"
"2186","1445","call again at 2nd half","98","2025-02-06 14:45:45","2025-02-06 14:45:45"
"2187","1286","powered off","98","2025-02-06 14:47:21","2025-02-06 14:47:21"
"2191","1106","n.r","98","2025-02-06 15:20:59","2025-02-06 15:20:59"
"2192","1106","n.r","98","2025-02-06 15:20:59","2025-02-06 15:20:59"
"2193","1106","n.r","98","2025-02-06 15:20:59","2025-02-06 15:20:59"
"2194","1050","n.a","98","2025-02-06 15:25:00","2025-02-06 15:25:00"
"2198","1088","havent use demo acount  yet.
call again after 2 days ,","98","2025-02-06 15:33:19","2025-02-06 15:33:19"
"2199","920","n.r","98","2025-02-06 15:48:48","2025-02-06 15:48:48"
"2200","920","n.r","98","2025-02-06 15:48:49","2025-02-06 15:48:49"
"2201","1081","powered off","98","2025-02-06 15:50:49","2025-02-06 15:50:49"
"2202","1081","powered off","98","2025-02-06 15:50:49","2025-02-06 15:50:49"
"2203","968","line busy with another call","98","2025-02-06 15:52:58","2025-02-06 15:52:58"
"2204","1018","n.a","98","2025-02-06 16:05:46","2025-02-06 16:05:46"
"2205","964","n.r","98","2025-02-06 16:28:30","2025-02-06 16:28:30"
"2206","964","n.r","98","2025-02-06 16:28:30","2025-02-06 16:28:30"
"2207","949","n.r","98","2025-02-06 16:45:28","2025-02-06 16:45:28"
"2208","949","n.r","98","2025-02-06 16:45:29","2025-02-06 16:45:29"
"2210","1445","He is saying that  I am looking for someone to manage my social media accounts. I’m sending you a link with further details. Please review it and create a proposal that includes a few template examples for social media posts and strategies.

Once I have had a chance to review your proposal, we can schedule a meeting to discuss the project further","98","2025-02-06 18:49:37","2025-02-06 18:49:37"
"2211","1310","powered off","98","2025-02-06 18:53:49","2025-02-06 18:53:49"
"2212","1310","powered off","98","2025-02-06 18:53:50","2025-02-06 18:53:50"
"2213","1316","n.r","98","2025-02-06 18:56:30","2025-02-06 18:56:30"
"2214","1316","n.r","98","2025-02-06 18:56:30","2025-02-06 18:56:30"
"2215","1316","n.r","98","2025-02-06 18:56:31","2025-02-06 18:56:31"
"2216","1326","n.r","98","2025-02-06 19:04:30","2025-02-06 19:04:30"
"2217","1326","n.r","98","2025-02-06 19:04:30","2025-02-06 19:04:30"
"2218","1347","n.a","98","2025-02-06 19:07:34","2025-02-06 19:07:34"
"2219","1359","n.r","98","2025-02-06 19:10:20","2025-02-06 19:10:20"
"2220","1359","n.r","98","2025-02-06 19:10:20","2025-02-06 19:10:20"
"2221","1359","n.r","98","2025-02-06 19:10:20","2025-02-06 19:10:20"
"2222","1373","he will check and call back","98","2025-02-06 19:30:55","2025-02-06 19:30:55"
"2223","1061","n.r","98","2025-02-06 19:48:11","2025-02-06 19:48:11"
"2224","1061","n.r","98","2025-02-06 19:48:12","2025-02-06 19:48:12"
"2225","1074","n.r","98","2025-02-06 19:49:45","2025-02-06 19:49:45"
"2226","924","powered off","98","2025-02-06 19:50:56","2025-02-06 19:50:56"
"2227","950","n.r","98","2025-02-06 19:52:21","2025-02-06 19:52:21"
"2228","950","n.r","98","2025-02-06 19:52:21","2025-02-06 19:52:21"
"2229","1226","n.r","98","2025-02-07 14:51:47","2025-02-07 14:51:47"
"2230","1226","n.r","98","2025-02-07 14:51:47","2025-02-07 14:51:47"
"2231","1238","n.a","98","2025-02-07 14:53:10","2025-02-07 14:53:10"
"2232","1238","n.a","98","2025-02-07 14:53:10","2025-02-07 14:53:10"
"2233","1238","n.a","98","2025-02-07 14:53:10","2025-02-07 14:53:10"
"2234","1242","n.a","98","2025-02-07 14:54:39","2025-02-07 14:54:39"
"2235","1242","n.a","98","2025-02-07 14:54:39","2025-02-07 14:54:39"
"2236","1250","powered off","98","2025-02-07 14:55:28","2025-02-07 14:55:28"
"2237","1250","powered off","98","2025-02-07 14:55:28","2025-02-07 14:55:28"
"2238","1251","n.a","98","2025-02-07 14:56:18","2025-02-07 14:56:18"
"2239","1251","n.a","98","2025-02-07 14:56:18","2025-02-07 14:56:18"
"2240","1265","powered off","98","2025-02-07 14:57:28","2025-02-07 14:57:28"
"2241","1273","n.a","98","2025-02-07 14:58:44","2025-02-07 14:58:44"
"2242","1273","n.a","98","2025-02-07 14:58:44","2025-02-07 14:58:44"
"2243","1273","n.a","98","2025-02-07 14:58:45","2025-02-07 14:58:45"
"2244","1286","n.r","98","2025-02-07 14:59:24","2025-02-07 14:59:24"
"2245","1286","n.r","98","2025-02-07 14:59:24","2025-02-07 14:59:24"
"2246","1284","n.r","98","2025-02-07 15:01:21","2025-02-07 15:01:21"
"2247","1284","n.r","98","2025-02-07 15:01:21","2025-02-07 15:01:21"
"2248","920","he is out of country now, 
call again after 1 week,","98","2025-02-07 15:04:48","2025-02-07 15:04:48"
"2249","1081","powered off","98","2025-02-07 15:27:36","2025-02-07 15:27:36"
"2250","1081","powered off","98","2025-02-07 15:27:36","2025-02-07 15:27:36"
"2251","968","n.a","98","2025-02-07 15:31:21","2025-02-07 15:31:21"
"2252","965","n.r","98","2025-02-07 15:34:49","2025-02-07 15:34:49"
"2253","965","n.r","98","2025-02-07 15:34:49","2025-02-07 15:34:49"
"2256","1106","n.r","98","2025-02-07 15:37:50","2025-02-07 15:37:50"
"2257","1106","n.r","98","2025-02-07 15:37:50","2025-02-07 15:37:50"
"2258","996","powered off","98","2025-02-07 15:39:34","2025-02-07 15:39:34"
"2259","1018","n.r","98","2025-02-07 15:44:53","2025-02-07 15:44:53"
"2260","1018","n.r","98","2025-02-07 15:44:53","2025-02-07 15:44:53"
"2261","1074","n.r","98","2025-02-07 15:48:04","2025-02-07 15:48:04"
"2264","1050","call again at 2nd half,
firstly he discuss with c.e.o and then, he will send the number of c.e.o","98","2025-02-07 16:03:36","2025-02-07 16:03:36"
"2267","962","n.r","98","2025-02-07 16:13:49","2025-02-07 16:13:49"
"2268","962","n.r","98","2025-02-07 16:13:50","2025-02-07 16:13:50"
"2269","962","n.r","98","2025-02-07 16:13:50","2025-02-07 16:13:50"
"2270","924","powered off","98","2025-02-07 16:21:37","2025-02-07 16:21:37"
"2271","924","powered off","98","2025-02-07 16:21:37","2025-02-07 16:21:37"
"2272","930","powered off","98","2025-02-07 16:27:04","2025-02-07 16:27:04"
"2273","1226","n.r","98","2025-02-10 14:53:16","2025-02-10 14:53:16"
"2274","1238","n.a","98","2025-02-10 14:54:46","2025-02-10 14:54:46"
"2275","1242","proposal whatsapp","98","2025-02-10 14:58:42","2025-02-10 14:58:42"
"2276","1250","powered off","98","2025-02-10 15:06:25","2025-02-10 15:06:25"
"2277","1250","powered off","98","2025-02-10 15:06:25","2025-02-10 15:06:25"
"2278","1251","n.a","98","2025-02-10 15:07:57","2025-02-10 15:07:57"
"2279","1265","n.r","98","2025-02-10 15:10:23","2025-02-10 15:10:23"
"2280","1286","powered off","98","2025-02-10 15:11:19","2025-02-10 15:11:19"
"2281","1308","n.a","98","2025-02-10 15:14:27","2025-02-10 15:14:27"
"2282","1310","line busy","98","2025-02-10 15:15:22","2025-02-10 15:15:22"
"2283","1310","line busy","98","2025-02-10 15:15:22","2025-02-10 15:15:22"
"2284","1088","n.a","98","2025-02-10 15:17:59","2025-02-10 15:17:59"
"2285","1284","powered off","98","2025-02-10 15:18:51","2025-02-10 15:18:51"
"2287","918","n.r","98","2025-02-10 15:22:01","2025-02-10 15:22:01"
"2288","918","n.r","98","2025-02-10 15:22:01","2025-02-10 15:22:01"
"2289","1050","n.a","98","2025-02-10 15:24:56","2025-02-10 15:24:56"
"2291","996","powered off","98","2025-02-10 15:34:46","2025-02-10 15:34:46"
"2292","1081","line busy","98","2025-02-10 15:36:40","2025-02-10 15:36:40"
"2293","1081","line busy","98","2025-02-10 15:36:40","2025-02-10 15:36:40"
"2294","1330","line busy","98","2025-02-10 15:43:41","2025-02-10 15:43:41"
"2295","1333","n.a","98","2025-02-10 15:49:06","2025-02-10 15:49:06"
"2296","1334","n.r","98","2025-02-10 15:52:01","2025-02-10 15:52:01"
"2297","1337","n.r","98","2025-02-10 15:54:16","2025-02-10 15:54:16"
"2298","1347","n.a","98","2025-02-10 15:59:20","2025-02-10 15:59:20"
"2299","1359","n.r","98","2025-02-10 16:15:06","2025-02-10 16:15:06"
"2300","1359","n.r","98","2025-02-10 16:15:06","2025-02-10 16:15:06"
"2301","1373","call again at wednesday","98","2025-02-10 16:20:35","2025-02-10 16:20:35"
"2302","1382","n.a","98","2025-02-10 16:27:42","2025-02-10 16:27:42"
"2303","1382","n.a","98","2025-02-10 16:27:42","2025-02-10 16:27:42"
"2304","1389","n.a","98","2025-02-10 16:31:05","2025-02-10 16:31:05"
"2305","1392","powered off","98","2025-02-10 16:34:42","2025-02-10 16:34:42"
"2306","1447","n.r","98","2025-02-10 18:25:12","2025-02-10 18:25:12"
"2307","1447","n.r","98","2025-02-10 18:25:12","2025-02-10 18:25:12"
"2308","1448","N.R","98","2025-02-10 19:24:02","2025-02-10 19:24:02"
"2310","1379","he is saying that,
I've been busy alot lately. And apologies I won't be able to find time for that,","98","2025-02-11 14:11:39","2025-02-11 14:11:39"
"2311","1390","He is saying,I will revert after reviewing if we need the services you are offering. Thanks","98","2025-02-11 14:13:40","2025-02-11 14:13:40"
"2312","1245","busy in meetings,call again tomorrow","98","2025-02-11 14:30:28","2025-02-11 14:30:28"
"2313","1291","n.r","98","2025-02-11 14:32:04","2025-02-11 14:32:04"
"2314","1291","n.r","98","2025-02-11 14:32:04","2025-02-11 14:32:04"
"2319","1296","n.r","98","2025-02-11 14:37:06","2025-02-11 14:37:06"
"2320","1296","n.r","98","2025-02-11 14:37:06","2025-02-11 14:37:06"
"2321","1335","call again after 2 hours","98","2025-02-11 14:39:07","2025-02-11 14:39:07"
"2325","1354","n.a","98","2025-02-11 14:42:05","2025-02-11 14:42:05"
"2326","1354","n.a","98","2025-02-11 14:42:05","2025-02-11 14:42:05"
"2327","1354","n.a","98","2025-02-11 14:42:06","2025-02-11 14:42:06"
"2328","1384","line busy","98","2025-02-11 14:43:19","2025-02-11 14:43:19"
"2329","1384","line busy","98","2025-02-11 14:43:19","2025-02-11 14:43:19"
"2330","1384","line busy","98","2025-02-11 14:43:20","2025-02-11 14:43:20"
"2331","1393","n.a","98","2025-02-11 14:45:06","2025-02-11 14:45:06"
"2332","1393","n.a","98","2025-02-11 14:45:06","2025-02-11 14:45:06"
"2333","1447","n.a","98","2025-02-11 14:46:52","2025-02-11 14:46:52"
"2334","1447","n.a","98","2025-02-11 14:46:52","2025-02-11 14:46:52"
"2335","1447","n.a","98","2025-02-11 14:46:52","2025-02-11 14:46:52"
"2336","1247","n.a","98","2025-02-11 14:49:30","2025-02-11 14:49:30"
"2337","1247","n.a","98","2025-02-11 14:49:30","2025-02-11 14:49:30"
"2338","1247","n.a","98","2025-02-11 14:49:30","2025-02-11 14:49:30"
"2339","1257","send reminder message at whatsapp.","98","2025-02-11 14:54:08","2025-02-11 14:54:08"
"2340","1242","n.a","98","2025-02-11 14:55:42","2025-02-11 14:55:42"
"2341","1242","n.a","98","2025-02-11 14:55:42","2025-02-11 14:55:42"
"2342","1242","n.a","98","2025-02-11 14:55:42","2025-02-11 14:55:42"
"2345","1294","n.r","98","2025-02-11 15:26:18","2025-02-11 15:26:18"
"2346","1294","n.r","98","2025-02-11 15:26:19","2025-02-11 15:26:19"
"2347","1365","n.r","98","2025-02-11 15:28:37","2025-02-11 15:28:37"
"2348","1377","he is saying we are totally a remote based company,
we dont need a software but we required hrm, so he will let me know about thius at thursday ,
call again at thursday, 
meeting may be possible in this week,","98","2025-02-11 15:40:07","2025-02-11 15:40:07"
"2349","1445","call again tomorrow,
we will send a social media proposal today,","98","2025-02-11 15:57:08","2025-02-11 15:57:08"
"2350","1379","n.a","98","2025-02-11 15:58:38","2025-02-11 15:58:38"
"2353","1390","he is saying , if we need a services i will call ,but right now, not required now,","98","2025-02-11 16:08:38","2025-02-11 16:08:38"
"2354","1295","not interested","98","2025-02-11 16:19:32","2025-02-11 16:19:32"
"2355","1385","line busy","98","2025-02-11 16:23:39","2025-02-11 16:23:39"
"2356","1310","he si busy now,call at evenning","98","2025-02-11 19:00:55","2025-02-11 19:00:55"
"2359","1106","powered off","98","2025-02-11 19:21:17","2025-02-11 19:21:17"
"2361","1050","n.a","98","2025-02-11 19:27:36","2025-02-11 19:27:36"
"2362","1088","he will give a feedback at whatsapp,","98","2025-02-11 19:29:32","2025-02-11 19:29:32"
"2363","996","powered off","98","2025-02-11 19:31:16","2025-02-11 19:31:16"
"2364","996","powered off","98","2025-02-11 19:31:16","2025-02-11 19:31:16"
"2365","996","powered off","98","2025-02-11 19:31:17","2025-02-11 19:31:17"
"2366","1445","line busy","98","2025-02-11 19:34:30","2025-02-11 19:34:30"
"2367","1379","proposal sent, and company portfolio sent,","98","2025-02-12 14:37:46","2025-02-12 14:37:46"
"2368","1379","n.a","98","2025-02-12 14:38:55","2025-02-12 14:38:55"
"2369","1379","n.a","98","2025-02-12 14:38:55","2025-02-12 14:38:55"
"2370","1445","social media managment proposal sent toda.","98","2025-02-12 14:45:09","2025-02-12 14:45:09"
"2372","1354","n.r","98","2025-02-12 14:50:50","2025-02-12 14:50:50"
"2373","1354","n.r","98","2025-02-12 14:50:50","2025-02-12 14:50:50"
"2374","1384","she will check and respond back","98","2025-02-12 14:52:26","2025-02-12 14:52:26"
"2375","1393","n.a","98","2025-02-12 14:54:24","2025-02-12 14:54:24"
"2376","1393","n.a","98","2025-02-12 14:54:24","2025-02-12 14:54:24"
"2377","1449","n.a","98","2025-02-12 14:56:02","2025-02-12 14:56:02"
"2378","1449","n.a","98","2025-02-12 14:56:02","2025-02-12 14:56:02"
"2379","1447","n.a","98","2025-02-12 14:56:57","2025-02-12 14:56:57"
"2380","1447","n.a","98","2025-02-12 14:56:57","2025-02-12 14:56:57"
"2381","1291","n.r","98","2025-02-12 14:59:06","2025-02-12 14:59:06"
"2382","1291","n.r","98","2025-02-12 14:59:06","2025-02-12 14:59:06"
"2383","1291","n.r","98","2025-02-12 14:59:07","2025-02-12 14:59:07"
"2384","1257","call again after 2 days","98","2025-02-12 15:05:06","2025-02-12 15:05:06"
"2385","1389","n.a","98","2025-02-12 15:31:02","2025-02-12 15:31:02"
"2386","1389","n.a","98","2025-02-12 15:31:02","2025-02-12 15:31:02"
"2387","1394","powered off","98","2025-02-12 15:32:33","2025-02-12 15:32:33"
"2388","1394","powered off","98","2025-02-12 15:32:33","2025-02-12 15:32:33"
"2390","1401","n.r","98","2025-02-12 15:35:24","2025-02-12 15:35:24"
"2391","1401","n.r","98","2025-02-12 15:35:24","2025-02-12 15:35:24"
"2392","1418","line busy","98","2025-02-12 15:37:38","2025-02-12 15:37:38"
"2393","1418","line busy","98","2025-02-12 15:37:38","2025-02-12 15:37:38"
"2394","1422","proposal email today.","98","2025-02-12 15:41:20","2025-02-12 15:41:20"
"2395","1422","proposal email today.","98","2025-02-12 15:41:20","2025-02-12 15:41:20"
"2396","1425","n.a","98","2025-02-12 15:50:25","2025-02-12 15:50:25"
"2397","1428","he is saying ,right now not interested, 3,4 person is working ,company has downfall,
call after 1 month, then we will do a meeting,","98","2025-02-12 16:19:43","2025-02-12 16:19:43"
"2398","1337","n.r","98","2025-02-12 16:21:11","2025-02-12 16:21:11"
"2399","920","line busy","98","2025-02-12 16:31:57","2025-02-12 16:31:57"
"2400","1088","n.a","98","2025-02-12 16:33:39","2025-02-12 16:33:39"
"2401","1379","n.a","98","2025-02-12 18:48:52","2025-02-12 18:48:52"
"2402","1379","n.a","98","2025-02-12 18:48:52","2025-02-12 18:48:52"
"2403","1379","n.a","98","2025-02-12 18:48:52","2025-02-12 18:48:52"
"2405","958","n.r","98","2025-02-12 19:11:19","2025-02-12 19:11:19"
"2406","1441","powered off","98","2025-02-12 19:12:44","2025-02-12 19:12:44"
"2407","1441","powered off","98","2025-02-12 19:12:44","2025-02-12 19:12:44"
"2408","1437","n.r","98","2025-02-12 19:19:52","2025-02-12 19:19:52"
"2409","1437","n.r","98","2025-02-12 19:19:52","2025-02-12 19:19:52"
"2410","1436","powered off","98","2025-02-12 19:20:59","2025-02-12 19:20:59"
"2411","1108","n.a","98","2025-02-12 19:25:23","2025-02-12 19:25:23"
"2412","1109","n.a","98","2025-02-12 19:28:25","2025-02-12 19:28:25"
"2413","1110","she will check and, respond back.","98","2025-02-12 19:34:19","2025-02-12 19:34:19"
"2414","1111","n.i","98","2025-02-12 19:37:09","2025-02-12 19:37:09"
"2417","1440","n.a","98","2025-02-12 19:39:50","2025-02-12 19:39:50"
"2418","1440","n.a","98","2025-02-12 19:39:50","2025-02-12 19:39:50"
"2419","1440","she will follow up and tell us about proposal
call again tomorrrow","98","2025-02-12 19:48:40","2025-02-12 19:48:40"
"2420","1393","call again after 2 days ,","98","2025-02-12 19:57:54","2025-02-12 19:57:54"
"2421","1088","feedback from knct
Just want to convey a feedback message from our board.
Coworkit.co is a useful platform for discovering and managing coworking spaces. Its interface is clean and intuitive, making it easy to browse different spaces and compare amenities. However, adding more detailed user reviews and filtering options could improve the experience. Overall, it’s a great resource for freelancers and remote workers looking for flexible workspace options.","98","2025-02-13 13:46:06","2025-02-13 13:46:06"
"2422","1377","powered off","98","2025-02-13 14:55:15","2025-02-13 14:55:15"
"2423","1379","n.a","98","2025-02-13 15:03:43","2025-02-13 15:03:43"
"2424","1379","n.a","98","2025-02-13 15:03:43","2025-02-13 15:03:43"
"2425","1379","n.a","98","2025-02-13 15:03:44","2025-02-13 15:03:44"
"2426","1354","n.a","98","2025-02-13 15:10:06","2025-02-13 15:10:06"
"2427","1449","n.a","98","2025-02-13 15:12:43","2025-02-13 15:12:43"
"2428","1447","powered off","98","2025-02-13 15:13:38","2025-02-13 15:13:38"
"2429","1447","powered off","98","2025-02-13 15:13:38","2025-02-13 15:13:38"
"2430","1291","n.r","98","2025-02-13 15:14:26","2025-02-13 15:14:26"
"2431","1291","n.r","98","2025-02-13 15:14:26","2025-02-13 15:14:26"
"2432","1294","n.r","98","2025-02-13 15:25:07","2025-02-13 15:25:07"
"2433","1389","n.a","98","2025-02-13 15:43:14","2025-02-13 15:43:14"
"2434","1389","n.a","98","2025-02-13 15:43:14","2025-02-13 15:43:14"
"2435","1354","n.r","98","2025-02-14 14:36:00","2025-02-14 14:36:00"
"2436","1354","n.r","98","2025-02-14 14:36:00","2025-02-14 14:36:00"
"2437","1384","n.r","98","2025-02-14 14:47:24","2025-02-14 14:47:24"
"2438","1384","n.r","98","2025-02-14 14:47:24","2025-02-14 14:47:24"
"2439","1393","n.a","98","2025-02-14 14:48:58","2025-02-14 14:48:58"
"2440","1393","n.a","98","2025-02-14 14:48:58","2025-02-14 14:48:58"
"2441","1447","powered off","98","2025-02-14 14:53:22","2025-02-14 14:53:22"
"2442","1447","powered off","98","2025-02-14 14:53:22","2025-02-14 14:53:22"
"2443","1294","n.r","98","2025-02-14 18:40:15","2025-02-14 18:40:15"
"2444","1377","line busy","98","2025-02-14 18:44:44","2025-02-14 18:44:44"
"2445","1377","line busy","98","2025-02-14 18:44:44","2025-02-14 18:44:44"
"2446","1284","powered off","98","2025-02-15 18:27:48","2025-02-15 18:27:48"
"2447","1284","powered off","98","2025-02-15 18:27:49","2025-02-15 18:27:49"
"2448","1284","powered off","98","2025-02-15 18:27:49","2025-02-15 18:27:49"
"2449","1106","n.a","98","2025-02-15 18:30:26","2025-02-15 18:30:26"
"2450","1106","n.a","98","2025-02-15 18:30:26","2025-02-15 18:30:26"
"2451","1106","n.a","98","2025-02-15 18:30:26","2025-02-15 18:30:26"
"2452","1042","call again at monday,","98","2025-02-15 18:33:59","2025-02-15 18:33:59"
"2453","1050","n.a","98","2025-02-15 18:36:32","2025-02-15 18:36:32"
"2454","1050","n.a","98","2025-02-15 18:36:32","2025-02-15 18:36:32"
"2457","933","powered off","98","2025-02-15 18:40:11","2025-02-15 18:40:11"
"2458","996","powered off","98","2025-02-15 18:41:53","2025-02-15 18:41:53"
"2460","1081","line busy","98","2025-02-15 18:49:24","2025-02-15 18:49:24"
"2461","968","powered off","98","2025-02-15 18:50:48","2025-02-15 18:50:48"
"2462","968","powered off","98","2025-02-15 18:50:48","2025-02-15 18:50:48"
"2467","965","line busy","98","2025-02-15 18:55:56","2025-02-15 18:55:56"
"2468","965","line busy","98","2025-02-15 18:55:56","2025-02-15 18:55:56"
"2469","962","n.r","98","2025-02-15 18:58:05","2025-02-15 18:58:05"
"2470","962","n.r","98","2025-02-15 18:58:05","2025-02-15 18:58:05"
"2471","962","n.r","98","2025-02-15 18:58:05","2025-02-15 18:58:05"
"2472","977","n.r","98","2025-02-15 18:59:51","2025-02-15 18:59:51"
"2473","1018","powered off","98","2025-02-15 19:01:53","2025-02-15 19:01:53"
"2474","1018","powered off","98","2025-02-15 19:01:54","2025-02-15 19:01:54"
"2475","1018","powered off","98","2025-02-15 19:01:54","2025-02-15 19:01:54"
"2476","1061","n.r","98","2025-02-15 19:03:56","2025-02-15 19:03:56"
"2477","1061","n.r","98","2025-02-15 19:03:56","2025-02-15 19:03:56"
"2478","1061","n.r","98","2025-02-15 19:03:56","2025-02-15 19:03:56"
"2479","1074","n.r","98","2025-02-15 19:05:09","2025-02-15 19:05:09"
"2480","924","powered off","98","2025-02-15 19:07:29","2025-02-15 19:07:29"
"2481","924","powered off","98","2025-02-15 19:07:29","2025-02-15 19:07:29"
"2482","950","n.r","98","2025-02-15 19:08:52","2025-02-15 19:08:52"
"2483","930","number is temporarily blocked","98","2025-02-15 19:10:22","2025-02-15 19:10:22"
"2484","922","n.r","98","2025-02-15 19:11:54","2025-02-15 19:11:54"
"2485","926","line busy","98","2025-02-15 19:13:47","2025-02-15 19:13:47"
"2488","941","n.r","98","2025-02-15 19:26:12","2025-02-15 19:26:12"
"2489","964","company budget is out now, he will contact after some time,","98","2025-02-15 19:29:09","2025-02-15 19:29:09"
"2490","929","number is temporarily blocked","98","2025-02-15 19:31:51","2025-02-15 19:31:51"
"2491","929","number is temporarily blocked","98","2025-02-15 19:31:51","2025-02-15 19:31:51"
"2492","929","number is temporarily blocked","98","2025-02-15 19:31:51","2025-02-15 19:31:51"
"2493","1103","n.a","98","2025-02-15 19:33:28","2025-02-15 19:33:28"
"2494","1103","n.a","98","2025-02-15 19:33:28","2025-02-15 19:33:28"
"2495","1090","n.a","98","2025-02-15 19:40:57","2025-02-15 19:40:57"
"2496","1090","n.a","98","2025-02-15 19:40:58","2025-02-15 19:40:58"
"2497","1090","n.a","98","2025-02-15 19:40:58","2025-02-15 19:40:58"
"2498","1365","Email sent to Usman Tariq, Director of L&D and assistant to CEO Khurram Ghori at Prudential Solutions.

Email: 
Dear Usman Tariq,
I truly appreciate the insightful discussion we had earlier. It was great to connect on a personal level, and I’m excited about the potential of our comprehensive ERP solution in addressing Prudential Solutions’ operational challenges.

As promised, I’m sharing the exclusive demo access for you and your team to explore in detail.

Login URL
https://demo.creativesuite.co/login
Login ID
demo@creativesuite.co
Login Password
123456

Given the relevance of our solution, I wanted to highlight why CreativeSuite is a perfect match for Prudential Solutions:
Designed for dispersed teams – Seamlessly manage and communicate with teams deployed across multiple projects, events, and training programs.

Flexible & tailored – Unlike rigid global tools (Zoho, HubSpot, ClickUp), we offer localized customization that aligns with Pakistan’s unique operational landscape.

Simplicity at its core – A clean, intuitive interface ensures ease of adoption, even for non-tech users in NGO and public sector engagements.

AI-powered voice execution – Perform actions within the platform using just voice commands for hands-free management and efficiency.
At Creative IT Park, we've successfully delivered technology solutions across multiple industries, including ERP, LMS, and business management systems. Our experience includes implementing efficient management systems at institutions like Rawalpindi Chamber of Commerce, Capital Development Authority (CDA), Government of Azad Jammu and Kashmir (GOAJK), Evercare, The Lynx School, Sadeeqa's Learning System (SLS) and Converge Technologies.

I’ve attached our Company Profile below for a more detailed look at our capabilities. 
Creative IT Park - Company Profile.pdf

I’d love to schedule a follow-up session at your convenience to discuss feedback and next steps. Let me know when would be a good time.

Looking forward to hearing your thoughts!

Best regards,
Shaheer Hassan.
Business Development Lead
Creative IT Park","112","2025-02-17 14:23:12","2025-02-17 14:23:12"
"2499","1379","He is saying that he have discussed this with his partner and he is not intrested after looking at the quotations.","98","2025-02-20 14:44:48","2025-02-20 14:44:48"
"2516","1354","n..a","98","2025-03-25 15:59:31","2025-03-25 15:59:31"
"2518","1354","not answered","98","2025-03-25 16:55:50","2025-03-25 16:55:50"
"2519","1393","line busy with another number","98","2025-03-25 18:33:24","2025-03-25 18:33:24"
"2520","1291","n.r","98","2025-03-25 18:38:51","2025-03-25 18:38:51"
"2521","1447","not answered","98","2025-03-25 18:41:32","2025-03-25 18:41:32"
"2522","1447","not answered","98","2025-03-25 18:41:32","2025-03-25 18:41:32"
"2532","1284","powered off","98","2025-04-07 14:36:01","2025-04-07 14:36:01"
"2533","1457","not interested","98","2025-04-07 14:54:20","2025-04-07 14:54:20"
"2534","1106","send message at whatsapp for meeting , message has been sent now","98","2025-04-07 15:03:18","2025-04-07 15:03:18"
"2535","980","call after 6 months, right now their coworking space is not going profitable, he is not insterested in talking about this,","98","2025-04-07 15:08:11","2025-04-07 15:08:11"
"2536","1050","not answered","98","2025-04-07 15:11:21","2025-04-07 15:11:21"
"2537","1042","not answered","98","2025-04-07 15:17:23","2025-04-07 15:17:23"
"2540","968","Invalid Number
Move into Lost","114","2025-04-07 15:58:39","2025-04-07 15:58:39"
"2542","1081","Not responding follow later","114","2025-04-07 16:05:30","2025-04-07 16:05:30"
"2543","996","Switched off","114","2025-04-07 16:07:35","2025-04-07 16:07:35"
"2544","1460","number not responding","114","2025-04-07 17:14:18","2025-04-07 17:14:18"
"2545","1461","Call after 30 minutes","114","2025-04-07 17:18:35","2025-04-07 17:18:35"
"2546","1083","The company has multiple location and currently managing other location. The have said that they are not in need and there focus is on managing other location. Once they are in need they will be ready to have a meeting with us.","114","2025-04-07 17:26:43","2025-04-07 17:26:43"
"2547","1083","shayan.qureshi@calmkaaj.org","114","2025-04-07 17:27:24","2025-04-07 17:27:24"
"2548","965","Number is busy
Will Call Later","114","2025-04-07 17:37:55","2025-04-07 17:37:55"
"2549","962","No Response","114","2025-04-07 17:39:30","2025-04-07 17:39:30"
"2552","1061","not answered","98","2025-04-07 18:21:20","2025-04-07 18:21:20"
"2553","1074","n.r","98","2025-04-07 18:22:29","2025-04-07 18:22:29"
"2554","924","powered off","98","2025-04-07 18:23:32","2025-04-07 18:23:32"
"2555","930","temporarily blocked","98","2025-04-07 18:24:34","2025-04-07 18:24:34"
"2556","950","n.r","98","2025-04-07 18:25:41","2025-04-07 18:25:41"
"2557","977","n.r","98","2025-04-07 18:27:40","2025-04-07 18:27:40"
"2558","1461","I have successfully scheduled a meeting with my client, he provide me with basic information. He is running a restaurant, where he tell that is it possible to Inventory management system, we have closed meeting with him on 2:00 pm. His whatsapp is  0311 2018617. His email is zuhaib.sid@gmail.com","114","2025-04-07 18:29:07","2025-04-07 18:29:07"
"2559","922","n.r","98","2025-04-07 18:29:15","2025-04-07 18:29:15"
"2561","964","he is not interested , already customized software,","98","2025-04-07 18:38:53","2025-04-07 18:38:53"
"2562","1103","call again tomorrow","98","2025-04-07 18:44:28","2025-04-07 18:44:28"
"2563","1078","not answered","98","2025-04-08 12:55:52","2025-04-08 12:55:52"
"2564","1077","powered off","98","2025-04-08 12:56:59","2025-04-08 12:56:59"
"2565","1077","powered off","98","2025-04-08 12:56:59","2025-04-08 12:56:59"
"2566","1076","shared a other person number, he says talked to him","98","2025-04-08 13:01:50","2025-04-08 13:01:50"
"2567","1069","n.r","98","2025-04-08 13:02:51","2025-04-08 13:02:51"
"2568","1036","not answering  now","98","2025-04-08 13:05:20","2025-04-08 13:05:20"
"2569","1034","n.r","98","2025-04-08 13:06:51","2025-04-08 13:06:51"
"2570","1034","n.r","98","2025-04-08 13:06:51","2025-04-08 13:06:51"
"2571","1029","powered off","98","2025-04-08 13:10:06","2025-04-08 13:10:06"
"2572","1029","powered off","98","2025-04-08 13:10:06","2025-04-08 13:10:06"
"2573","1022","not responding","98","2025-04-08 13:12:03","2025-04-08 13:12:03"
"2575","1019","not answered","98","2025-04-08 13:18:11","2025-04-08 13:18:11"
"2581","1284","powered off","98","2025-04-08 14:35:03","2025-04-08 14:35:03"
"2582","1050","not answered","98","2025-04-08 14:37:56","2025-04-08 14:37:56"
"2583","1104","Automatic voice mail","114","2025-04-08 14:38:59","2025-04-08 14:38:59"
"2584","1042","not answered","98","2025-04-08 14:41:20","2025-04-08 14:41:20"
"2585","1074","n.r","98","2025-04-08 14:42:16","2025-04-08 14:42:16"
"2587","1074","n.r","98","2025-04-08 14:46:24","2025-04-08 14:46:24"
"2589","1086","n.r","98","2025-04-08 14:52:37","2025-04-08 14:52:37"
"2590","1004","Not Answer","114","2025-04-08 14:53:23","2025-04-08 14:53:23"
"2591","1047","No need of software","114","2025-04-08 15:00:16","2025-04-08 15:00:16"
"2592","1015","powered off","98","2025-04-08 15:03:05","2025-04-08 15:03:05"
"2596","1014","n.r","98","2025-04-08 15:18:52","2025-04-08 15:18:52"
"2598","1080","not responding","98","2025-04-08 15:29:34","2025-04-08 15:29:34"
"2599","1012","n.r","98","2025-04-08 15:31:24","2025-04-08 15:31:24"
"2601","972","right now , no need of software, setup is very small,","98","2025-04-08 15:48:04","2025-04-08 15:48:04"
"2602","941","n.r","98","2025-04-08 15:50:49","2025-04-08 15:50:49"
"2609","1081","not answering","98","2025-04-08 17:19:07","2025-04-08 17:19:07"
"2610","1111","Not Answer","114","2025-04-08 17:19:46","2025-04-08 17:19:46"
"2611","1111","Not Answer","114","2025-04-08 17:19:47","2025-04-08 17:19:47"
"2612","949","not interested","98","2025-04-08 17:26:53","2025-04-08 17:26:53"
"2613","1011","powered off","98","2025-04-08 17:28:32","2025-04-08 17:28:32"
"2614","998","n.r","98","2025-04-08 17:30:10","2025-04-08 17:30:10"
"2615","1046","Busy","114","2025-04-08 17:30:15","2025-04-08 17:30:15"
"2619","1032","Not Answer","114","2025-04-08 17:49:05","2025-04-08 17:49:05"
"2620","1074","still not responding","98","2025-04-08 18:08:35","2025-04-08 18:08:35"
"2621","1018","n.r","98","2025-04-08 18:13:37","2025-04-08 18:13:37"
"2622","1061","line busy","98","2025-04-08 18:15:33","2025-04-08 18:15:33"
"2623","924","powered off","98","2025-04-08 18:16:34","2025-04-08 18:16:34"
"2624","930","still temporarily blocked,","98","2025-04-08 18:17:42","2025-04-08 18:17:42"
"2625","950","n.r","98","2025-04-08 18:18:45","2025-04-08 18:18:45"
"2626","977","n.r","98","2025-04-08 18:19:30","2025-04-08 18:19:30"
"2627","977","n.r","98","2025-04-08 18:19:31","2025-04-08 18:19:31"
"2631","1111","No Response","114","2025-04-09 14:01:16","2025-04-09 14:01:16"
"2632","1046","She told that they have there own software","114","2025-04-09 14:06:40","2025-04-09 14:06:40"
"2633","1046","Software is available with them, we will follow up and try to understand if there is anything missing.","114","2025-04-09 14:16:25","2025-04-09 14:16:25"
"2635","958","No Response","114","2025-04-09 14:34:42","2025-04-09 14:34:42"
"2636","998","No Response","114","2025-04-09 14:35:59","2025-04-09 14:35:59"
"2637","1011","powered off","114","2025-04-09 14:37:13","2025-04-09 14:37:13"
"2638","988","Powered off","114","2025-04-09 14:38:16","2025-04-09 14:38:16"
"2639","1011","Powered off","114","2025-04-09 14:39:14","2025-04-09 14:39:14"
"2640","1014","No Response","114","2025-04-09 14:40:31","2025-04-09 14:40:31"
"2641","1015","Switched off","114","2025-04-09 14:41:22","2025-04-09 14:41:22"
"2642","1002","Not Answering","114","2025-04-09 14:43:53","2025-04-09 14:43:53"
"2643","1019","Powered off","114","2025-04-09 14:49:10","2025-04-09 14:49:10"
"2644","1022","Busy","114","2025-04-09 14:49:46","2025-04-09 14:49:46"
"2645","1029","powered off","114","2025-04-09 14:50:55","2025-04-09 14:50:55"
"2647","1034","No Response","114","2025-04-09 15:07:16","2025-04-09 15:07:16"
"2648","1036","No Response","114","2025-04-09 15:08:17","2025-04-09 15:08:17"
"2649","1060","Busy","114","2025-04-09 15:08:58","2025-04-09 15:08:58"
"2650","1069","No Response","114","2025-04-09 15:09:44","2025-04-09 15:09:44"
"2651","1076","They said they are also providing software, they provide me there whatsapp number 03000541762","114","2025-04-09 15:13:26","2025-04-09 15:13:26"
"2652","1078","No Response","114","2025-04-09 15:17:51","2025-04-09 15:17:51"
"2653","1079","No Response","114","2025-04-09 15:19:03","2025-04-09 15:19:03"
"2655","1090","No Response","114","2025-04-09 15:28:54","2025-04-09 15:28:54"
"2656","1091","Busy","114","2025-04-09 15:29:40","2025-04-09 15:29:40"
"2657","1103","No Response","114","2025-04-09 15:31:55","2025-04-09 15:31:55"
"2659","941","Busy","114","2025-04-09 15:36:00","2025-04-09 15:36:00"
"2660","1092","They have there own software and they own it.","114","2025-04-09 15:39:09","2025-04-09 15:39:09"
"2661","951","No Response","114","2025-04-09 15:40:23","2025-04-09 15:40:23"
"2662","1044","No Response","114","2025-04-09 15:42:13","2025-04-09 15:42:13"
"2663","919","No Response","114","2025-04-09 15:47:10","2025-04-09 15:47:10"
"2665","922","No Response","114","2025-04-09 15:49:22","2025-04-09 15:49:22"
"2666","934","No Response","114","2025-04-09 15:50:59","2025-04-09 15:50:59"
"2667","977","No Response","114","2025-04-09 15:51:47","2025-04-09 15:51:47"
"2668","971","He tell us that boss is not present call us after 1 hour on (042) 35974417","114","2025-04-09 15:56:39","2025-04-09 15:56:39"
"2671","971","La officina owner Zahid Javed said that visit our office location and present your meeting physically. He told that take information from facebook. He tell that schedule meeting on 12:00 O'clock 10/4/2025. His office address is in lahore. He on that time don't tell his adress due to which we can't physically meet them.","114","2025-04-09 18:11:11","2025-04-09 18:11:11"
"2672","1061","No Response","114","2025-04-09 18:45:07","2025-04-09 18:45:07"
"2673","1018","Wrong Number","114","2025-04-09 18:46:33","2025-04-09 18:46:33"
"2680","1074","Invalid number","114","2025-04-10 13:16:51","2025-04-10 13:16:51"
"2682","1292","Not Avilable","114","2025-04-10 13:21:18","2025-04-10 13:21:18"
"2684","965","No Response","114","2025-04-10 13:25:25","2025-04-10 13:25:25"
"2685","962","No Response","114","2025-04-10 13:27:08","2025-04-10 13:27:08"
"2686","1284","powered off","98","2025-04-10 13:27:16","2025-04-10 13:27:16"
"2687","1284","powered off","98","2025-04-10 13:27:16","2025-04-10 13:27:16"
"2688","1050","not answered","98","2025-04-10 13:29:38","2025-04-10 13:29:38"
"2689","965","No Response","114","2025-04-10 13:30:27","2025-04-10 13:30:27"
"2690","1061","No Response","114","2025-04-10 13:33:54","2025-04-10 13:33:54"
"2691","1366","line busy","98","2025-04-10 13:34:03","2025-04-10 13:34:03"
"2692","950","No Response","114","2025-04-10 13:34:37","2025-04-10 13:34:37"
"2693","977","No Response","114","2025-04-10 13:35:34","2025-04-10 13:35:34"
"2694","934","No Response","114","2025-04-10 13:36:47","2025-04-10 13:36:47"
"2695","1354","not answered","98","2025-04-10 13:38:25","2025-04-10 13:38:25"
"2696","922","No Response","114","2025-04-10 13:38:27","2025-04-10 13:38:27"
"2698","919","No Response","114","2025-04-10 13:40:05","2025-04-10 13:40:05"
"2699","1393","not answered","98","2025-04-10 13:40:20","2025-04-10 13:40:20"
"2700","1044","No Response","114","2025-04-10 13:41:38","2025-04-10 13:41:38"
"2701","951","No Response","114","2025-04-10 13:42:18","2025-04-10 13:42:18"
"2702","951","No Response","114","2025-04-10 13:42:27","2025-04-10 13:42:27"
"2703","941","No Response","114","2025-04-10 13:43:19","2025-04-10 13:43:19"
"2704","1291","line busy","98","2025-04-10 13:43:42","2025-04-10 13:43:42"
"2705","1447","line busy","98","2025-04-10 13:45:19","2025-04-10 13:45:19"
"2707","1103","No Response","114","2025-04-10 13:47:38","2025-04-10 13:47:38"
"2708","1103","No Response","114","2025-04-10 13:47:50","2025-04-10 13:47:50"
"2709","1091","Busy","114","2025-04-10 13:48:20","2025-04-10 13:48:20"
"2710","1090","No Response","114","2025-04-10 13:50:18","2025-04-10 13:50:18"
"2711","1078","Busy","114","2025-04-10 13:50:47","2025-04-10 13:50:47"
"2712","1069","No Response","114","2025-04-10 13:51:56","2025-04-10 13:51:56"
"2713","1069","No Response","114","2025-04-10 13:52:10","2025-04-10 13:52:10"
"2714","1060","No Response","114","2025-04-10 13:52:55","2025-04-10 13:52:55"
"2715","1036","No Answer","114","2025-04-10 13:53:48","2025-04-10 13:53:48"
"2716","1034","Busy","114","2025-04-10 13:54:26","2025-04-10 13:54:26"
"2717","1022","No Response","114","2025-04-10 13:55:26","2025-04-10 13:55:26"
"2718","1002","Busy","114","2025-04-10 13:55:51","2025-04-10 13:55:51"
"2719","1240","not interested","98","2025-04-10 13:55:53","2025-04-10 13:55:53"
"2720","1014","No Response","114","2025-04-10 13:56:47","2025-04-10 13:56:47"
"2721","998","No Response","114","2025-04-10 13:57:35","2025-04-10 13:57:35"
"2722","958","No Response","114","2025-04-10 13:58:18","2025-04-10 13:58:18"
"2723","1032","No Response","114","2025-04-10 13:59:49","2025-04-10 13:59:49"
"2724","1111","No Response","114","2025-04-10 14:00:48","2025-04-10 14:00:48"
"2725","1111","No Response","114","2025-04-10 14:01:03","2025-04-10 14:01:03"
"2727","1257","call again at 2nd half","98","2025-04-10 14:05:26","2025-04-10 14:05:26"
"2728","1004","No Response","114","2025-04-10 14:06:08","2025-04-10 14:06:08"
"2729","1278","not answered","98","2025-04-10 14:09:45","2025-04-10 14:09:45"
"2730","1294","call them at the end of this month,right now his c.e.o is very busy,","98","2025-04-10 14:14:20","2025-04-10 14:14:20"
"2731","1294","call them at the end of this month,right now his c.e.o is very busy,","98","2025-04-10 14:14:20","2025-04-10 14:14:20"
"2732","1294","call them at the end of this month,right now his c.e.o is very busy,","98","2025-04-10 14:14:20","2025-04-10 14:14:20"
"2733","1294","call them at the end of this month,right now his c.e.o is very busy,","98","2025-04-10 14:14:21","2025-04-10 14:14:21"
"2734","1294","call them at the end of this month,right now his c.e.o is very busy,","98","2025-04-10 14:14:21","2025-04-10 14:14:21"
"2735","1294","call them at the end of this month,right now his c.e.o is very busy,","98","2025-04-10 14:14:22","2025-04-10 14:14:22"
"2736","1294","call them at the end of this month,right now his c.e.o is very busy,","98","2025-04-10 14:14:22","2025-04-10 14:14:22"
"2737","1294","call them at the end of this month,right now his c.e.o is very busy,","98","2025-04-10 14:14:23","2025-04-10 14:14:23"
"2738","1294","call them at the end of this month,right now his c.e.o is very busy,","98","2025-04-10 14:14:23","2025-04-10 14:14:23"
"2739","1294","call them at the end of this month,right now his c.e.o is very busy,","98","2025-04-10 14:14:23","2025-04-10 14:14:23"
"2740","1294","call them at the end of this month,right now his c.e.o is very busy,","98","2025-04-10 14:14:23","2025-04-10 14:14:23"
"2741","1294","call them at the end of this month,right now his c.e.o is very busy,","98","2025-04-10 14:14:24","2025-04-10 14:14:24"
"2742","1294","call them at the end of this month,right now his c.e.o is very busy,","98","2025-04-10 14:14:24","2025-04-10 14:14:24"
"2743","1446","they’re not interested in pursuing any external solutions, as they’re in the process of building their own software house.","98","2025-04-10 14:19:29","2025-04-10 14:19:29"
"2744","1377","n.r","98","2025-04-10 14:21:01","2025-04-10 14:21:01"
"2745","1391","number not in use","98","2025-04-10 14:24:00","2025-04-10 14:24:00"
"2746","1392","busy with another call","98","2025-04-10 14:33:44","2025-04-10 14:33:44"
"2747","1394","n.r","98","2025-04-10 14:34:32","2025-04-10 14:34:32"
"2748","1398","n.r","98","2025-04-10 14:37:36","2025-04-10 14:37:36"
"2749","1401","not answered","98","2025-04-10 14:39:22","2025-04-10 14:39:22"
"2750","1415","n.r","98","2025-04-10 14:41:08","2025-04-10 14:41:08"
"2751","1418","n.r","98","2025-04-10 14:45:57","2025-04-10 14:45:57"
"2753","1422","n.r","98","2025-04-10 15:03:17","2025-04-10 15:03:17"
"2754","1424","not interested","98","2025-04-10 15:08:21","2025-04-10 15:08:21"
"2755","1424","in future they willl contact","98","2025-04-10 15:08:47","2025-04-10 15:08:47"
"2756","1425","not answered","98","2025-04-10 15:11:59","2025-04-10 15:11:59"
"2758","1428","not answered","98","2025-04-10 15:28:00","2025-04-10 15:28:00"
"2759","1431","n.r","98","2025-04-10 15:29:13","2025-04-10 15:29:13"
"2760","1359","No Number","114","2025-04-10 15:35:25","2025-04-10 15:35:25"
"2761","1337","not answered","98","2025-04-10 15:35:42","2025-04-10 15:35:42"
"2762","1360","No Res","114","2025-04-10 15:36:15","2025-04-10 15:36:15"
"2763","1432","n.r","98","2025-04-10 15:38:50","2025-04-10 15:38:50"
"2764","1373","Not Interested","114","2025-04-10 15:44:44","2025-04-10 15:44:44"
"2765","1389","No Response","114","2025-04-10 15:46:29","2025-04-10 15:46:29"
"2766","1392","Busy","114","2025-04-10 15:47:13","2025-04-10 15:47:13"
"2767","1394","No response","114","2025-04-10 15:47:55","2025-04-10 15:47:55"
"2768","1366","line busy","98","2025-04-10 15:48:09","2025-04-10 15:48:09"
"2769","1398","No Response","114","2025-04-10 15:49:54","2025-04-10 15:49:54"
"2771","1401","No Response","114","2025-04-10 15:52:45","2025-04-10 15:52:45"
"2772","1414","No Response","114","2025-04-10 15:53:56","2025-04-10 15:53:56"
"2773","1415","Busy","114","2025-04-10 15:54:29","2025-04-10 15:54:29"
"2774","1417","Busy","114","2025-04-10 15:55:14","2025-04-10 15:55:14"
"2775","1418","No Response","114","2025-04-10 15:56:06","2025-04-10 15:56:06"
"2776","1422","Busy","114","2025-04-10 15:56:41","2025-04-10 15:56:41"
"2778","1425","No Response","114","2025-04-10 15:58:14","2025-04-10 15:58:14"
"2779","1426","Busy","114","2025-04-10 15:58:50","2025-04-10 15:58:50"
"2780","1431","No Response","114","2025-04-10 16:00:13","2025-04-10 16:00:13"
"2781","1432","No Response","114","2025-04-10 16:00:40","2025-04-10 16:00:40"
"2782","1433","Busy","114","2025-04-10 16:01:06","2025-04-10 16:01:06"
"2783","1337","No Response","114","2025-04-10 17:02:15","2025-04-10 17:02:15"
"2784","1354","No Response","114","2025-04-10 17:23:57","2025-04-10 17:23:57"
"2785","1393","Not interested","114","2025-04-10 17:26:38","2025-04-10 17:26:38"
"2786","1393","Don't call Company","114","2025-04-10 17:28:20","2025-04-10 17:28:20"
"2787","1384","No Response","114","2025-04-10 17:29:32","2025-04-10 17:29:32"
"2788","1291","No Answer","114","2025-04-10 17:34:09","2025-04-10 17:34:09"
"2789","1428","n.r","98","2025-04-10 17:40:59","2025-04-10 17:40:59"
"2790","1357","Not interested","114","2025-04-10 17:50:53","2025-04-10 17:50:53"
"2791","1390","No number","114","2025-04-10 17:55:59","2025-04-10 17:55:59"
"2792","1447","No Response","114","2025-04-10 17:58:06","2025-04-10 17:58:06"
"2793","1377","n.r","98","2025-04-10 18:01:10","2025-04-10 18:01:10"
"2794","1253","Senior was not present call after 1 hour","114","2025-04-10 18:02:48","2025-04-10 18:02:48"
"2795","1257","Call later","114","2025-04-10 18:12:39","2025-04-10 18:12:39"
"2796","1106","right now, team is busy, no fixed time for meeting , but he will let us know when we will do a meeting, contact only on whatsapp, its easy for him.","98","2025-04-10 18:17:20","2025-04-10 18:17:20"
"2797","1278","Manager is not present call them after 15 minute","114","2025-04-10 18:29:10","2025-04-10 18:29:10"
"2799","1332","No Response","114","2025-04-10 18:33:35","2025-04-10 18:33:35"
"2800","1270","Call was transfered to IT sector but they were busy","114","2025-04-10 18:41:58","2025-04-10 18:41:58"
"2802","1354","No Response","114","2025-04-11 13:26:09","2025-04-11 13:26:09"
"2804","1384","No Number","114","2025-04-11 13:27:34","2025-04-11 13:27:34"
"2806","1291","No Response","114","2025-04-11 13:29:45","2025-04-11 13:29:45"
"2808","1447","No Response","114","2025-04-11 13:31:42","2025-04-11 13:31:42"
"2810","1384","n.r","98","2025-04-11 13:48:34","2025-04-11 13:48:34"
"2811","1291","n.r","98","2025-04-11 13:50:27","2025-04-11 13:50:27"
"2812","965","Call ended will call later","114","2025-04-11 13:52:42","2025-04-11 13:52:42"
"2813","1447","line busy","98","2025-04-11 13:53:37","2025-04-11 13:53:37"
"2814","1447","line busy","98","2025-04-11 13:53:37","2025-04-11 13:53:37"
"2815","962","No Response","114","2025-04-11 13:53:58","2025-04-11 13:53:58"
"2816","1061","No Response","114","2025-04-11 13:54:36","2025-04-11 13:54:36"
"2817","950","Busy","114","2025-04-11 13:55:03","2025-04-11 13:55:03"
"2818","977","No Response","114","2025-04-11 13:55:47","2025-04-11 13:55:47"
"2819","934","Busy","114","2025-04-11 13:56:15","2025-04-11 13:56:15"
"2820","1257","not interested","98","2025-04-11 13:56:24","2025-04-11 13:56:24"
"2821","922","No Response","114","2025-04-11 13:56:58","2025-04-11 13:56:58"
"2822","919","No Response","114","2025-04-11 13:57:45","2025-04-11 13:57:45"
"2823","1044","No Response","114","2025-04-11 13:59:16","2025-04-11 13:59:16"
"2824","951","No Response","114","2025-04-11 14:00:04","2025-04-11 14:00:04"
"2825","1275","call again at tuesday then he will telll about the meeting,right now he is busy 
poit of contact: kamran mirza","98","2025-04-11 14:01:29","2025-04-11 14:01:29"
"2826","941","No Response","114","2025-04-11 14:01:45","2025-04-11 14:01:45"
"2828","1277","not answering","98","2025-04-11 14:05:23","2025-04-11 14:05:23"
"2829","1103","No Response","114","2025-04-11 14:05:27","2025-04-11 14:05:27"
"2830","1091","Busy","114","2025-04-11 14:06:15","2025-04-11 14:06:15"
"2831","1291","n.r","98","2025-04-11 14:07:01","2025-04-11 14:07:01"
"2832","1090","No Response","114","2025-04-11 14:08:03","2025-04-11 14:08:03"
"2833","1354","n.r","98","2025-04-11 14:08:03","2025-04-11 14:08:03"
"2834","1078","No Response","114","2025-04-11 14:08:41","2025-04-11 14:08:41"
"2835","1069","No Response","114","2025-04-11 14:09:32","2025-04-11 14:09:32"
"2836","1060","No Response","114","2025-04-11 14:10:15","2025-04-11 14:10:15"
"2837","1036","No Response","114","2025-04-11 14:10:50","2025-04-11 14:10:50"
"2838","1034","Busy","114","2025-04-11 14:11:25","2025-04-11 14:11:25"
"2839","1022","No Response","114","2025-04-11 14:12:28","2025-04-11 14:12:28"
"2840","1002","No Response","114","2025-04-11 14:13:33","2025-04-11 14:13:33"
"2841","1014","No Response","114","2025-04-11 14:14:51","2025-04-11 14:14:51"
"2842","1014","No Response","114","2025-04-11 14:14:52","2025-04-11 14:14:52"
"2843","998","No Response","114","2025-04-11 14:15:42","2025-04-11 14:15:42"
"2844","958","No Response","114","2025-04-11 14:16:40","2025-04-11 14:16:40"
"2845","1032","Busy","114","2025-04-11 14:17:09","2025-04-11 14:17:09"
"2846","1111","No Response","114","2025-04-11 14:18:06","2025-04-11 14:18:06"
"2847","1377","n.r","98","2025-04-11 14:18:28","2025-04-11 14:18:28"
"2848","1004","Busy","114","2025-04-11 14:18:54","2025-04-11 14:18:54"
"2849","1389","n.r","98","2025-04-11 14:22:54","2025-04-11 14:22:54"
"2850","1394","n.r","98","2025-04-11 14:24:37","2025-04-11 14:24:37"
"2852","1391","n.r","98","2025-04-11 14:39:37","2025-04-11 14:39:37"
"2854","962","not answered","98","2025-04-11 14:44:59","2025-04-11 14:44:59"
"2855","1061","line busy","98","2025-04-11 14:52:09","2025-04-11 14:52:09"
"2857","965","Busy","114","2025-04-11 15:18:28","2025-04-11 15:18:28"
"2858","1285","They said that they don't need software till know.","114","2025-04-11 17:45:55","2025-04-11 17:45:55"
"2859","1366","line busy","98","2025-04-11 18:17:22","2025-04-11 18:17:22"
"2860","1354","n.a","98","2025-04-12 13:04:14","2025-04-12 13:04:14"
"2861","1291","n.r","98","2025-04-12 13:05:30","2025-04-12 13:05:30"
"2862","962","No Response","114","2025-04-12 13:06:21","2025-04-12 13:06:21"
"2863","1449","line busy","98","2025-04-12 13:06:45","2025-04-12 13:06:45"
"2864","1061","No Response","114","2025-04-12 13:07:09","2025-04-12 13:07:09"
"2865","950","No Response","114","2025-04-12 13:07:57","2025-04-12 13:07:57"
"2866","1447","not answered","98","2025-04-12 13:08:02","2025-04-12 13:08:02"
"2867","977","Busy","114","2025-04-12 13:08:23","2025-04-12 13:08:23"
"2868","934","Busy","114","2025-04-12 13:08:50","2025-04-12 13:08:50"
"2869","922","Busy","114","2025-04-12 13:09:17","2025-04-12 13:09:17"
"2870","919","Busy","114","2025-04-12 13:09:44","2025-04-12 13:09:44"
"2871","1277","line busy with another call","98","2025-04-12 13:10:08","2025-04-12 13:10:08"
"2872","1044","Busy","114","2025-04-12 13:10:25","2025-04-12 13:10:25"
"2873","951","Busy","114","2025-04-12 13:10:55","2025-04-12 13:10:55"
"2874","1332","n.r","98","2025-04-12 13:12:33","2025-04-12 13:12:33"
"2875","941","No Response","114","2025-04-12 13:13:17","2025-04-12 13:13:17"
"2876","1377","not answered","98","2025-04-12 13:17:26","2025-04-12 13:17:26"
"2877","1391","not answered","98","2025-04-12 13:21:07","2025-04-12 13:21:07"
"2878","1392","not answered","98","2025-04-12 13:22:20","2025-04-12 13:22:20"
"2880","1394","not answered","98","2025-04-12 13:28:31","2025-04-12 13:28:31"
"2881","1398","not responding","98","2025-04-12 13:37:00","2025-04-12 13:37:00"
"2882","1103","No Response","114","2025-04-12 13:38:16","2025-04-12 13:38:16"
"2883","1091","Busy","114","2025-04-12 13:38:51","2025-04-12 13:38:51"
"2884","1090","Busy","114","2025-04-12 13:39:15","2025-04-12 13:39:15"
"2885","1078","No Response","114","2025-04-12 13:39:53","2025-04-12 13:39:53"
"2886","1401","not answered","98","2025-04-12 13:40:28","2025-04-12 13:40:28"
"2887","1069","No Response","114","2025-04-12 13:41:42","2025-04-12 13:41:42"
"2888","1060","No Response","114","2025-04-12 13:42:26","2025-04-12 13:42:26"
"2889","1036","No Response","114","2025-04-12 13:43:00","2025-04-12 13:43:00"
"2890","1414","number not in use","98","2025-04-12 13:43:22","2025-04-12 13:43:22"
"2891","1034","Busy","114","2025-04-12 13:43:40","2025-04-12 13:43:40"
"2892","1022","No Response","114","2025-04-12 13:44:40","2025-04-12 13:44:40"
"2893","1002","No Response","114","2025-04-12 13:45:33","2025-04-12 13:45:33"
"2894","1014","No Response","114","2025-04-12 13:46:32","2025-04-12 13:46:32"
"2895","1415","powered off","98","2025-04-12 13:46:33","2025-04-12 13:46:33"
"2896","998","No Response","114","2025-04-12 13:47:16","2025-04-12 13:47:16"
"2897","958","No Response","114","2025-04-12 13:47:57","2025-04-12 13:47:57"
"2898","1032","Busy","114","2025-04-12 13:48:30","2025-04-12 13:48:30"
"2899","1111","No Response","114","2025-04-12 13:49:18","2025-04-12 13:49:18"
"2900","1417","not interested, company is closed for now,","98","2025-04-12 13:50:48","2025-04-12 13:50:48"
"2902","1004","No Response","114","2025-04-12 13:59:00","2025-04-12 13:59:00"
"2903","1418","line busy","98","2025-04-12 14:27:02","2025-04-12 14:27:02"
"2904","1422","line busy","98","2025-04-12 14:32:42","2025-04-12 14:32:42"
"2905","1425","not responding","98","2025-04-12 14:35:49","2025-04-12 14:35:49"
"2906","1426","n.r","98","2025-04-12 14:38:06","2025-04-12 14:38:06"
"2907","1426","n.r","98","2025-04-12 14:38:06","2025-04-12 14:38:06"
"2909","1431","line busy","98","2025-04-12 14:48:07","2025-04-12 14:48:07"
"2910","1432","not responding","98","2025-04-12 14:50:49","2025-04-12 14:50:49"
"2911","1337","not answered","98","2025-04-12 14:52:35","2025-04-12 14:52:35"
"2912","962","No Response","114","2025-04-12 18:22:24","2025-04-12 18:22:24"
"2913","1061","No Response","114","2025-04-12 18:23:13","2025-04-12 18:23:13"
"2914","950","No Response","114","2025-04-12 18:24:11","2025-04-12 18:24:11"
"2915","977","No Response","114","2025-04-12 18:24:50","2025-04-12 18:24:50"
"2916","922","No Response","114","2025-04-12 18:26:37","2025-04-12 18:26:37"
"2917","919","No Response","114","2025-04-12 18:27:22","2025-04-12 18:27:22"
"2918","1044","No Response","114","2025-04-12 18:28:53","2025-04-12 18:28:53"
"2919","941","No Response","114","2025-04-12 18:30:04","2025-04-12 18:30:04"
"2921","1103","No Response","114","2025-04-12 18:32:16","2025-04-12 18:32:16"
"2922","1091","Busy","114","2025-04-12 18:32:47","2025-04-12 18:32:47"
"2923","1090","Busy","114","2025-04-12 18:33:37","2025-04-12 18:33:37"
"2924","1078","Busy","114","2025-04-12 18:34:07","2025-04-12 18:34:07"
"2925","1076","Busy","114","2025-04-12 18:34:30","2025-04-12 18:34:30"
"2926","1069","No Response","114","2025-04-12 18:35:27","2025-04-12 18:35:27"
"2927","1060","No Response","114","2025-04-12 18:36:33","2025-04-12 18:36:33"
"2928","1036","No Response","114","2025-04-12 18:37:15","2025-04-12 18:37:15"
"2929","1034","No Response","114","2025-04-12 18:37:46","2025-04-12 18:37:46"
"2930","1022","No Response","114","2025-04-12 18:38:41","2025-04-12 18:38:41"
"2931","1002","No Response","114","2025-04-12 18:39:47","2025-04-12 18:39:47"
"2932","1014","No Response","114","2025-04-12 18:40:46","2025-04-12 18:40:46"
"2933","998","Powered off","114","2025-04-12 18:41:23","2025-04-12 18:41:23"
"2934","1111","No Response","114","2025-04-12 18:42:07","2025-04-12 18:42:07"
"2935","1004","No Response","114","2025-04-12 18:42:58","2025-04-12 18:42:58"
"2936","965","Call ended not interested","114","2025-04-14 13:08:01","2025-04-14 13:08:01"
"2937","962","No Response","114","2025-04-14 13:11:35","2025-04-14 13:11:35"
"2938","1061","No Response","114","2025-04-14 13:12:20","2025-04-14 13:12:20"
"2940","950","No Response","114","2025-04-14 13:13:18","2025-04-14 13:13:18"
"2941","977","No Response","114","2025-04-14 13:16:56","2025-04-14 13:16:56"
"2943","934","No Response","114","2025-04-14 13:18:04","2025-04-14 13:18:04"
"2944","922","No Response","114","2025-04-14 13:18:45","2025-04-14 13:18:45"
"2945","919","No Response","114","2025-04-14 13:20:28","2025-04-14 13:20:28"
"2946","1044","No Response","114","2025-04-14 13:22:00","2025-04-14 13:22:00"
"2947","1044","No Response","114","2025-04-14 13:22:38","2025-04-14 13:22:38"
"2948","1044","No Response","114","2025-04-14 13:22:42","2025-04-14 13:22:42"
"2949","1044","No Response","114","2025-04-14 13:23:21","2025-04-14 13:23:21"
"2950","1044","No Response","114","2025-04-14 13:23:39","2025-04-14 13:23:39"
"2951","1044","No Response","114","2025-04-14 13:23:43","2025-04-14 13:23:43"
"2956","951","No Response","114","2025-04-14 13:31:24","2025-04-14 13:31:24"
"2958","941","No Response","114","2025-04-14 13:34:01","2025-04-14 13:34:01"
"2961","1103","No Response","114","2025-04-14 13:43:56","2025-04-14 13:43:56"
"2962","1091","Busy","114","2025-04-14 13:44:26","2025-04-14 13:44:26"
"2963","1090","Busy","114","2025-04-14 13:44:55","2025-04-14 13:44:55"
"2964","1078","No Response","114","2025-04-14 13:45:36","2025-04-14 13:45:36"
"2965","1069","No Response","114","2025-04-14 13:46:32","2025-04-14 13:46:32"
"2966","1060","Busy","114","2025-04-14 13:46:59","2025-04-14 13:46:59"
"2967","1036","Busy","114","2025-04-14 13:47:24","2025-04-14 13:47:24"
"2968","1034","Busy","114","2025-04-14 13:47:51","2025-04-14 13:47:51"
"2969","1022","No Response","114","2025-04-14 13:48:36","2025-04-14 13:48:36"
"2970","1002","No Response","114","2025-04-14 13:50:48","2025-04-14 13:50:48"
"2971","1014","No Response","114","2025-04-14 13:51:32","2025-04-14 13:51:32"
"2972","998","No Response","114","2025-04-14 13:52:34","2025-04-14 13:52:34"
"2973","958","No Response","114","2025-04-14 13:53:11","2025-04-14 13:53:11"
"2974","1111","No Response","114","2025-04-14 13:54:00","2025-04-14 13:54:00"
"2975","1004","No Response","114","2025-04-14 13:54:37","2025-04-14 13:54:37"
"2977","1354","n.r","98","2025-04-14 14:11:08","2025-04-14 14:11:08"
"2978","1291","n.r","98","2025-04-14 14:12:09","2025-04-14 14:12:09"
"2979","1447","powered off","98","2025-04-14 14:13:20","2025-04-14 14:13:20"
"2980","1277","line busy with another call","98","2025-04-14 14:31:15","2025-04-14 14:31:15"
"2981","1377","send whatsapp number to him, right now no need of software, but he will expand his  business after 3 ton 4 months , wo he will contact us,","98","2025-04-14 14:39:02","2025-04-14 14:39:02"
"2982","1391","she is saying , we are a startup company, right now no need, but in future he will contat us, share proposal again,via email,","98","2025-04-14 14:53:41","2025-04-14 14:53:41"
"2983","1449","They say they will call back","114","2025-04-14 14:55:10","2025-04-14 14:55:10"
"2985","1337","not answered","98","2025-04-14 15:30:05","2025-04-14 15:30:05"
"2987","1449","right now busy .","98","2025-04-14 17:44:28","2025-04-14 17:44:28"
"2988","1394","call again tomorow","98","2025-04-14 17:47:38","2025-04-14 17:47:38"
"2989","962","Powered off","114","2025-04-15 13:20:02","2025-04-15 13:20:02"
"2990","1061","No Response","114","2025-04-15 13:20:48","2025-04-15 13:20:48"
"2996","1354","n.r","98","2025-04-15 13:36:58","2025-04-15 13:36:58"
"2997","1291","n.r","98","2025-04-15 13:37:48","2025-04-15 13:37:48"
"2998","1447","powered off","98","2025-04-15 13:39:30","2025-04-15 13:39:30"
"2999","1449","The information will be send on whatsapp 0346083694 to Imtiaz Ahmad than will discussed with Shayan CEO","114","2025-04-15 13:56:10","2025-04-15 13:56:10"
"3000","1277","n.r","98","2025-04-15 13:59:12","2025-04-15 13:59:12"
"3001","1389","shared the proposal via email,","98","2025-04-15 14:38:00","2025-04-15 14:38:00"
"3004","962","Powered off","114","2025-04-16 14:03:42","2025-04-16 14:03:42"
"3005","1061","No Response","114","2025-04-16 14:04:26","2025-04-16 14:04:26"
"3006","950","No Response","114","2025-04-16 14:05:22","2025-04-16 14:05:22"
"3007","977","No Response","114","2025-04-16 14:06:04","2025-04-16 14:06:04"
"3008","934","No Response","114","2025-04-16 14:07:34","2025-04-16 14:07:34"
"3009","922","No Response","114","2025-04-16 14:08:23","2025-04-16 14:08:23"
"3010","919","No Response","114","2025-04-16 14:09:19","2025-04-16 14:09:19"
"3011","1044","No Response","114","2025-04-16 14:11:02","2025-04-16 14:11:02"
"3012","941","No Response","114","2025-04-16 14:12:14","2025-04-16 14:12:14"
"3013","1091","Busy","114","2025-04-16 14:13:20","2025-04-16 14:13:20"
"3014","1090","Busy","114","2025-04-16 14:13:47","2025-04-16 14:13:47"
"3015","1078","No Response","114","2025-04-16 14:15:07","2025-04-16 14:15:07"
"3016","1069","No Response","114","2025-04-16 14:16:03","2025-04-16 14:16:03"
"3017","1060","No Response","114","2025-04-16 14:16:53","2025-04-16 14:16:53"
"3018","1036","No Response","114","2025-04-16 14:17:39","2025-04-16 14:17:39"
"3019","1034","Busy","114","2025-04-16 14:18:11","2025-04-16 14:18:11"
"3020","1022","Busy","114","2025-04-16 14:18:45","2025-04-16 14:18:45"
"3021","1002","No Response","114","2025-04-16 14:19:29","2025-04-16 14:19:29"
"3022","1014","No Response","114","2025-04-16 14:20:36","2025-04-16 14:20:36"
"3023","998","No Response","114","2025-04-16 14:21:11","2025-04-16 14:21:11"
"3024","958","No Response","114","2025-04-16 14:22:29","2025-04-16 14:22:29"
"3025","1032","No Response","114","2025-04-16 14:23:13","2025-04-16 14:23:13"
"3026","1046","No Response","114","2025-04-16 14:24:16","2025-04-16 14:24:16"
"3027","1111","No Response","114","2025-04-16 14:24:50","2025-04-16 14:24:50"
"3028","1004","No Response","114","2025-04-16 14:25:41","2025-04-16 14:25:41"
"3030","1354","n.r","98","2025-04-16 15:40:55","2025-04-16 15:40:55"
"3031","1291","n..r","98","2025-04-16 15:41:43","2025-04-16 15:41:43"
"3032","1447","powered off","98","2025-04-16 15:43:39","2025-04-16 15:43:39"
"3033","1449","0321 8558787","114","2025-04-16 17:15:04","2025-04-16 17:15:04"
"3035","1275","send details via email","98","2025-04-16 18:16:49","2025-04-16 18:16:49"
"3036","1278","Busy","114","2025-04-16 18:26:46","2025-04-16 18:26:46"
"3038","1354","n.r","98","2025-04-17 14:39:40","2025-04-17 14:39:40"
"3039","1291","n.r","98","2025-04-17 14:44:53","2025-04-17 14:44:53"
"3056","962","powered off","98","2025-04-18 14:10:12","2025-04-18 14:10:12"
"3057","977","n.r","98","2025-04-18 14:11:53","2025-04-18 14:11:53"
"3058","922","n.r","98","2025-04-18 14:19:04","2025-04-18 14:19:04"
"3059","941","n.r","98","2025-04-18 14:20:07","2025-04-18 14:20:07"
"3060","941","n.r","98","2025-04-18 14:20:07","2025-04-18 14:20:07"
"3061","1103","n.r","98","2025-04-18 14:21:54","2025-04-18 14:21:54"
"3062","1090","not answering","98","2025-04-18 14:27:02","2025-04-18 14:27:02"
"3063","1078","n.r","98","2025-04-18 14:28:59","2025-04-18 14:28:59"
"3064","1076","not check the proposal yet,call again for follow up","98","2025-04-18 14:56:46","2025-04-18 14:56:46"
"3065","1069","n.r","98","2025-04-18 15:00:25","2025-04-18 15:00:25"
"3066","1036","not answered","98","2025-04-18 15:01:41","2025-04-18 15:01:41"
"3067","1034","new pitch dech send again to them, she will forward to her c.e.o,
 call again  for follow up,","98","2025-04-18 15:07:25","2025-04-18 15:07:25"
"3070","1002","not interested","98","2025-04-18 17:32:48","2025-04-18 17:32:48"
"3071","1014","n.r","98","2025-04-18 17:33:55","2025-04-18 17:33:55"
"3072","998","n.r","98","2025-04-18 17:34:54","2025-04-18 17:34:54"
"3073","958","n.r","98","2025-04-18 17:35:40","2025-04-18 17:35:40"
"3074","1032","powered off","98","2025-04-18 17:38:10","2025-04-18 17:38:10"
"3075","1437","n.r","98","2025-04-18 17:40:46","2025-04-18 17:40:46"
"3076","1437","n.r","98","2025-04-18 17:40:46","2025-04-18 17:40:46"
"3077","1111","call again at monday","98","2025-04-18 17:43:13","2025-04-18 17:43:13"
"3078","1004","not answered","98","2025-04-18 17:44:02","2025-04-18 17:44:02"
"3096","962","not answering","98","2025-04-21 14:44:48","2025-04-21 14:44:48"
"3097","1083","Email was wrong, today i sent him the pitch dech at whatsapp,","98","2025-04-21 14:49:07","2025-04-21 14:49:07"
"3098","977","not responding","98","2025-04-21 14:50:13","2025-04-21 14:50:13"
"3099","922","not responding","98","2025-04-21 14:51:22","2025-04-21 14:51:22"
"3100","941","not responding","98","2025-04-21 14:52:58","2025-04-21 14:52:58"
"3101","1103","not answering","98","2025-04-21 14:54:57","2025-04-21 14:54:57"
"3102","2144","Powered off","114","2025-04-21 14:59:49","2025-04-21 14:59:49"
"3103","2146","No Response","114","2025-04-21 15:04:41","2025-04-21 15:04:41"
"3104","1078","line busy","98","2025-04-21 15:05:33","2025-04-21 15:05:33"
"3105","1090","not answering","98","2025-04-21 15:07:32","2025-04-21 15:07:32"
"3106","2147","Not Interested, they said that they are small business and they don't need a website.","114","2025-04-21 15:08:04","2025-04-21 15:08:04"
"3107","2148","No Number","114","2025-04-21 15:09:39","2025-04-21 15:09:39"
"3108","2149","No Response","114","2025-04-21 15:12:21","2025-04-21 15:12:21"
"3109","1076","he will contact us , his schedule is very ocupied now,","98","2025-04-21 15:12:57","2025-04-21 15:12:57"
"3110","2150","No Response","114","2025-04-21 15:13:50","2025-04-21 15:13:50"
"3111","1069","not responding","98","2025-04-21 15:13:58","2025-04-21 15:13:58"
"3112","1036","powered off","98","2025-04-21 15:19:31","2025-04-21 15:19:31"
"3113","1034","not answered","98","2025-04-21 15:22:06","2025-04-21 15:22:06"
"3114","1022","not responding","98","2025-04-21 15:22:56","2025-04-21 15:22:56"
"3115","1022","not responding","98","2025-04-21 15:22:58","2025-04-21 15:22:58"
"3116","1022","not responding","98","2025-04-21 15:22:58","2025-04-21 15:22:58"
"3117","1014","not responding","98","2025-04-21 15:27:41","2025-04-21 15:27:41"
"3118","2151","Johnson share his whatsaap number 03120202400 Email 3jdiagnostics@gmail.com","114","2025-04-21 15:28:24","2025-04-21 15:28:24"
"3120","998","not responding","98","2025-04-21 15:31:08","2025-04-21 15:31:08"
"3121","958","not responding","98","2025-04-21 15:31:56","2025-04-21 15:31:56"
"3122","2152","Busy","114","2025-04-21 15:47:49","2025-04-21 15:47:49"
"3123","2153","Busy Now, call tomorrow","114","2025-04-21 15:50:50","2025-04-21 15:50:50"
"3124","2154","No Response","114","2025-04-21 15:53:05","2025-04-21 15:53:05"
"3125","2155","Powered off","114","2025-04-21 15:54:27","2025-04-21 15:54:27"
"3126","2156","Busy","114","2025-04-21 15:55:25","2025-04-21 15:55:25"
"3127","2142","right now line busy","98","2025-04-21 17:10:30","2025-04-21 17:10:30"
"3128","2141","not answering","98","2025-04-21 17:13:06","2025-04-21 17:13:06"
"3129","2141","not answering","98","2025-04-21 17:13:06","2025-04-21 17:13:06"
"3130","1473","they are already using , not interested","98","2025-04-21 17:17:04","2025-04-21 17:17:04"
"3131","2157","She said they are not running any business they don't need website","114","2025-04-21 17:19:47","2025-04-21 17:19:47"
"3132","1474","he said send me the detail on whatsapp, pitch dech send to him,","98","2025-04-21 17:21:05","2025-04-21 17:21:05"
"3133","1475","powered off","98","2025-04-21 17:23:04","2025-04-21 17:23:04"
"3134","1475","powered off","98","2025-04-21 17:23:04","2025-04-21 17:23:04"
"3135","2158","He is busy right now will call him later","114","2025-04-21 17:29:53","2025-04-21 17:29:53"
"3136","1476","pitch dech sent. follow up tomorrow","98","2025-04-21 17:29:57","2025-04-21 17:29:57"
"3137","1476","pitch dech sent. follow up tomorrow","98","2025-04-21 17:29:57","2025-04-21 17:29:57"
"3138","2159","He is not business","114","2025-04-21 17:31:39","2025-04-21 17:31:39"
"3139","2159","He has no business","114","2025-04-21 17:32:09","2025-04-21 17:32:09"
"3140","2159","Wrong Number","114","2025-04-21 17:32:21","2025-04-21 17:32:21"
"3141","1477","not answering","98","2025-04-21 17:33:16","2025-04-21 17:33:16"
"3142","2160","No Answer","114","2025-04-21 17:34:19","2025-04-21 17:34:19"
"3143","1478","not interested","98","2025-04-21 17:35:57","2025-04-21 17:35:57"
"3144","2161","No Response","114","2025-04-21 17:36:08","2025-04-21 17:36:08"
"3145","1479","not answering","98","2025-04-21 17:37:39","2025-04-21 17:37:39"
"3146","2162","They said they are not using this website","114","2025-04-21 17:38:38","2025-04-21 17:38:38"
"3147","2163","He said that he will discuss with his brother and call again","114","2025-04-21 17:47:32","2025-04-21 17:47:32"
"3148","2164","No Response","114","2025-04-21 17:50:52","2025-04-21 17:50:52"
"3149","1480","meeting scheduled for tomorrow at 3: pm","98","2025-04-21 17:51:49","2025-04-21 17:51:49"
"3150","2165","No Response","114","2025-04-21 17:51:50","2025-04-21 17:51:50"
"3151","1481","not answering","98","2025-04-21 17:54:57","2025-04-21 17:54:57"
"3152","2166","Sardar Muhammad Akhtar said Call after 1 hour","114","2025-04-21 17:55:02","2025-04-21 17:55:02"
"3153","2166","Sardar Muhammad Azam is owner and number 03015200175","114","2025-04-21 17:57:27","2025-04-21 17:57:27"
"3154","1483","not answering","98","2025-04-21 17:59:27","2025-04-21 17:59:27"
"3155","2167","He said contact them on Friday He said that he is interested Send him information","114","2025-04-21 18:01:06","2025-04-21 18:01:06"
"3156","1484","not answering","98","2025-04-21 18:01:48","2025-04-21 18:01:48"
"3157","2168","Number not use","114","2025-04-21 18:02:59","2025-04-21 18:02:59"
"3158","1485","not answering","98","2025-04-21 18:03:12","2025-04-21 18:03:12"
"3159","2170","No Response","114","2025-04-21 18:05:45","2025-04-21 18:05:45"
"3160","1486","not answering","98","2025-04-21 18:06:04","2025-04-21 18:06:04"
"3161","2170","Busy","114","2025-04-21 18:06:30","2025-04-21 18:06:30"
"3162","2171","Busy","114","2025-04-21 18:07:26","2025-04-21 18:07:26"
"3163","2172","He is not interested send details on whatsaap 0311 5700426","114","2025-04-21 18:10:47","2025-04-21 18:10:47"
"3164","2174","Call after 1 hour","114","2025-04-21 18:13:46","2025-04-21 18:13:46"
"3165","1509","meeting scheduled for wednesday 3 pm ,","98","2025-04-21 18:20:04","2025-04-21 18:20:04"
"3166","2177","Business off","114","2025-04-21 18:23:37","2025-04-21 18:23:37"
"3167","2178","Busy","114","2025-04-21 18:25:39","2025-04-21 18:25:39"
"3168","2179","No Response","114","2025-04-21 18:27:28","2025-04-21 18:27:28"
"3169","1511","line  busy","98","2025-04-21 18:30:47","2025-04-21 18:30:47"
"3170","2180","He is a tik toker and not interested","114","2025-04-21 18:31:58","2025-04-21 18:31:58"
"3171","1512","not interested","98","2025-04-21 18:33:15","2025-04-21 18:33:15"
"3172","2181","Number not avilable","114","2025-04-21 18:35:54","2025-04-21 18:35:54"
"3173","2182","No Response","114","2025-04-21 18:37:44","2025-04-21 18:37:44"
"3174","2183","He said schedule a meeting tomorrow on 11:00. Share mmeting link on Whatsaap 03335161404","114","2025-04-21 18:46:23","2025-04-21 18:46:23"
"3175","1516","meeting scheduled for tomorrow 6 pm,
he is a freelancer plus he is working on instituiton with his partner, his coworking space is closed,","98","2025-04-21 18:47:40","2025-04-21 18:47:40"
"3176","1516","meeting scheduled for tomorrow 6 pm,
he is a freelancer plus he is working on instituiton with his partner, his coworking space is closed,","98","2025-04-21 18:47:40","2025-04-21 18:47:40"
"3177","1516","meeting scheduled for tomorrow 6 pm,
he is a freelancer plus he is working on instituiton with his partner, his coworking space is closed,","98","2025-04-21 18:47:48","2025-04-21 18:47:48"
"3178","1516","meeting scheduled for tomorrow 6 pm,
he is a freelancer plus he is working on instituiton with his partner, his coworking space is closed,","98","2025-04-21 18:47:48","2025-04-21 18:47:48"
"3179","1516","meeting scheduled for tomorrow 6 pm,
he is a freelancer plus he is working on instituiton with his partner, his coworking space is closed,","98","2025-04-21 18:47:48","2025-04-21 18:47:48"
"3180","1516","meeting scheduled for tomorrow 6 pm,
he is a freelancer plus he is working on instituiton with his partner, his coworking space is closed,","98","2025-04-21 18:47:48","2025-04-21 18:47:48"
"3181","2184","He said they will call but they don't provide phone number","114","2025-04-21 19:08:43","2025-04-21 19:08:43"
"3182","2185","No Answer","114","2025-04-21 19:10:05","2025-04-21 19:10:05"
"3183","2187","Powered off","114","2025-04-21 19:11:20","2025-04-21 19:11:20"
"3184","2188","He said that whatsaap him he will give you number of decission maker 03155274353","114","2025-04-21 19:14:41","2025-04-21 19:14:41"
"3185","2189","Powered off","114","2025-04-21 19:18:13","2025-04-21 19:18:13"
"3186","1519","she is saying our software is linkd with multan dhha, you can call them for this,","98","2025-04-21 19:38:53","2025-04-21 19:38:53"
"3187","1520","not answering","98","2025-04-21 19:40:31","2025-04-21 19:40:31"
"3188","1523","right person is not available , she will convey the message, but call again tomorrow","98","2025-04-21 19:44:39","2025-04-21 19:44:39"
"3189","1526","call again tomorrow,right now he is very exhausted","98","2025-04-21 19:46:58","2025-04-21 19:46:58"
"3190","1532","powered off","98","2025-04-21 19:48:37","2025-04-21 19:48:37"
"3191","1537","he said send mesage at whats , he will tell the detail of other right person,","98","2025-04-21 19:59:50","2025-04-21 19:59:50"
"3192","2183","No Response","114","2025-04-22 12:46:41","2025-04-22 12:46:41"
"3193","2183","They don't want to do it","114","2025-04-22 12:48:06","2025-04-22 12:48:06"
"3194","2151","Call was not clear","114","2025-04-22 12:56:42","2025-04-22 12:56:42"
"3195","2166","Wrong Number","114","2025-04-22 12:59:23","2025-04-22 12:59:23"
"3196","2171","They said that they have closed this website but they need website for other so call them at 4:00","114","2025-04-22 13:03:22","2025-04-22 13:03:22"
"3197","2151","No Response","114","2025-04-22 13:21:45","2025-04-22 13:21:45"
"3198","1507","line busy","98","2025-04-22 13:30:37","2025-04-22 13:30:37"
"3199","1511","line busy","98","2025-04-22 13:32:13","2025-04-22 13:32:13"
"3200","2151","He said that follow up before 12:30","114","2025-04-22 13:34:23","2025-04-22 13:34:23"
"3201","2178","No Response","114","2025-04-22 13:36:42","2025-04-22 13:36:42"
"3202","1544","he declined the call","98","2025-04-22 13:38:42","2025-04-22 13:38:42"
"3203","2181","Not Interested","114","2025-04-22 13:39:38","2025-04-22 13:39:38"
"3204","2182","Zuhaib said that he want to build website He set meeting on Thursday 11:00","114","2025-04-22 13:49:20","2025-04-22 13:49:20"
"3205","2182","03210444471","114","2025-04-22 13:49:30","2025-04-22 13:49:30"
"3206","1550","pitch dech sent via email,","98","2025-04-22 13:59:45","2025-04-22 13:59:45"
"3207","1551","call again in 2nd half, he is busy now","98","2025-04-22 14:02:45","2025-04-22 14:02:45"
"3208","1553","call again after half an hour,","98","2025-04-22 14:04:34","2025-04-22 14:04:34"
"3209","1553","call again after half an hour,","98","2025-04-22 14:04:35","2025-04-22 14:04:35"
"3210","1554","not answering","98","2025-04-22 14:05:59","2025-04-22 14:05:59"
"3211","1554","not answering","98","2025-04-22 14:06:00","2025-04-22 14:06:00"
"3212","1558","not answering","98","2025-04-22 14:12:19","2025-04-22 14:12:19"
"3213","1561","line busy","98","2025-04-22 14:13:31","2025-04-22 14:13:31"
"3214","1564","line busy","98","2025-04-22 14:16:15","2025-04-22 14:16:15"
"3215","1566","not answering","98","2025-04-22 14:17:48","2025-04-22 14:17:48"
"3216","1569","not answering","98","2025-04-22 14:19:09","2025-04-22 14:19:09"
"3217","2189","He said if they want website they will contact us.","114","2025-04-22 14:20:19","2025-04-22 14:20:19"
"3218","2190","He said send information on whatsapp number 03071990695.","114","2025-04-22 14:26:13","2025-04-22 14:26:13"
"3219","1570","not interested,","98","2025-04-22 14:26:39","2025-04-22 14:26:39"
"3220","1570","already using software","98","2025-04-22 14:26:59","2025-04-22 14:26:59"
"3221","2191","No Response","114","2025-04-22 14:28:33","2025-04-22 14:28:33"
"3222","2192","Busy","114","2025-04-22 14:29:30","2025-04-22 14:29:30"
"3223","2193","No Number","114","2025-04-22 14:30:38","2025-04-22 14:30:38"
"3224","1571","wrong coworking, not hive at nishat","98","2025-04-22 14:32:34","2025-04-22 14:32:34"
"3225","2163","No Response","114","2025-04-22 14:33:11","2025-04-22 14:33:11"
"3226","2164","No Response","114","2025-04-22 14:34:02","2025-04-22 14:34:02"
"3227","1572","he is saying,his office is start from 8 pm  you  call after  8 pm,  his c.e.o is in america , he will convey my message to his manager , so call at 8 pm","98","2025-04-22 14:38:28","2025-04-22 14:38:28"
"3228","2195","Call Them tommorow","114","2025-04-22 14:39:19","2025-04-22 14:39:19"
"3229","2196","Mobile off","114","2025-04-22 14:40:27","2025-04-22 14:40:27"
"3230","2197","Busy","114","2025-04-22 14:41:18","2025-04-22 14:41:18"
"3231","2198","Wrong Number","114","2025-04-22 14:43:20","2025-04-22 14:43:20"
"3232","2199","Mobile off","114","2025-04-22 14:44:45","2025-04-22 14:44:45"
"3233","2200","No Number","114","2025-04-22 14:45:44","2025-04-22 14:45:44"
"3234","1573","pitch dech was sent to them, he will check and decide about the meeting","98","2025-04-22 14:49:57","2025-04-22 14:49:57"
"3235","1574","line busy","98","2025-04-22 14:53:04","2025-04-22 14:53:04"
"3236","1577","powered off","98","2025-04-22 14:56:34","2025-04-22 14:56:34"
"3237","1581","pitch dech sent. follow up again","98","2025-04-22 15:03:12","2025-04-22 15:03:12"
"3238","1583","powered off","98","2025-04-22 15:05:16","2025-04-22 15:05:16"
"3239","1585","pitch dech sent to him, he will check his schedule and then tell about the meeting.","98","2025-04-22 15:13:23","2025-04-22 15:13:23"
"3240","1586","line busy","98","2025-04-22 15:15:24","2025-04-22 15:15:24"
"3241","1587","not interested","98","2025-04-22 15:17:56","2025-04-22 15:17:56"
"3242","1594","line busy","98","2025-04-22 15:19:45","2025-04-22 15:19:45"
"3243","1595","pitch dech sent to him,firstly he will review the proposal afrer that he will decide the meeting.. according to his schedule","98","2025-04-22 15:28:47","2025-04-22 15:28:47"
"3244","1596","line busy","98","2025-04-22 15:33:24","2025-04-22 15:33:24"
"3245","1596","line busy","98","2025-04-22 15:33:24","2025-04-22 15:33:24"
"3246","1597","closed","98","2025-04-22 15:36:48","2025-04-22 15:36:48"
"3247","1601","voice distortion call again, plus he is travelling ,","98","2025-04-22 15:44:18","2025-04-22 15:44:18"
"3248","1602","invalid number","98","2025-04-22 15:47:54","2025-04-22 15:47:54"
"3249","1605","line busy","98","2025-04-22 17:31:28","2025-04-22 17:31:28"
"3250","1606","closed","98","2025-04-22 17:36:37","2025-04-22 17:36:37"
"3251","1607","meeting scheduled for tomorrow 4 pm,","98","2025-04-22 18:16:04","2025-04-22 18:16:04"
"3252","1612","not answered","98","2025-04-22 18:18:41","2025-04-22 18:18:41"
"3253","1613","closed","98","2025-04-22 18:20:32","2025-04-22 18:20:32"
"3254","1617","powered off","98","2025-04-22 18:24:51","2025-04-22 18:24:51"
"3255","1620","meeting scheduled  for thursday at 6 pm","98","2025-04-22 18:34:28","2025-04-22 18:34:28"
"3256","1623","not interested","98","2025-04-22 18:37:25","2025-04-22 18:37:25"
"3257","1624","powered off","98","2025-04-22 18:43:32","2025-04-22 18:43:32"
"3258","1633","closed","98","2025-04-23 13:24:11","2025-04-23 13:24:11"
"3259","1635","not answering","98","2025-04-23 13:28:16","2025-04-23 13:28:16"
"3260","1636","not answering","98","2025-04-23 13:30:55","2025-04-23 13:30:55"
"3261","1639","not responding","98","2025-04-23 13:33:39","2025-04-23 13:33:39"
"3262","1640","powered off","98","2025-04-23 13:34:43","2025-04-23 13:34:43"
"3263","1641","line busy","98","2025-04-23 13:36:07","2025-04-23 13:36:07"
"3264","1642","line busy","98","2025-04-23 13:37:16","2025-04-23 13:37:16"
"3265","1648","not answering","98","2025-04-23 13:41:11","2025-04-23 13:41:11"
"3266","1649","not answering","98","2025-04-23 13:43:04","2025-04-23 13:43:04"
"3267","1651","permanently closed","98","2025-04-23 13:46:55","2025-04-23 13:46:55"
"3268","1652","wrong nuymber, not coworking space","98","2025-04-23 13:48:57","2025-04-23 13:48:57"
"3269","1657","powered off","98","2025-04-23 13:51:42","2025-04-23 13:51:42"
"3270","1658","not answering","98","2025-04-23 13:53:30","2025-04-23 13:53:30"
"3271","1664","pitch dech sent to them.","98","2025-04-23 14:18:03","2025-04-23 14:18:03"
"3272","1667","he declined the call","98","2025-04-23 14:21:11","2025-04-23 14:21:11"
"3273","1668","powered off","98","2025-04-23 14:22:05","2025-04-23 14:22:05"
"3274","1672","pitch dech sent .","98","2025-04-23 14:27:01","2025-04-23 14:27:01"
"3275","1673","line busy","98","2025-04-23 14:30:06","2025-04-23 14:30:06"
"3276","1678","no need of software.","98","2025-04-23 14:35:32","2025-04-23 14:35:32"
"3277","1678","they just rent out the offices only,","98","2025-04-23 14:37:16","2025-04-23 14:37:16"
"3278","1680","not responding","98","2025-04-23 14:53:43","2025-04-23 14:53:43"
"3279","1679","not answering","98","2025-04-23 14:58:09","2025-04-23 14:58:09"
"3280","1686","not responding","98","2025-04-23 14:59:51","2025-04-23 14:59:51"
"3281","1687","meeting scheduled for friday at 3 pm","98","2025-04-23 15:12:31","2025-04-23 15:12:31"
"3282","1688","n.a","98","2025-04-23 15:19:54","2025-04-23 15:19:54"
"3283","1691","n.a","98","2025-04-23 15:22:36","2025-04-23 15:22:36"
"3284","1700","n.a","98","2025-04-23 15:24:27","2025-04-23 15:24:27"
"3285","1701","not answering","98","2025-04-23 15:30:38","2025-04-23 15:30:38"
"3286","1704","not interested , already customized software or it solution company","98","2025-04-23 15:44:26","2025-04-23 15:44:26"
"3290","1509","not responding","98","2025-04-23 17:17:54","2025-04-23 17:17:54"
"3291","1702","not responding","98","2025-04-23 18:06:35","2025-04-23 18:06:35"
"3292","1702","not responding","98","2025-04-23 18:06:36","2025-04-23 18:06:36"
"3293","1706","not answering","98","2025-04-23 18:10:16","2025-04-23 18:10:16"
"3294","1707","he will call  us, number is saved","98","2025-04-23 18:13:18","2025-04-23 18:13:18"
"3295","1709","call again after 1 hour","98","2025-04-23 18:18:37","2025-04-23 18:18:37"
"3296","1509","line busy with another call","98","2025-04-23 18:20:58","2025-04-23 18:20:58"
"3297","1714","not intereted","98","2025-04-23 18:37:27","2025-04-23 18:37:27"
"3298","1716","not responding","98","2025-04-23 18:43:37","2025-04-23 18:43:37"
"3299","1717","call again after 1 hour","98","2025-04-23 18:54:58","2025-04-23 18:54:58"
"3300","1706","not answering","98","2025-04-24 13:36:22","2025-04-24 13:36:22"
"3301","1709","not answering","98","2025-04-24 13:38:07","2025-04-24 13:38:07"
"3302","1716","not answering","98","2025-04-24 13:41:17","2025-04-24 13:41:17"
"3303","1717","he said ,they have their own software developer team, but share the propoal he will refers others .","98","2025-04-24 13:47:12","2025-04-24 13:47:12"
"3304","1721","line busy","98","2025-04-24 13:48:31","2025-04-24 13:48:31"
"3305","1724","not answering","98","2025-04-24 13:49:42","2025-04-24 13:49:42"
"3306","1725","not interested","98","2025-04-24 13:51:41","2025-04-24 13:51:41"
"3307","1725","not interested","98","2025-04-24 13:51:42","2025-04-24 13:51:42"
"3308","1730","meeting scheduled at 5 pm.","98","2025-04-24 13:59:51","2025-04-24 13:59:51"
"3309","1738","not interested","98","2025-04-24 14:03:26","2025-04-24 14:03:26"
"3310","1739","line busy","98","2025-04-24 14:05:39","2025-04-24 14:05:39"
"3311","1740","not interested","98","2025-04-24 14:08:19","2025-04-24 14:08:19"
"3316","1741","not interested right now","98","2025-04-24 14:17:27","2025-04-24 14:17:27"
"3317","1744","n.r","98","2025-04-24 14:35:30","2025-04-24 14:35:30"
"3318","1746","pitch dech sent. 
follow up","98","2025-04-24 14:40:29","2025-04-24 14:40:29"
"3319","1748","line busy","98","2025-04-24 14:43:16","2025-04-24 14:43:16"
"3320","1750","line busy","98","2025-04-24 14:44:42","2025-04-24 14:44:42"
"3321","1751","pitch dech sent. he will check his schedule and will tell the meeting time.","98","2025-04-24 14:49:49","2025-04-24 14:49:49"
"3322","1753","sent all the details through whatsapp.","98","2025-04-24 15:13:52","2025-04-24 15:13:52"
"3323","1755","pitch dech sent.
follow up","98","2025-04-24 15:23:29","2025-04-24 15:23:29"
"3324","1757","closed","98","2025-04-24 15:25:11","2025-04-24 15:25:11"
"3325","1757","closed","98","2025-04-24 15:25:11","2025-04-24 15:25:11"
"3326","1509","not responding","98","2025-04-24 15:28:41","2025-04-24 15:28:41"
"3327","1769","closed","98","2025-04-24 15:41:01","2025-04-24 15:41:01"
"3328","1771","meeting scheduled at 3 pm","98","2025-04-24 15:46:02","2025-04-24 15:46:02"
"3329","1771","meeting scheduled for today","98","2025-04-24 15:50:28","2025-04-24 15:50:28"
"3330","1848","line busy n.r","98","2025-04-24 17:21:32","2025-04-24 17:21:32"
"3331","1849","not responding","98","2025-04-24 17:22:36","2025-04-24 17:22:36"
"3332","1851","Meeting scheduled for tomorrow at 4 pm.","98","2025-04-24 17:31:33","2025-04-24 17:31:33"
"3333","1856","Pitch dech sent.
follow up","98","2025-04-24 17:37:31","2025-04-24 17:37:31"
"3334","1857","right now he is busy , call again tomorrow, then he will decide about meeting","98","2025-04-24 17:41:22","2025-04-24 17:41:22"
"3335","1771","meeting done, 
he will discuss with his c.e.o about the software, and then he will text us,","98","2025-04-24 18:13:20","2025-04-24 18:13:20"
"3336","1498","meeting done with. them, they ask to share demo acount.","98","2025-04-24 18:14:59","2025-04-24 18:14:59"
"3337","1607","meeting done, he will let us know , that when he will purchase our software, ask to share demo acount","98","2025-04-24 18:17:06","2025-04-24 18:17:06"
"3338","1480","meeting done,ask to share demo acount","98","2025-04-24 18:20:00","2025-04-24 18:20:00"
"3339","1498","demo acount credentials has been sent on their whatsapp.","98","2025-04-24 18:58:07","2025-04-24 18:58:07"
"3340","1863","line busy","98","2025-04-24 19:05:16","2025-04-24 19:05:16"
"3341","1915","line busy with another call","98","2025-04-24 19:07:12","2025-04-24 19:07:12"
"3342","1923","not required now,  but he will check or refer our software to their contacts","98","2025-04-24 19:11:53","2025-04-24 19:11:53"
"3343","1730","line busy","98","2025-04-24 19:42:15","2025-04-24 19:42:15"
"3344","1509","not responding","98","2025-04-24 19:55:10","2025-04-24 19:55:10"
"3345","1730","The client mentioned that they are a startup coworking space, primarily running an e-commerce business and have recently ventured into coworking. They currently offer 100 seats and their coworking space is located in Bahria Town, Rawalpindi. After the presentation, the client said he would discuss the proposal with his partner and get back to us. He also requested that we share the demo account and pitch deck for further review.","98","2025-04-24 20:21:33","2025-04-24 20:21:33"
"3346","1498","We had a discussion with the client regarding our software, and they showed genuine interest in its features. During the conversation, they asked several questions about the system, including how reminder messages work for meetings, how to create leads within the platform, and how space bookings can be managed, especially for evening or night-time slots. They were particularly curious about how these features could support their operational needs.","98","2025-04-24 20:24:41","2025-04-24 20:24:41"
"3347","1620","Currently, there are only three major and well-known coworking spaces operating in Multan and 2 in other cities. Despite their size and reputation, they are still relying on Excel to manage their day-to-day operations.","98","2025-04-25 12:41:05","2025-04-25 12:41:05"
"3348","1620","ask to share the demo acount.","98","2025-04-25 12:41:32","2025-04-25 12:41:32"
"3349","1784","not required.","98","2025-04-25 13:52:45","2025-04-25 13:52:45"
"3350","1787","invalid number.","98","2025-04-25 14:04:32","2025-04-25 14:04:32"
"3351","1788","he will check his schedule and will tell about  the meeting. pitch dech sent.","98","2025-04-25 14:09:05","2025-04-25 14:09:05"
"3352","1792","Meeting scheduled for monday at 2:30 pm","98","2025-04-25 14:20:04","2025-04-25 14:20:04"
"3353","1795","not answering.","98","2025-04-25 14:23:40","2025-04-25 14:23:40"
"3354","1798","line busy","98","2025-04-25 14:25:59","2025-04-25 14:25:59"
"3355","1799","not answered.","98","2025-04-25 14:27:57","2025-04-25 14:27:57"
"3356","1800","Meeting schduled for monday at 5 pm.","98","2025-04-25 14:37:00","2025-04-25 14:37:00"
"3357","1803","not responding","98","2025-04-25 14:41:49","2025-04-25 14:41:49"
"3358","1803","not responding","98","2025-04-25 14:41:49","2025-04-25 14:41:49"
"3359","1805","not responding.","98","2025-04-25 14:43:08","2025-04-25 14:43:08"
"3360","1806","not answered.","98","2025-04-25 14:45:01","2025-04-25 14:45:01"
"3361","1807","line busy","98","2025-04-25 14:47:34","2025-04-25 14:47:34"
"3362","1808","not answered,","98","2025-04-25 14:49:06","2025-04-25 14:49:06"
"3363","1810","powered off.","98","2025-04-25 14:50:50","2025-04-25 14:50:50"
"3364","1811","not answered.","98","2025-04-25 14:53:17","2025-04-25 14:53:17"
"3365","1813","ask to send pitch. pitch dech sent.","98","2025-04-25 15:00:37","2025-04-25 15:00:37"
"3366","1814","they are a software house , so they dont need a software from us.","98","2025-04-25 15:04:07","2025-04-25 15:04:07"
"3375","1809","ask to share portfolio or pitch dech. pitch dech sent","98","2025-04-25 17:25:00","2025-04-25 17:25:00"
"3376","1818","not answered.","98","2025-04-25 17:29:44","2025-04-25 17:29:44"
"3377","1818","not answered.","98","2025-04-25 17:29:44","2025-04-25 17:29:44"
"3378","1819","call again after 1 hour.","98","2025-04-25 17:31:33","2025-04-25 17:31:33"
"3379","1820","not answered.","98","2025-04-25 17:33:29","2025-04-25 17:33:29"
"3380","1821","no need of software.","98","2025-04-25 17:35:55","2025-04-25 17:35:55"
"3381","1823","call again after 1 hour.","98","2025-04-25 17:38:21","2025-04-25 17:38:21"
"3382","1824","call again after half an hour..","98","2025-04-25 17:40:59","2025-04-25 17:40:59"
"3383","1825","meeting scheduled for tuesday at 5 pm.","98","2025-04-25 17:51:11","2025-04-25 17:51:11"
"3384","1687","The client currently operates four coworking space locations and mentioned that they are not using any software at the moment. During the demo, they asked several questions, including whether we offer a white-label app and if the app can be used for onboarding clients directly. They also inquired about the pricing structure. Additionally, the client expressed interest in having a physical meeting and scheduled it for Monday at 12 PM.","98","2025-04-25 18:26:59","2025-04-25 18:26:59"
"3385","1509","not answering","98","2025-04-25 18:32:35","2025-04-25 18:32:35"
"3386","1824","ask to share the pitch dech. 
pitch dech sent to him today.","98","2025-04-25 19:13:02","2025-04-25 19:13:02"
"3387","1819","not responding.","98","2025-04-25 19:15:11","2025-04-25 19:15:11"
"3388","1826","powered off","98","2025-04-25 19:16:50","2025-04-25 19:16:50"
"3389","1827","not responding.","98","2025-04-25 19:18:34","2025-04-25 19:18:34"
"3390","1828","closed permanently.","98","2025-04-25 19:21:05","2025-04-25 19:21:05"
"3391","1829","invalid information.not coworking space","98","2025-04-25 19:24:04","2025-04-25 19:24:04"
"3392","1833","not Answered.","98","2025-04-25 19:28:17","2025-04-25 19:28:17"
"3393","1795","Meeting scheduled at 11:30 am today.","98","2025-04-28 13:45:34","2025-04-28 13:45:34"
"3394","1798","line busy","98","2025-04-28 13:47:15","2025-04-28 13:47:15"
"3395","1799","not answered now. busy","98","2025-04-28 13:49:07","2025-04-28 13:49:07"
"3396","1803","not responding.","98","2025-04-28 13:50:29","2025-04-28 13:50:29"
"3397","1805","not responding.","98","2025-04-28 13:51:46","2025-04-28 13:51:46"
"3398","1806","not answered.","98","2025-04-28 13:53:29","2025-04-28 13:53:29"
"3399","1807","not answered.","98","2025-04-28 13:55:05","2025-04-28 13:55:05"
"3400","1807","not answering.","98","2025-04-28 13:55:21","2025-04-28 13:55:21"
"3401","1808","call again. I spoke with the person, but he does not know or understand anything about the software.","98","2025-04-28 14:03:04","2025-04-28 14:03:04"
"3402","1810","powered off.","98","2025-04-28 14:03:54","2025-04-28 14:03:54"
"3403","1816","not interested.","98","2025-04-28 14:06:38","2025-04-28 14:06:38"
"3404","1818","not answering.","98","2025-04-28 14:08:09","2025-04-28 14:08:09"
"3405","1818","not answering.","98","2025-04-28 14:08:10","2025-04-28 14:08:10"
"3406","1819","pitcyh dech sent to him.","98","2025-04-28 14:13:16","2025-04-28 14:13:16"
"3407","1820","call again at 2nd half . then he will tell about the meeting.","98","2025-04-28 14:16:38","2025-04-28 14:16:38"
"3408","1823","not answering.","98","2025-04-28 14:18:12","2025-04-28 14:18:12"
"3409","1826","powered off.","98","2025-04-28 14:20:33","2025-04-28 14:20:33"
"3410","1827","not answered .","98","2025-04-28 14:29:15","2025-04-28 14:29:15"
"3411","1833","not answered.","98","2025-04-28 14:32:05","2025-04-28 14:32:05"
"3412","1837","call again after half an hour.","98","2025-04-28 14:35:22","2025-04-28 14:35:22"
"3413","1838","pitch dech sent to him.","98","2025-04-28 14:42:12","2025-04-28 14:42:12"
"3414","1840","line busy.","98","2025-04-28 14:44:03","2025-04-28 14:44:03"
"3415","1841","powered off.","98","2025-04-28 14:45:15","2025-04-28 14:45:15"
"3416","1842","not answered.","98","2025-04-28 14:47:12","2025-04-28 14:47:12"
"3417","1846","powered  off","98","2025-04-28 14:48:00","2025-04-28 14:48:00"
"3418","1848","n.r","98","2025-04-28 14:48:46","2025-04-28 14:48:46"
"3419","1847","not answered.","98","2025-04-28 14:50:12","2025-04-28 14:50:12"
"3420","1849","She says call me at  3: pm, then i will discuss about the meeting.","98","2025-04-28 14:55:01","2025-04-28 14:55:01"
"3421","1853","not answered.","98","2025-04-28 14:57:11","2025-04-28 14:57:11"
"3422","1855","line busy with  another call.","98","2025-04-28 14:59:40","2025-04-28 14:59:40"
"3423","1856","follow up again.","98","2025-04-28 15:02:35","2025-04-28 15:02:35"
"3424","1857","line busy.","98","2025-04-28 15:03:46","2025-04-28 15:03:46"
"3425","1859","not responding.","98","2025-04-28 15:08:13","2025-04-28 15:08:13"
"3426","1860","line busy.","98","2025-04-28 15:10:15","2025-04-28 15:10:15"
"3427","1480","today he will use the demo acount , then will discuss with their members and then will let us know about it.","98","2025-04-28 15:12:39","2025-04-28 15:12:39"
"3428","1863","he is not usinng any software , because they have only 3 person in their coworking space. manually they are handlng so no need of software.","98","2025-04-28 15:20:35","2025-04-28 15:20:35"
"3429","1869","not responding.","98","2025-04-28 15:24:58","2025-04-28 15:24:58"
"3430","1870","not responding.","98","2025-04-28 15:26:22","2025-04-28 15:26:22"
"3431","1792","not answering now.","98","2025-04-28 15:27:59","2025-04-28 15:27:59"
"3432","1873","not answered.","98","2025-04-28 15:33:25","2025-04-28 15:33:25"
"3433","1876","not answered.","98","2025-04-28 15:35:36","2025-04-28 15:35:36"
"3434","1878","call again tomorrow .right now he is busy.","98","2025-04-28 15:39:08","2025-04-28 15:39:08"
"3435","1879","invalid number.","98","2025-04-28 15:40:15","2025-04-28 15:40:15"
"3436","1881","powered off.","98","2025-04-28 15:41:25","2025-04-28 15:41:25"
"3437","1882","ask to share pitch dech. picht dech sent.","98","2025-04-28 15:47:33","2025-04-28 15:47:33"
"3438","1885","not answered.","98","2025-04-28 15:49:10","2025-04-28 15:49:10"
"3439","1886","not answered.","98","2025-04-28 15:50:32","2025-04-28 15:50:32"
"3440","1612","Point of Contact: Adil Zia
Located in Hyderabad, single branch.

Inquired if software can be directly related to bank and  can be linked to WhatsApp
inquired about app 

Wanted to negotiate on price i.e 25k  

Send Demo account with their logo and branding color","106","2025-04-28 17:04:25","2025-04-28 17:04:25"
"3441","1851","meeting not attendend by client. follow up","98","2025-04-28 17:10:47","2025-04-28 17:10:47"
"3442","1851","not answered.","98","2025-04-28 17:11:53","2025-04-28 17:11:53"
"3443","1886","she is saying , she is totally occupied now, call me after 2 days,then  he will tell about the meeting.","98","2025-04-28 17:24:27","2025-04-28 17:24:27"
"3444","1888","invalid . its not coworking space.","98","2025-04-28 17:50:00","2025-04-28 17:50:00"
"3445","1509","not responding.","98","2025-04-28 17:54:02","2025-04-28 17:54:02"
"3446","1792","call again. line busy with another call.","98","2025-04-28 17:56:36","2025-04-28 17:56:36"
"3447","1892","invalid number..","98","2025-04-28 17:58:43","2025-04-28 17:58:43"
"3448","1889","call again after 30 minutes.he is busy now.","98","2025-04-28 18:03:51","2025-04-28 18:03:51"
"3449","1890","call not answered.","98","2025-04-28 18:12:15","2025-04-28 18:12:15"
"3450","1890","call not answered.","98","2025-04-28 18:12:15","2025-04-28 18:12:15"
"3451","1792","he sent a other person number yusra, now contact her next.","98","2025-04-28 18:17:59","2025-04-28 18:17:59"
"3452","1895","ask to send a message at whatsapp, then he will tell about the meeting.","98","2025-04-28 18:31:10","2025-04-28 18:31:10"
"3453","1897","line busy now.","98","2025-04-28 18:32:58","2025-04-28 18:32:58"
"3454","1898","not responding.","98","2025-04-28 18:34:57","2025-04-28 18:34:57"
"3455","1899","ask to share the product line. picth dech sent to him.","98","2025-04-28 18:41:31","2025-04-28 18:41:31"
"3456","1837","right now they dont neend a software, because they are not a developed coworking space. they rent out the space as to company as well.","98","2025-04-28 18:51:15","2025-04-28 18:51:15"
"3457","1820","he declined the call.","98","2025-04-28 18:52:36","2025-04-28 18:52:36"
"3458","1823","not answering","98","2025-04-28 18:53:44","2025-04-28 18:53:44"
"3459","1849","Meeting scheduled for tomorrow at 4:15 pm.","98","2025-04-28 19:29:50","2025-04-28 19:29:50"
"3460","1792","demo acount credentials has been sent to yusra's email.","98","2025-04-28 19:35:26","2025-04-28 19:35:26"
"3461","1897","ask to send a pitch dech. pitch dech sent.","98","2025-04-29 13:33:46","2025-04-29 13:33:46"
"3462","1898","not responding.","98","2025-04-29 13:36:20","2025-04-29 13:36:20"
"3463","1901","line busy with another call","98","2025-04-29 13:40:54","2025-04-29 13:40:54"
"3464","1904","not responding.","98","2025-04-29 13:43:49","2025-04-29 13:43:49"
"3465","1905","not interested. they provide spaces for companies and they have already customized sofwtare.","98","2025-04-29 13:47:00","2025-04-29 13:47:00"
"3466","1907","powered off","98","2025-04-29 13:49:48","2025-04-29 13:49:48"
"3467","1909","closed.","98","2025-04-29 13:51:24","2025-04-29 13:51:24"
"3468","1910","firstly he sad he will provide the number of his manager , but in the mid of the discussion , he declined the call, when i call him back, he declined the call again.","98","2025-04-29 13:57:05","2025-04-29 13:57:05"
"3469","1915","line  busy.","98","2025-04-29 14:06:05","2025-04-29 14:06:05"
"3470","1916","Meeting scheduled for monday 5 may at 10:30 am","98","2025-04-29 14:13:21","2025-04-29 14:13:21"
"3471","1933","not answered.","98","2025-04-29 14:23:06","2025-04-29 14:23:06"
"3472","1934","ask to share the details. picth dech sent","98","2025-04-29 14:26:45","2025-04-29 14:26:45"
"3473","1935","line busy.","98","2025-04-29 14:28:41","2025-04-29 14:28:41"
"3474","1936","not answered.","98","2025-04-29 14:31:36","2025-04-29 14:31:36"
"3475","1949","not answered.","98","2025-04-29 14:34:26","2025-04-29 14:34:26"
"3476","1951","not coworking space.","98","2025-04-29 14:35:49","2025-04-29 14:35:49"
"3477","1952","closed permanently.","98","2025-04-29 14:37:55","2025-04-29 14:37:55"
"3478","1953","powered off.","98","2025-04-29 14:39:02","2025-04-29 14:39:02"
"3479","1955","meeting scheduled for tomorrow at 3:00 pm","98","2025-04-29 14:46:13","2025-04-29 14:46:13"
"3480","1959","ask to share the details on whatsapp. pitch dech sent.","98","2025-04-29 14:52:24","2025-04-29 14:52:24"
"3481","1961","not answered.","98","2025-04-29 15:08:17","2025-04-29 15:08:17"
"3482","1962","calll again at next week. right now he is very busy.","98","2025-04-29 15:11:35","2025-04-29 15:11:35"
"3483","1963","not answered.","98","2025-04-29 15:16:32","2025-04-29 15:16:32"
"3484","1970","ask to share detail on whatsapp. pitch dech sent to him.","98","2025-04-29 15:28:49","2025-04-29 15:28:49"
"3485","1971","not interested.","98","2025-04-29 15:34:58","2025-04-29 15:34:58"
"3486","1972","not responding.","98","2025-04-29 15:36:46","2025-04-29 15:36:46"
"3487","1975","line busy.","98","2025-04-29 15:39:41","2025-04-29 15:39:41"
"3488","1976","ask to share all the details on whatsapp.
pitch dech sent.","98","2025-04-29 15:44:08","2025-04-29 15:44:08"
"3489","1978","line busy.","98","2025-04-29 17:33:56","2025-04-29 17:33:56"
"3490","1979","line busy.","98","2025-04-29 17:34:52","2025-04-29 17:34:52"
"3491","1980","line busy .","98","2025-04-29 17:39:55","2025-04-29 17:39:55"
"3492","1981","not answered.","98","2025-04-29 17:41:20","2025-04-29 17:41:20"
"3493","1985","permanently closed.","98","2025-04-29 17:59:54","2025-04-29 17:59:54"
"3494","1987","temporarily closed.","98","2025-04-29 18:09:07","2025-04-29 18:09:07"
"3495","1988","ask to share the pitch dech. 
pitch dech sent.","98","2025-04-29 18:15:13","2025-04-29 18:15:13"
"3496","1989","call again after 1 hour.he is outside now.","98","2025-04-29 18:17:41","2025-04-29 18:17:41"
"3497","1990","powered off.","98","2025-04-29 18:29:17","2025-04-29 18:29:17"
"3498","1991","invalid number","98","2025-04-29 18:32:42","2025-04-29 18:32:42"
"3499","1849","The meeting with the client has been completed. They currently have only one coworking space. During the discussion, they inquired whether the software can be purchased on a module-based model and also asked about the deployment process. Additionally, they asked whether leads need to be added manually. Ms. Rutaba raised a question about whether event-related messages can be shown to their internal team. The client also asked if all the features in the product are fully developed and whether the software has been built from scratch. Lastly, Ms. Rutaba requested to see the visitor management feature again, so we gave a brief explanation of how it works, including visitor check-in/check-out, team notifications, and tracking.","98","2025-04-29 20:17:44","2025-04-29 20:17:44"
"3500","1800","meeting done with them.","98","2025-04-29 20:19:42","2025-04-29 20:19:42"
"3501","1849","Usman Subhani - Manages Co working space
Rutaba - Marketing Manager

Inquired leads will be added manually or can be integrated with whatsapp and instagram

inquired if whatsapp messeges can be read and converted to lead ( this is to be discussed with technical team)

Notification of events will be  received on whatsapp or rmail

Interested in visitor's feature

Send details and pricing after going through that will go for demo","106","2025-04-29 20:22:14","2025-04-29 20:22:14"
"3502","1981","not answered.","98","2025-04-30 13:29:50","2025-04-30 13:29:50"
"3503","1983","line busy.","98","2025-04-30 13:31:15","2025-04-30 13:31:15"
"3504","1989","he declined the call.","98","2025-04-30 13:33:06","2025-04-30 13:33:06"
"3505","1990","not responding.","98","2025-04-30 13:34:10","2025-04-30 13:34:10"
"3506","1992","powered off.","98","2025-04-30 13:35:06","2025-04-30 13:35:06"
"3507","1995","line busy.","98","2025-04-30 13:36:04","2025-04-30 13:36:04"
"3508","1997","call again tomorrow . she will convey this message to c.e.o .","98","2025-04-30 13:39:55","2025-04-30 13:39:55"
"3509","1998","not answered.","98","2025-04-30 13:41:13","2025-04-30 13:41:13"
"3510","1999","not responding.","98","2025-04-30 13:42:09","2025-04-30 13:42:09"
"3511","2001","not answered.","98","2025-04-30 13:44:28","2025-04-30 13:44:28"
"3512","2002","he will send a number of his c.e.o","98","2025-04-30 13:47:42","2025-04-30 13:47:42"
"3513","2004","not responding .","98","2025-04-30 13:49:21","2025-04-30 13:49:21"
"3514","2005","not answered.","98","2025-04-30 13:50:36","2025-04-30 13:50:36"
"3515","2006","powered off.","98","2025-04-30 13:51:27","2025-04-30 13:51:27"
"3516","2008","not responding.","98","2025-04-30 13:52:44","2025-04-30 13:52:44"
"3517","2009","he declined. line busy","98","2025-04-30 13:53:45","2025-04-30 13:53:45"
"3518","2010","powered off.","98","2025-04-30 13:55:14","2025-04-30 13:55:14"
"3519","2012","not responding.","98","2025-04-30 13:56:15","2025-04-30 13:56:15"
"3520","2013","right now , his coworking space is on in initial stage, have already a it business. for now not need a software for coworking but in future he will discuss about it. but right no need.","98","2025-04-30 14:00:41","2025-04-30 14:00:41"
"3521","2014","permanently closed.","98","2025-04-30 14:01:54","2025-04-30 14:01:54"
"3522","2015","ask to share the detail on whatsapp, 
pitch dech sent","98","2025-04-30 14:09:29","2025-04-30 14:09:29"
"3523","2016","not answered.","98","2025-04-30 14:10:59","2025-04-30 14:10:59"
"3524","2017","firstly he pick and then he declined the call.","98","2025-04-30 14:16:53","2025-04-30 14:16:53"
"3525","2019","totally not interested.","98","2025-04-30 14:19:10","2025-04-30 14:19:10"
"3526","2020","permanently closed.","98","2025-04-30 14:21:08","2025-04-30 14:21:08"
"3527","1498","he is in lahore for 3 days , he  will reach back at friday evenning then he will discuss with his team. call again at monday for follow up.","98","2025-04-30 14:37:17","2025-04-30 14:37:17"
"3528","1730","not answered.","98","2025-04-30 15:04:17","2025-04-30 15:04:17"
"3529","1620","i sent a message  to him that provide all the details so i can make a demo acount.","98","2025-04-30 15:10:18","2025-04-30 15:10:18"
"3530","1509","he answered the call but no response.","98","2025-04-30 15:25:22","2025-04-30 15:25:22"
"3531","2058","ask to share the details of software. 
pitch dech sent","98","2025-04-30 15:35:20","2025-04-30 15:35:20"
"3532","2059","they just rent out the offices. no need software.","98","2025-04-30 15:38:02","2025-04-30 15:38:02"
"3533","2060","not responding.","98","2025-04-30 15:40:17","2025-04-30 15:40:17"
"3534","2062","call again after  2 pm.","98","2025-04-30 15:43:15","2025-04-30 15:43:15"
"3535","2064","powered off.","98","2025-04-30 15:44:56","2025-04-30 15:44:56"
"3536","2067","curently closed for some reasons  , but after some time he will reopen , but he ask to share details of software. 
picth dech sent .","98","2025-04-30 15:50:33","2025-04-30 15:50:33"
"3537","2058","he needs a software for his coworking . when the coworking goes operational.","98","2025-04-30 15:52:00","2025-04-30 15:52:00"
"3538","2062","line busy with another call.","98","2025-04-30 17:19:01","2025-04-30 17:19:01"
"3539","2069","call again at friday. she is on leave today.","98","2025-04-30 17:22:51","2025-04-30 17:22:51"
"3540","2070","not responding.","98","2025-04-30 17:24:11","2025-04-30 17:24:11"
"3541","2071","closed.","98","2025-04-30 17:27:11","2025-04-30 17:27:11"
"3542","2071","closed.","98","2025-04-30 17:27:11","2025-04-30 17:27:11"
"3543","2072","busy with another call.","98","2025-04-30 17:28:17","2025-04-30 17:28:17"
"3544","2075","closed.","98","2025-04-30 17:31:17","2025-04-30 17:31:17"
"3545","2076","call again after some time.","98","2025-04-30 17:34:13","2025-04-30 17:34:13"
"3546","2084","ask to share the details on whatsapp. 
pitch dech sent.","98","2025-04-30 17:40:12","2025-04-30 17:40:12"
"3547","2089","closed.","98","2025-04-30 17:42:01","2025-04-30 17:42:01"
"3548","2097","not coworking space .","98","2025-04-30 17:51:41","2025-04-30 17:51:41"
"3549","2099","not answered.","98","2025-04-30 17:56:14","2025-04-30 17:56:14"
"3550","2101","temporarily closed.","98","2025-04-30 17:57:20","2025-04-30 17:57:20"
"3551","2105","not answered.","98","2025-04-30 18:18:43","2025-04-30 18:18:43"
"3552","2106","call again tomorrow.","98","2025-04-30 18:21:21","2025-04-30 18:21:21"
"3553","2107","powered off.","98","2025-04-30 18:22:45","2025-04-30 18:22:45"
"3554","2108","not responding.","98","2025-04-30 18:23:55","2025-04-30 18:23:55"
"3555","2109","SixSEED does not operate a physical coworking space","98","2025-04-30 18:25:37","2025-04-30 18:25:37"
"3556","2110","not responding","98","2025-04-30 18:26:40","2025-04-30 18:26:40"
"3557","2112","Meeting scheduled for monday at 3:pm","98","2025-04-30 18:38:13","2025-04-30 18:38:13"
"3558","2115","not interested.","98","2025-04-30 18:42:08","2025-04-30 18:42:08"
"3559","2116","powered off.","98","2025-04-30 18:42:53","2025-04-30 18:42:53"
"3560","1800","not answered.","98","2025-04-30 18:46:32","2025-04-30 18:46:32"
"3561","2122","not reachable.","98","2025-04-30 18:50:31","2025-04-30 18:50:31"
"3562","2123","permanently closed.","98","2025-04-30 18:52:20","2025-04-30 18:52:20"
"3564","2130","powered off.","98","2025-04-30 19:09:40","2025-04-30 19:09:40"
"3565","2131","ask to share the detail on whatsapp. 
pitch dech sent .","98","2025-04-30 19:16:36","2025-04-30 19:16:36"
"3566","2132","not answered.","98","2025-04-30 19:18:28","2025-04-30 19:18:28"
"3567","2137","powered off.","98","2025-04-30 19:19:26","2025-04-30 19:19:26"
"3568","2137","powered off.","98","2025-04-30 19:19:26","2025-04-30 19:19:26"
"3569","2137","powered off.","98","2025-04-30 19:19:26","2025-04-30 19:19:26"
"3570","2139","he said that call me at friday for meeting, right now he is occupied .","98","2025-04-30 19:23:29","2025-04-30 19:23:29"
"3571","1825","she declined the call.","98","2025-04-30 19:30:55","2025-04-30 19:30:55"
"3572","1474","call after 2 pm.","98","2025-05-02 13:23:51","2025-05-02 13:23:51"
"3573","1476","not answered.","98","2025-05-02 13:25:32","2025-05-02 13:25:32"
"3574","1573","not answered.","98","2025-05-02 13:34:58","2025-05-02 13:34:58"
"3575","1581","not answered.","98","2025-05-02 13:37:11","2025-05-02 13:37:11"
"3576","1585","not responding  now.","98","2025-05-02 13:38:39","2025-05-02 13:38:39"
"3577","1595","he declined the call.","98","2025-05-02 13:41:41","2025-05-02 13:41:41"
"3578","1612","not responding now.","98","2025-05-02 13:45:51","2025-05-02 13:45:51"
"3579","1664","not answered.","98","2025-05-02 13:53:17","2025-05-02 13:53:17"
"3580","1672","line busy with another call.","98","2025-05-02 13:56:24","2025-05-02 13:56:24"
"3581","1746","no check proposal yet, but he will do a meeting. he said contact me on tuesday. then he will decide about the meeting. hopefully he will do a meeting next day .","98","2025-05-02 14:09:25","2025-05-02 14:09:25"
"3582","1751","meeting scheduled for today at 5 pm.","98","2025-05-02 14:16:46","2025-05-02 14:16:46"
"3583","1753","send message on whatsapp. voice distortion.","98","2025-05-02 14:22:20","2025-05-02 14:22:20"
"3584","1755","right now they hire a team. so no need of software right now.","98","2025-05-02 14:26:33","2025-05-02 14:26:33"
"3585","1607","not responding.","98","2025-05-02 14:28:39","2025-05-02 14:28:39"
"3586","1792","call again at monday.havent use the demo. they are busy in work. she will let us know .","98","2025-05-02 14:31:39","2025-05-02 14:31:39"
"3587","1620","he is not interested right now. he said i dont want to waste your resources. he will contact in future.","98","2025-05-02 14:40:31","2025-05-02 14:40:31"
"3588","1730","not answered.","98","2025-05-02 14:42:17","2025-05-02 14:42:17"
"3589","1771","he will contact us. they need some time.","98","2025-05-02 14:44:59","2025-05-02 14:44:59"
"3590","1849","not answered.","98","2025-05-02 14:51:53","2025-05-02 14:51:53"
"3591","1882","he is not in the office now.call again after 4 pm","98","2025-05-02 14:57:05","2025-05-02 14:57:05"
"3592","1886","meeting scheduled for monday at 11 am.","98","2025-05-02 15:16:03","2025-05-02 15:16:03"
"3593","1887","call again at 2nd half.she is sleeping now.","98","2025-05-02 15:20:32","2025-05-02 15:20:32"
"3594","2139","not answered.","98","2025-05-02 15:23:44","2025-05-02 15:23:44"
"3595","1813","call again at  2nd haf.","98","2025-05-02 15:27:31","2025-05-02 15:27:31"
"3596","1819","havent check proposal yet. ask to send again. proposal sent. follow up again.","98","2025-05-02 15:33:01","2025-05-02 15:33:01"
"3597","1824","Meeting schduled for thursday 8 may at 12 pm.","98","2025-05-02 15:50:58","2025-05-02 15:50:58"
"3598","1795","he is using demo . call again at monday for further discussion.","98","2025-05-02 17:49:14","2025-05-02 17:49:14"
"3599","1895","he said no need of software, but he will let us know and will reply on whatsapp,","98","2025-05-02 17:57:34","2025-05-02 17:57:34"
"3600","1897","powered off","98","2025-05-02 17:58:37","2025-05-02 17:58:37"
"3601","1899","busy with another call.","98","2025-05-02 18:00:22","2025-05-02 18:00:22"
"3602","1934","havent check proposal and not interested right now.","98","2025-05-02 18:09:07","2025-05-02 18:09:07"
"3603","1959","he said send message at whatsapp, he is a meeting right now.  message sent.","98","2025-05-02 18:17:40","2025-05-02 18:17:40"
"3604","1970","not answered.","98","2025-05-02 18:21:13","2025-05-02 18:21:13"
"3605","1976","not interested , they have a small setup,no need of software.","98","2025-05-02 18:24:51","2025-05-02 18:24:51"
"3606","1988","havent check the proposal, call again at monday.","98","2025-05-02 18:28:34","2025-05-02 18:28:34"
"3607","2015","not answered.","98","2025-05-02 18:35:44","2025-05-02 18:35:44"
"3608","2084","he will review today. call again at monday.","98","2025-05-02 18:48:13","2025-05-02 18:48:13"
"3609","2131","right now they dont need but they will need  software in a future so  he will contact at future.","98","2025-05-02 18:57:20","2025-05-02 18:57:20"
"3610","2139","still not answered.","98","2025-05-02 18:59:27","2025-05-02 18:59:27"
"3611","1751","During meeting client says that  they operate two coworking spaces, including one at the NADRA Office on 6H Road. Their spaces host a mix of companies and approximately 100 freelancers. Currently, they manage operations manually using Excel sheets, but they expressed a clear interest in transitioning to a more streamlined software solution. Specifically, they are looking for a system that includes CRM functionalities and supports sales expansion to enhance efficiency and growth. The client demonstrated an opportunistic mindset, and midway through the conversation, they inquired about features like voice generation and expressed interest in a yearly subscription model. With 6 to 7 companies already utilizing their coworking spaces, they see potential in adopting technology to support their operations. They seemed genuinely interested in our proposal and mentioned they would discuss the solution further with their management team before making a final decision.","98","2025-05-02 20:44:51","2025-05-02 20:44:51"
"3612","1916","line busy.","98","2025-05-05 13:22:22","2025-05-05 13:22:22"
"3613","1474","no answered.","98","2025-05-05 13:44:34","2025-05-05 13:44:34"
"3614","1916","not answered.","98","2025-05-05 13:48:31","2025-05-05 13:48:31"
"3615","1476","havent check the proposal yet. follow up again.","98","2025-05-05 13:51:27","2025-05-05 13:51:27"
"3616","1573","he is out of station, call again tomorrow.","98","2025-05-05 13:58:04","2025-05-05 13:58:04"
"3617","1581","not answered.","98","2025-05-05 13:59:49","2025-05-05 13:59:49"
"3618","1595","not answered.","98","2025-05-05 14:01:15","2025-05-05 14:01:15"
"3619","1664","Havent check the poposal, he will review the proposal today and then will tell us know about it.","98","2025-05-05 14:05:39","2025-05-05 14:05:39"
"3620","1672","havent check the proposal, send a reminder message ,","98","2025-05-05 14:08:52","2025-05-05 14:08:52"
"3621","1792","not responding","98","2025-05-05 14:13:32","2025-05-05 14:13:32"
"3622","1730","Not answered.","98","2025-05-05 14:31:20","2025-05-05 14:31:20"
"3623","1795","line busy.","98","2025-05-05 14:32:54","2025-05-05 14:32:54"
"3624","1607","call again at evenning. havent check the demo, 
follow up again.","98","2025-05-05 14:35:37","2025-05-05 14:35:37"
"3625","1686","ask to share pitch dech. pitch dech sent","98","2025-05-05 14:51:01","2025-05-05 14:51:01"
"3626","1751","he will do a meeting with his managment team in this week, then he will let us knwo about it.","98","2025-05-05 14:56:15","2025-05-05 14:56:15"
"3627","1498","not answered.","98","2025-05-05 14:58:01","2025-05-05 14:58:01"
"3628","1706","Meeting scheduled for today at 12: 30 pm","98","2025-05-05 15:07:25","2025-05-05 15:07:25"
"3629","1709","right now not interested.","98","2025-05-05 15:10:46","2025-05-05 15:10:46"
"3630","1720","not answering.","98","2025-05-05 15:14:31","2025-05-05 15:14:31"
"3631","1721","not responding.","98","2025-05-05 15:16:00","2025-05-05 15:16:00"
"3632","1724","not interested right now.","98","2025-05-05 15:20:47","2025-05-05 15:20:47"
"3633","1748","not answered.","98","2025-05-05 15:24:39","2025-05-05 15:24:39"
"3634","1761","Meeting scheduled for tomorrow at 11 am .","98","2025-05-05 15:38:43","2025-05-05 15:38:43"
"3635","1761","Meeting scheduled for tomorrow at 11 am .","98","2025-05-05 15:38:43","2025-05-05 15:38:43"
"3636","1765","line busy.","98","2025-05-05 15:41:16","2025-05-05 15:41:16"
"3637","1768","closed","98","2025-05-05 15:42:47","2025-05-05 15:42:47"
"3638","1706","Point of contact: Azam Mughal

Not interested as of now

have another company as well besides co working space","106","2025-05-05 15:49:23","2025-05-05 15:49:23"
"3639","2112","not answered.","98","2025-05-05 17:23:49","2025-05-05 17:23:49"
"3640","1783","not answered","98","2025-05-05 17:28:44","2025-05-05 17:28:44"
"3641","1783","not answered","98","2025-05-05 17:28:44","2025-05-05 17:28:44"
"3642","1788","call again after some time.","98","2025-05-05 17:30:35","2025-05-05 17:30:35"
"3643","1794","wrong information. not coworking space.","98","2025-05-05 17:34:11","2025-05-05 17:34:11"
"3644","1798","line busy with another call","98","2025-05-05 17:35:23","2025-05-05 17:35:23"
"3645","2112","Meeting reschedule for tomorrow at 1 pm","98","2025-05-05 17:47:19","2025-05-05 17:47:19"
"3646","1805","not responding","98","2025-05-05 17:48:48","2025-05-05 17:48:48"
"3647","1806","not right person. call again after sometime.","98","2025-05-05 17:50:46","2025-05-05 17:50:46"
"3648","1807","not answering.","98","2025-05-05 17:54:38","2025-05-05 17:54:38"
"3649","1810","powered off.","98","2025-05-05 17:55:34","2025-05-05 17:55:34"
"3650","1810","powered off.","98","2025-05-05 17:55:34","2025-05-05 17:55:34"
"3651","1813","havent check the proposal yet,no need of sofware right now, he is using online software. but he will review the proposal, follow up again.","98","2025-05-05 18:00:47","2025-05-05 18:00:47"
"3652","1818","not answering.","98","2025-05-05 18:20:36","2025-05-05 18:20:36"
"3653","1819","not responding.","98","2025-05-05 18:21:42","2025-05-05 18:21:42"
"3654","1820","not answering.","98","2025-05-05 18:23:20","2025-05-05 18:23:20"
"3655","1838","not answered.","98","2025-05-05 18:30:40","2025-05-05 18:30:40"
"3656","1848","not responding.","98","2025-05-05 18:32:38","2025-05-05 18:32:38"
"3657","1856","not answered.","98","2025-05-05 18:34:45","2025-05-05 18:34:45"
"3658","1857","he is saying that , i will discuss with my team, and will let you know about it.
follow up again.","98","2025-05-05 18:40:00","2025-05-05 18:40:00"
"3659","1823","he said text me at whats app then he will provide the number of right person.","98","2025-05-05 18:43:18","2025-05-05 18:43:18"
"3660","1826","powered off.","98","2025-05-05 18:47:55","2025-05-05 18:47:55"
"3661","1827","he declined the call.","98","2025-05-05 18:48:59","2025-05-05 18:48:59"
"3662","1833","not  answered.","98","2025-05-05 18:50:59","2025-05-05 18:50:59"
"3663","1841","call again,  after some time.she is busy now.","98","2025-05-05 18:54:00","2025-05-05 18:54:00"
"3664","1842","right now they have only 6 to 7 member so for 7 persons , no need of software , in future he will  surely contact  us.us.","98","2025-05-05 18:57:32","2025-05-05 18:57:32"
"3665","1882","He is in a meeting right now, call after sometime.","98","2025-05-05 19:06:06","2025-05-05 19:06:06"
"3666","1859","not responding.","98","2025-05-05 19:08:17","2025-05-05 19:08:17"
"3667","1864","ask to share pitch dech on email.","98","2025-05-05 19:11:36","2025-05-05 19:11:36"
"3668","1869","not responding.","98","2025-05-05 19:16:30","2025-05-05 19:16:30"
"3669","1870","not responding","98","2025-05-05 19:17:31","2025-05-05 19:17:31"
"3670","1873","he is not the member of coworking space, he just rent out the office 2 years before. not coworking space number","98","2025-05-05 19:21:01","2025-05-05 19:21:01"
"3671","1876","its under construction not completed yet. it will complete in 2 3 months .","98","2025-05-05 19:24:22","2025-05-05 19:24:22"
"3672","1886","Point of contact: Alishba

small set up, handling everything manually.

Will discuss with management and will let us know","106","2025-05-05 20:04:39","2025-05-05 20:04:39"
"3673","1761","meeting has done with him.He is the coordinator of a coworking space that operates multiple branches. Currently, they are managing all their operations manually, which he acknowledged is becoming increasingly inefficient as they scale. During our discussion, he showed interest in our software solution and mentioned that it could be a good fit for their needs. He also said he would refer me to other relevant contacts within their organization who might be involved in the decision-making process.","98","2025-05-06 14:26:24","2025-05-06 14:26:24"
"3674","1474","Pitch dech send again. 
sent. follow up","98","2025-05-06 14:37:35","2025-05-06 14:37:35"
"3675","1476","not answered.","98","2025-05-06 14:39:00","2025-05-06 14:39:00"
"3676","1573","not answered.","98","2025-05-06 14:40:39","2025-05-06 14:40:39"
"3677","1581","not answered.","98","2025-05-06 14:42:02","2025-05-06 14:42:02"
"3678","1595","not answered.","98","2025-05-06 14:43:21","2025-05-06 14:43:21"
"3679","1664","not answered.","98","2025-05-06 14:45:03","2025-05-06 14:45:03"
"3680","1672","line busy.","98","2025-05-06 14:49:00","2025-05-06 14:49:00"
"3681","1838","not answered.","98","2025-05-06 14:56:53","2025-05-06 14:56:53"
"3682","1882","not answered.","98","2025-05-06 14:58:29","2025-05-06 14:58:29"
"3683","1882","not answered.","98","2025-05-06 14:58:30","2025-05-06 14:58:30"
"3684","1897","he declined the call.","98","2025-05-06 14:59:29","2025-05-06 14:59:29"
"3685","1959","havent check the proposal yet. send again reminder message.","98","2025-05-06 15:03:06","2025-05-06 15:03:06"
"3686","1970","he is outside .call again later.","98","2025-05-06 15:06:11","2025-05-06 15:06:11"
"3687","2015","not answered.","98","2025-05-06 15:21:02","2025-05-06 15:21:02"
"3688","2015","not answered.","98","2025-05-06 15:21:02","2025-05-06 15:21:02"
"3689","1988","I had a discussion with the client, and it turns out they do not operate a full coworking space management system—instead, they primarily rent out private office spaces. This would be more of a custom project rather than a typical coworking setup. Their main requirement at this stage is a specific module to manage and generate electricity bills for their tenants, which seems to be a priority for them.","98","2025-05-06 15:32:48","2025-05-06 15:32:48"
"3690","1581","she is busy right now, and also not required a software now, she will let us know about the meeting , right she is very busy.","98","2025-05-06 15:47:00","2025-05-06 15:47:00"
"3691","2112","Using a local software, inquired about inventory of fixed and useable items, invoicing pattern, accounting module. 

Requires video tutorial of software before demo","106","2025-05-06 17:01:14","2025-05-06 17:01:14"
"3692","1498","he declined , line busy","98","2025-05-06 17:26:46","2025-05-06 17:26:46"
"3693","1477","not responding.","98","2025-05-06 17:27:46","2025-05-06 17:27:46"
"3694","1475","line busy.","98","2025-05-06 17:28:51","2025-05-06 17:28:51"
"3695","1494","not answered.","98","2025-05-06 17:30:59","2025-05-06 17:30:59"
"3696","1500","not answered.","98","2025-05-06 17:33:42","2025-05-06 17:33:42"
"3697","1499","firstly he pick the call, but voice distortion, 
i call her again, but not attended.","98","2025-05-06 17:39:21","2025-05-06 17:39:21"
"3698","1507","not answered.","98","2025-05-06 17:41:39","2025-05-06 17:41:39"
"3699","1511","not responding.","98","2025-05-06 17:42:55","2025-05-06 17:42:55"
"3700","1523","Meeting scheduled for next monday 10: 30 am.","98","2025-05-06 17:51:58","2025-05-06 17:51:58"
"3701","1526","not answered.","98","2025-05-06 17:54:04","2025-05-06 17:54:04"
"3702","1553","call again after half an hour.","98","2025-05-06 17:56:12","2025-05-06 17:56:12"
"3703","1561","not intereted right now.","98","2025-05-06 17:58:57","2025-05-06 17:58:57"
"3704","1594","not answered.","98","2025-05-06 18:02:07","2025-05-06 18:02:07"
"3705","1596","permanently closed.","98","2025-05-06 18:05:04","2025-05-06 18:05:04"
"3706","1601","not answered.","98","2025-05-06 18:06:52","2025-05-06 18:06:52"
"3707","1605","ask to share proposal, 
pitch dech sent .","98","2025-05-06 18:10:55","2025-05-06 18:10:55"
"3708","1617","powered off","98","2025-05-06 18:14:04","2025-05-06 18:14:04"
"3709","1624","not responding.","98","2025-05-06 18:15:26","2025-05-06 18:15:26"
"3710","1639","powered off","98","2025-05-06 18:17:07","2025-05-06 18:17:07"
"3711","1640","powered off","98","2025-05-06 18:18:23","2025-05-06 18:18:23"
"3712","1648","call again after 1 hour.","98","2025-05-06 18:20:14","2025-05-06 18:20:14"
"3713","1649","not answered.","98","2025-05-06 18:22:44","2025-05-06 18:22:44"
"3714","1658","just text him at whatsapp after 2 days. then he will tell about the meeting.","98","2025-05-06 18:28:32","2025-05-06 18:28:32"
"3715","1673","call again after some time , right person is not available","98","2025-05-06 18:34:41","2025-05-06 18:34:41"
"3716","1680","not responding.","98","2025-05-06 18:36:21","2025-05-06 18:36:21"
"3717","1683","not answered.","98","2025-05-06 18:39:35","2025-05-06 18:39:35"
"3718","1686","not answered.","98","2025-05-06 18:41:42","2025-05-06 18:41:42"
"3719","1730","not responding","98","2025-05-06 18:44:03","2025-05-06 18:44:03"
"3720","1800","send the demo and url of the product to him.","98","2025-05-06 18:47:04","2025-05-06 18:47:04"
"3721","1955","meeting done with them , right now no need of software but he will contact us for website revamping soon.","98","2025-05-06 18:48:49","2025-05-06 18:48:49"
"3722","1795","he will further check the demo acount in this week, beacuse he havent fully check the things so he need some time more.
call again at next monday.","98","2025-05-06 19:04:00","2025-05-06 19:04:00"
"3723","1792","not responding.","98","2025-05-06 19:04:58","2025-05-06 19:04:58"
"3724","1607","not  answered.","98","2025-05-06 19:06:37","2025-05-06 19:06:37"
"3725","1739","not responding.","98","2025-05-06 19:08:43","2025-05-06 19:08:43"
"3726","1748","he declined the call","98","2025-05-06 19:11:02","2025-05-06 19:11:02"
"3727","1750","line busy.","98","2025-05-06 19:13:23","2025-05-06 19:13:23"
"3728","1765","not answering.","98","2025-05-06 19:16:57","2025-05-06 19:16:57"
"3729","1781","she said i will convey the message to team, they will do a meeting with us. 
follow up again at 2nd half.","98","2025-05-07 13:31:35","2025-05-07 13:31:35"
"3730","1783","line is busy now.","98","2025-05-07 13:32:28","2025-05-07 13:32:28"
"3731","1788","not answered.","98","2025-05-07 13:34:59","2025-05-07 13:34:59"
"3732","1797","not answered.","98","2025-05-07 13:39:39","2025-05-07 13:39:39"
"3733","1798","powered off","98","2025-05-07 13:40:54","2025-05-07 13:40:54"
"3734","1799","not responding.","98","2025-05-07 13:42:14","2025-05-07 13:42:14"
"3735","1803","not responding","98","2025-05-07 13:43:49","2025-05-07 13:43:49"
"3736","1805","not responding.","98","2025-05-07 13:45:50","2025-05-07 13:45:50"
"3737","1806","line busy with another call.","98","2025-05-07 13:46:50","2025-05-07 13:46:50"
"3738","1807","not answering.","98","2025-05-07 13:49:37","2025-05-07 13:49:37"
"3739","1807","not answering.","98","2025-05-07 13:49:37","2025-05-07 13:49:37"
"3740","1809","ask to send message again. havent check the pitch dech yet.","98","2025-05-07 13:53:13","2025-05-07 13:53:13"
"3741","1810","powered off.","98","2025-05-07 13:54:00","2025-05-07 13:54:00"
"3742","1818","not answering.","98","2025-05-07 13:57:38","2025-05-07 13:57:38"
"3743","1819","not responding.","98","2025-05-07 13:58:42","2025-05-07 13:58:42"
"3744","1820","not answering.","98","2025-05-07 13:59:58","2025-05-07 13:59:58"
"3745","1823","not responding.","98","2025-05-07 14:01:35","2025-05-07 14:01:35"
"3746","1826","powered off.","98","2025-05-07 14:02:17","2025-05-07 14:02:17"
"3747","1833","not answered.","98","2025-05-07 14:05:10","2025-05-07 14:05:10"
"3748","1840","pitch dech send ,he said  if they are interested they will check and contact us..","98","2025-05-07 14:08:47","2025-05-07 14:08:47"
"3749","1841","she said she will convey the message to his manager , call again at 2nd half then she will confirm.","98","2025-05-07 14:11:53","2025-05-07 14:11:53"
"3750","1847","not answered.","98","2025-05-07 14:26:46","2025-05-07 14:26:46"
"3751","1857","not answered.","98","2025-05-07 14:28:36","2025-05-07 14:28:36"
"3752","1859","he pick the call but not said anything.","98","2025-05-07 14:33:03","2025-05-07 14:33:03"
"3753","1860","line busy.","98","2025-05-07 14:34:05","2025-05-07 14:34:05"
"3754","1870","not responding.","98","2025-05-07 14:36:10","2025-05-07 14:36:10"
"3755","1878","call again at 2nd half.he is in a meeting right now","98","2025-05-07 14:38:59","2025-05-07 14:38:59"
"3756","1881","powered off","98","2025-05-07 14:40:28","2025-05-07 14:40:28"
"3757","1885","he declined the call. line busy","98","2025-05-07 14:42:05","2025-05-07 14:42:05"
"3758","1887","not answered.","98","2025-05-07 14:43:40","2025-05-07 14:43:40"
"3759","1889","not coworking space.","98","2025-05-07 14:45:32","2025-05-07 14:45:32"
"3760","1898","not responding.","98","2025-05-07 14:47:32","2025-05-07 14:47:32"
"3761","1898","not responding.","98","2025-05-07 14:47:33","2025-05-07 14:47:33"
"3762","1899","line busy with another call.","98","2025-05-07 14:48:51","2025-05-07 14:48:51"
"3763","1901","not coworking space .","98","2025-05-07 14:51:00","2025-05-07 14:51:00"
"3764","1904","ask to share proposal 
pitch dech sent to her","98","2025-05-07 14:56:29","2025-05-07 14:56:29"
"3765","1907","powered off","98","2025-05-07 15:00:29","2025-05-07 15:00:29"
"3766","1910","he declined . line busy","98","2025-05-07 15:02:04","2025-05-07 15:02:04"
"3767","1925","Meeting scheduled for today at 4:30 pm","98","2025-05-07 15:14:20","2025-05-07 15:14:20"
"3768","1933","Call again at 2nd half. he is sleepy  now","98","2025-05-07 15:21:40","2025-05-07 15:21:40"
"3769","1498","not answered.","98","2025-05-07 15:24:38","2025-05-07 15:24:38"
"3770","1935","line busy.","98","2025-05-07 15:28:57","2025-05-07 15:28:57"
"3771","1936","he is not in the office right now , call again at 2nd half.","98","2025-05-07 15:31:09","2025-05-07 15:31:09"
"3772","1949","Meeting scheduled for today at 5 pm .","98","2025-05-07 15:38:33","2025-05-07 15:38:33"
"3773","1953","powered off.","98","2025-05-07 15:40:07","2025-05-07 15:40:07"
"3774","1961","not responding","98","2025-05-07 15:41:35","2025-05-07 15:41:35"
"3775","1962","meeting scheduled for today at 3:30 pm","98","2025-05-07 15:48:48","2025-05-07 15:48:48"
"3776","2022","not interested.","98","2025-05-07 15:52:00","2025-05-07 15:52:00"
"3777","2022","not interested.","98","2025-05-07 15:52:00","2025-05-07 15:52:00"
"3778","2023","not responding.","98","2025-05-07 15:52:46","2025-05-07 15:52:46"
"3779","2024","line busy with another call.","98","2025-05-07 15:53:50","2025-05-07 15:53:50"
"3780","2026","not answered.","98","2025-05-07 17:37:21","2025-05-07 17:37:21"
"3781","1792","firstly he answer the call,then cut it 
i call her again but not responding.","98","2025-05-07 17:41:03","2025-05-07 17:41:03"
"3782","1607","not answered.","98","2025-05-07 17:48:31","2025-05-07 17:48:31"
"3783","1730","not reponding.","98","2025-05-07 17:49:42","2025-05-07 17:49:42"
"3784","1573","not answered","98","2025-05-07 17:51:38","2025-05-07 17:51:38"
"3785","1595",". He was recently involved in a car accident and is currently not attending the office. As a result, the discussion is on hold for now, and we’ll need to wait until he recovers before proceeding further. I’ll follow up once he’s back and in a position to continue the conversation.","98","2025-05-07 17:55:56","2025-05-07 17:55:56"
"3786","1605","not answered.","98","2025-05-07 17:57:27","2025-05-07 17:57:27"
"3787","1664","I followed up with the client regarding our proposal, and he informed me that they have already finalized a contract with another company. As a result, they are not currently interested in moving forward with our solution. However, he mentioned that he would keep us in mind for any future needs and reach out if an opportunity arises.","98","2025-05-07 18:01:07","2025-05-07 18:01:07"
"3788","1664","I followed up with the client regarding our proposal, and he informed me that they have already finalized a contract with another company. As a result, they are not currently interested in moving forward with our solution. However, he mentioned that he would keep us in mind for any future needs and reach out if an opportunity arises.","98","2025-05-07 18:01:08","2025-05-07 18:01:08"
"3789","1672","line busy.","98","2025-05-07 18:02:06","2025-05-07 18:02:06"
"3790","1882","not answered.","98","2025-05-07 18:07:20","2025-05-07 18:07:20"
"3791","1959","he is not interested.","98","2025-05-07 18:16:32","2025-05-07 18:16:32"
"3792","1897","right now no need of software.in future they will contact","98","2025-05-07 18:28:36","2025-05-07 18:28:36"
"3793","1970","follow up again, havent discuss with his team. follow up again","98","2025-05-07 18:31:25","2025-05-07 18:31:25"
"3794","2015","not answered.","98","2025-05-07 18:34:46","2025-05-07 18:34:46"
"3795","2084","not responding.","98","2025-05-07 18:36:44","2025-05-07 18:36:44"
"3796","1962","not answering,","98","2025-05-07 18:40:25","2025-05-07 18:40:25"
"3797","1933","not answered.","98","2025-05-07 18:56:57","2025-05-07 18:56:57"
"3798","1949","she declined the call","98","2025-05-07 20:09:32","2025-05-07 20:09:32"
"3799","2025","ask to share pitch dech. pitch dech sent to him .","98","2025-05-09 13:20:59","2025-05-09 13:20:59"
"3800","2026","not answered.","98","2025-05-09 13:34:52","2025-05-09 13:34:52"
"3801","2030","not answered.","98","2025-05-09 13:36:17","2025-05-09 13:36:17"
"3802","2031","call again at 2nd half .","98","2025-05-09 13:38:28","2025-05-09 13:38:28"
"3803","2033","not responding","98","2025-05-09 13:40:51","2025-05-09 13:40:51"
"3804","2034","hen is saying our set up is very small , so no need of software.","98","2025-05-09 13:42:53","2025-05-09 13:42:53"
"3805","2034","only 6 to 7 person are working.","98","2025-05-09 13:43:30","2025-05-09 13:43:30"
"3806","2036","line busy.","98","2025-05-09 13:46:28","2025-05-09 13:46:28"
"3807","2038","not responding.","98","2025-05-09 13:47:50","2025-05-09 13:47:50"
"3808","2041","ask to share pitch dech. pitch dech sent.","98","2025-05-09 13:51:41","2025-05-09 13:51:41"
"3809","2043","Right now they dont need software , they are manually working, but in future if they need our software he will contact us. he has  saved our office number.","98","2025-05-09 13:59:43","2025-05-09 13:59:43"
"3810","2045","not answered .","98","2025-05-09 14:01:18","2025-05-09 14:01:18"
"3811","2047","powered off.","98","2025-05-09 14:02:27","2025-05-09 14:02:27"
"3812","2048","he declinded. line busy","98","2025-05-09 14:04:21","2025-05-09 14:04:21"
"3813","2049","temporariliy closed.","98","2025-05-09 14:05:06","2025-05-09 14:05:06"
"3814","2050","not answered.","98","2025-05-09 14:07:32","2025-05-09 14:07:32"
"3815","2052","they are a it solution company .so need of software.","98","2025-05-09 14:11:31","2025-05-09 14:11:31"
"3816","2053","not coworking space","98","2025-05-09 14:13:29","2025-05-09 14:13:29"
"3817","2054","not answered.","98","2025-05-09 14:15:59","2025-05-09 14:15:59"
"3818","2057","not answered.","98","2025-05-09 14:17:20","2025-05-09 14:17:20"
"3819","2060","not responding.","98","2025-05-09 14:18:17","2025-05-09 14:18:17"
"3820","2062","right now its closed, but he will contact in future if they reopen.","98","2025-05-09 14:22:14","2025-05-09 14:22:14"
"3821","2064","powered off","98","2025-05-09 14:31:36","2025-05-09 14:31:36"
"3822","2069","she said she is on medical leave , so contact after eid, si she will arrange a meeting with manager , 
fllow up after eid","98","2025-05-09 14:36:34","2025-05-09 14:36:34"
"3823","2070","not responding.","98","2025-05-09 14:38:13","2025-05-09 14:38:13"
"3824","2071","they are a software house . no need","98","2025-05-09 14:43:54","2025-05-09 14:43:54"
"3825","2072","powered off.","98","2025-05-09 14:46:01","2025-05-09 14:46:01"
"3826","2076","powered off","98","2025-05-09 14:51:31","2025-05-09 14:51:31"
"3827","2077","powered off.","98","2025-05-09 14:52:38","2025-05-09 14:52:38"
"3828","2090","not answered.","98","2025-05-09 14:55:37","2025-05-09 14:55:37"
"3829","2090","not answered.","98","2025-05-09 14:55:37","2025-05-09 14:55:37"
"3830","2103","powered off.","98","2025-05-09 15:04:14","2025-05-09 15:04:14"
"3831","2105","ask to share pitch dech.  pitch dech sent but. he havent received .","98","2025-05-09 15:08:56","2025-05-09 15:08:56"
"3832","2108","not answered.","98","2025-05-09 15:11:35","2025-05-09 15:11:35"
"3833","1792","not answered.","98","2025-05-09 15:20:08","2025-05-09 15:20:08"
"3834","1792","not answered.","98","2025-05-09 15:20:09","2025-05-09 15:20:09"
"3835","1607","havent check the demo. follow up at monday .","98","2025-05-09 15:22:44","2025-05-09 15:22:44"
"3836","1730","not responding","98","2025-05-09 15:23:57","2025-05-09 15:23:57"
"3837","2116","firstly hhe attend and scheduled the meeting for  monday but his number is not on whatsapp. i call him back but he didnt pick the  call.","98","2025-05-09 15:35:44","2025-05-09 15:35:44"
"3838","2122","powered off","98","2025-05-09 15:37:32","2025-05-09 15:37:32"
"3839","1800","demo  acount has been shared with him.","98","2025-05-09 17:25:18","2025-05-09 17:25:18"
"3840","1498","not answered.","98","2025-05-09 17:28:00","2025-05-09 17:28:00"
"3841","1474","Meeting scheduled for monday at 5 pm","98","2025-05-09 17:36:59","2025-05-09 17:36:59"
"3842","1476","havent check follow up at monday .","98","2025-05-09 17:39:29","2025-05-09 17:39:29"
"3843","1550","not answered.","98","2025-05-09 17:43:01","2025-05-09 17:43:01"
"3844","1573","he declined.line busy","98","2025-05-09 17:44:35","2025-05-09 17:44:35"
"3845","1605","not responding.","98","2025-05-09 17:46:59","2025-05-09 17:46:59"
"3846","1672","call again after sometime.","98","2025-05-09 17:48:34","2025-05-09 17:48:34"
"3847","1686","not answered.","98","2025-05-09 17:50:13","2025-05-09 17:50:13"
"3848","1809","not answered.","98","2025-05-09 17:51:37","2025-05-09 17:51:37"
"3849","1838","not answered.","98","2025-05-09 17:53:06","2025-05-09 17:53:06"
"3850","1882","call again after 1 hour.","98","2025-05-09 17:55:27","2025-05-09 17:55:27"
"3851","1904","not answering.","98","2025-05-09 17:57:24","2025-05-09 17:57:24"
"3852","1970","he said he had discuss with his team and right now they they are manually handling all the things , their scale of operation are not on the high level but infuture they will grow, he will contact us for software.","98","2025-05-09 18:04:31","2025-05-09 18:04:31"
"3853","2015","he declined. line busy","98","2025-05-09 18:06:23","2025-05-09 18:06:23"
"3854","2084","call again after some time. he is in a meeting right now.","98","2025-05-09 18:09:07","2025-05-09 18:09:07"
"3855","1751","not answered.","98","2025-05-09 18:11:04","2025-05-09 18:11:04"
"3856","1516","powered off.","98","2025-05-09 18:12:56","2025-05-09 18:12:56"
"3857","1509","not answered.","98","2025-05-09 18:14:32","2025-05-09 18:14:32"
"3858","1746","call again at monday at 11:30 . right now  voice distortion.","98","2025-05-09 18:19:03","2025-05-09 18:19:03"
"3859","1851","he decline the call. line busy","98","2025-05-09 18:20:50","2025-05-09 18:20:50"
"3860","1856","right now he is not interested.","98","2025-05-09 18:22:40","2025-05-09 18:22:40"
"3861","1962","now number is invalid .","98","2025-05-09 18:26:09","2025-05-09 18:26:09"
"3862","2130","powered off","98","2025-05-09 18:27:49","2025-05-09 18:27:49"
"3863","2137","powered off","98","2025-05-09 18:29:00","2025-05-09 18:29:00"
"3864","2139","Meeting scheduled for today at 5 30 pm.","98","2025-05-09 18:34:33","2025-05-09 18:34:33"
"3865","1477","not responding.","98","2025-05-09 18:37:17","2025-05-09 18:37:17"
"3866","1479","not answered.","98","2025-05-09 18:38:46","2025-05-09 18:38:46"
"3867","2141","line busy","98","2025-05-09 18:40:12","2025-05-09 18:40:12"
"3868","1481","not answered.","98","2025-05-09 18:42:01","2025-05-09 18:42:01"
"3869","1494","not answered.","98","2025-05-09 18:43:29","2025-05-09 18:43:29"
"3870","1500","ask to share the pitch dech. pitch dech sent","98","2025-05-09 18:51:24","2025-05-09 18:51:24"
"3871","1507","she is saying , she will discuss with her c.e.o and will reach out us, if they are interested. i have shared the office number .","98","2025-05-09 19:01:52","2025-05-09 19:01:52"
"3872","1511","line  busy.","98","2025-05-09 19:02:49","2025-05-09 19:02:49"
"3873","2132","meeting schduled for monday at 5 pm.","98","2025-05-09 19:06:47","2025-05-09 19:06:47"
"3874","1475","closed.","98","2025-05-12 13:33:34","2025-05-12 13:33:34"
"3875","1479","not answering .","98","2025-05-12 13:35:11","2025-05-12 13:35:11"
"3876","2141","not answering","98","2025-05-12 13:36:36","2025-05-12 13:36:36"
"3877","1481","not answering","98","2025-05-12 13:38:41","2025-05-12 13:38:41"
"3878","1494","not answering.","98","2025-05-12 13:42:12","2025-05-12 13:42:12"
"3879","1495","line busy with another call","98","2025-05-12 13:43:30","2025-05-12 13:43:30"
"3880","1496","not answered.","98","2025-05-12 13:45:35","2025-05-12 13:45:35"
"3881","1511","not  responding","98","2025-05-12 13:48:48","2025-05-12 13:48:48"
"3882","1532","not answering","98","2025-05-12 13:52:40","2025-05-12 13:52:40"
"3883","1532","not answering","98","2025-05-12 13:52:40","2025-05-12 13:52:40"
"3884","1551","call again at 2nd half.","98","2025-05-12 13:55:27","2025-05-12 13:55:27"
"3885","1551","call again at 2nd half.","98","2025-05-12 13:55:27","2025-05-12 13:55:27"
"3886","1558","ask to share the pitch dech .  pitch  dech sent","98","2025-05-12 14:03:54","2025-05-12 14:03:54"
"3887","1565","not answering.","98","2025-05-12 14:06:23","2025-05-12 14:06:23"
"3888","1565","not answering.","98","2025-05-12 14:06:23","2025-05-12 14:06:23"
"3889","1569","line busy with another call","98","2025-05-12 14:07:21","2025-05-12 14:07:21"
"3890","1577","not responding","98","2025-05-12 14:11:21","2025-05-12 14:11:21"
"3891","1588","powered off","98","2025-05-12 14:13:05","2025-05-12 14:13:05"
"3892","1594","line busy with another call.","98","2025-05-12 14:14:00","2025-05-12 14:14:00"
"3893","1601","not responding","98","2025-05-12 14:25:14","2025-05-12 14:25:14"
"3894","1603","not responding","98","2025-05-12 14:26:25","2025-05-12 14:26:25"
"3895","1624","n.r/ powered off","98","2025-05-12 14:28:48","2025-05-12 14:28:48"
"3896","1627","ask to share pitch dech. pict dech sent","98","2025-05-12 14:33:49","2025-05-12 14:33:49"
"3897","1634","line busy with  another call.","98","2025-05-12 14:38:17","2025-05-12 14:38:17"
"3898","1635","ask to share the pitch dech , pitch dech sent","98","2025-05-12 14:42:18","2025-05-12 14:42:18"
"3899","1639","not answered","98","2025-05-12 14:44:39","2025-05-12 14:44:39"
"3900","1640","not responding.","98","2025-05-12 14:45:56","2025-05-12 14:45:56"
"3901","1641","number is not in use","98","2025-05-12 14:47:14","2025-05-12 14:47:14"
"3902","1648","meeting scheduled for today at 6:00 PM","98","2025-05-12 14:54:29","2025-05-12 14:54:29"
"3903","1649","not answered.","98","2025-05-12 14:56:23","2025-05-12 14:56:23"
"3904","1476","not answered.","98","2025-05-12 14:57:53","2025-05-12 14:57:53"
"3905","1500","not answered.","98","2025-05-12 14:59:14","2025-05-12 14:59:14"
"3906","1550","not answered","98","2025-05-12 15:03:10","2025-05-12 15:03:10"
"3907","1573","n.r/powered off","98","2025-05-12 15:05:07","2025-05-12 15:05:07"
"3908","1605","not answering","98","2025-05-12 15:08:02","2025-05-12 15:08:02"
"3909","1672","he declined, line busy","98","2025-05-12 15:09:22","2025-05-12 15:09:22"
"3910","1686","not answered","98","2025-05-12 15:10:56","2025-05-12 15:10:56"
"3911","1809","not answering","98","2025-05-12 15:12:32","2025-05-12 15:12:32"
"3912","1838","not answered","98","2025-05-12 15:14:01","2025-05-12 15:14:01"
"3913","1882","not answered","98","2025-05-12 15:15:33","2025-05-12 15:15:33"
"3914","1904","firstly he pick and then declined.","98","2025-05-12 15:18:56","2025-05-12 15:18:56"
"3915","2015","not answering","98","2025-05-12 15:21:12","2025-05-12 15:21:12"
"3916","2084","not answering","98","2025-05-12 15:24:06","2025-05-12 15:24:06"
"3917","2084","not answering","98","2025-05-12 15:24:06","2025-05-12 15:24:06"
"3918","2099","pitch dech was sent to him.","98","2025-05-12 15:25:11","2025-05-12 15:25:11"
"3919","2099","havent check the pitch dech. ive sent again to him.","98","2025-05-12 15:29:40","2025-05-12 15:29:40"
"3920","2105","not answering","98","2025-05-12 15:31:11","2025-05-12 15:31:11"
"3921","1751","call again after sometime.he is outside right now","98","2025-05-12 15:33:39","2025-05-12 15:33:39"
"3922","1886","call again after some time , she is busy rght now","98","2025-05-12 15:36:34","2025-05-12 15:36:34"
"3923","1795","not answered.","98","2025-05-12 15:40:23","2025-05-12 15:40:23"
"3924","1792","not answered","98","2025-05-12 15:42:54","2025-05-12 15:42:54"
"3925","1607","not answered.","98","2025-05-12 15:44:37","2025-05-12 15:44:37"
"3926","1730","n.r/powered off","98","2025-05-12 15:45:38","2025-05-12 15:45:38"
"3927","1800","call busy.","98","2025-05-12 15:47:25","2025-05-12 15:47:25"
"3928","1625","not answered","98","2025-05-12 15:49:49","2025-05-12 15:49:49"
"3929","1658","powered off","98","2025-05-12 15:53:09","2025-05-12 15:53:09"
"3930","1663","The client mentioned that their coworking space has not yet started operations. The space is located in Bahria Town, where the current conditions are not ideal due to ongoing electricity issues. He stated that once the situation improves and things are more stable, we can get back in touch to discuss further.","98","2025-05-12 15:58:59","2025-05-12 15:58:59"
"3931","1665","not coworking space .","98","2025-05-12 17:36:02","2025-05-12 17:36:02"
"3932","1667","line busy with another call","98","2025-05-12 17:37:03","2025-05-12 17:37:03"
"3933","1670","Meeting scheduled for wednesday at 3:00 pm","98","2025-05-12 17:43:22","2025-05-12 17:43:22"
"3934","1673","voice distortion, call again","98","2025-05-12 17:47:36","2025-05-12 17:47:36"
"3935","1498","busy with another call.","98","2025-05-12 17:48:46","2025-05-12 17:48:46"
"3936","1680","not responding","98","2025-05-12 17:51:06","2025-05-12 17:51:06"
"3937","1691","not responding","98","2025-05-12 17:52:45","2025-05-12 17:52:45"
"3938","1695","call at 4 pm, right person is not available","98","2025-05-12 17:55:42","2025-05-12 17:55:42"
"3939","1700","not answering","98","2025-05-12 17:57:25","2025-05-12 17:57:25"
"3940","1701","not answering","98","2025-05-12 18:00:12","2025-05-12 18:00:12"
"3941","1702","n.r/powered off","98","2025-05-12 18:01:01","2025-05-12 18:01:01"
"3942","1716","not interested.","98","2025-05-12 18:05:46","2025-05-12 18:05:46"
"3943","1716","ask to share the website url","98","2025-05-12 18:06:15","2025-05-12 18:06:15"
"3944","1716","url shared to him","98","2025-05-12 18:08:45","2025-05-12 18:08:45"
"3945","1716","url shared to him","98","2025-05-12 18:08:45","2025-05-12 18:08:45"
"3946","1719","call again after sometime, he is busy+voice distortion","98","2025-05-12 18:12:10","2025-05-12 18:12:10"
"3947","1720","not answered.","98","2025-05-12 18:13:41","2025-05-12 18:13:41"
"3948","1721","not responding","98","2025-05-12 18:15:34","2025-05-12 18:15:34"
"3949","1729","not answered.","98","2025-05-12 18:19:11","2025-05-12 18:19:11"
"3950","1734","in build software house, they dont need a software  from outside,","98","2025-05-12 18:22:09","2025-05-12 18:22:09"
"3951","1739","not responding","98","2025-05-12 18:24:01","2025-05-12 18:24:01"
"3952","1748","not answering.","98","2025-05-12 18:27:47","2025-05-12 18:27:47"
"3953","1750","line busy","98","2025-05-12 18:29:37","2025-05-12 18:29:37"
"3954","1765","call at friday for meeting,.","98","2025-05-12 18:35:51","2025-05-12 18:35:51"
"3955","1767","temporarily closed.","98","2025-05-12 18:38:30","2025-05-12 18:38:30"
"3956","1751","not answered","98","2025-05-12 18:41:33","2025-05-12 18:41:33"
"3957","1886","she is still busy in meeting","98","2025-05-12 18:42:58","2025-05-12 18:42:58"
"3958","1781","she said i will  send a contact number of my head , so you can contact her for meeting.","98","2025-05-12 18:51:41","2025-05-12 18:51:41"
"3959","1781","she declined. line busy","98","2025-05-12 18:54:21","2025-05-12 18:54:21"
"3960","1783","not answering","98","2025-05-12 18:57:02","2025-05-12 18:57:02"
"3961","1788","he declined the call","98","2025-05-12 19:00:14","2025-05-12 19:00:14"
"3962","1695","call again at 5 30","98","2025-05-12 19:19:52","2025-05-12 19:19:52"
"3963","1925","1 branch in johar town lahore
group of companies, uk based, co working space 1 company under the umbrella

using customized erp

inquired about integration of meeting room with biometric, pricing and if leads are integrated with meta or imported manually

will coordinate if interested","106","2025-05-12 20:03:17","2025-05-12 20:03:17"
"3964","1474","meeting schduled for thursday at 5 30 pm","98","2025-05-12 20:23:37","2025-05-12 20:23:37"
"3965","2132","no meeting schduled with them, mistakenly i write this  comment","98","2025-05-12 20:25:03","2025-05-12 20:25:03"
"3966","1526","Point of contact: Ahmed Younas, running multiple businesses, one of them is co working space, basically real state investor, takes properties and rents them as a landlordd, 12 plus places, 15 plus shops, 8-10 building and other spaces besides it some of which are not functional becasues of disputes/cases, co working space as of now his 4th -5th proprity,small set up , 25 clients in total, will contact as he scales which he plans to, asked to drop him a messege on his number so can contact in future","106","2025-05-12 22:55:55","2025-05-12 22:55:55"
"3967","1526","based in karachi","106","2025-05-12 22:56:55","2025-05-12 22:56:55"
"3968","1797","she said rigfht now our coworking space is closed. but after sometime it wuill reopen. then you can contact us.
and  also send a message . or pitch dech.
but the email she gave , that was wrong.","98","2025-05-13 13:57:49","2025-05-13 13:57:49"
"3969","1798","line busy.","98","2025-05-13 13:58:47","2025-05-13 13:58:47"
"3970","1798","line busy.","98","2025-05-13 13:58:47","2025-05-13 13:58:47"
"3971","1803","not responding.","98","2025-05-13 14:00:06","2025-05-13 14:00:06"
"3972","1803","not responding.","98","2025-05-13 14:00:06","2025-05-13 14:00:06"
"3973","1803","not responding.","98","2025-05-13 14:00:06","2025-05-13 14:00:06"
"3974","1805","not responding","98","2025-05-13 14:01:16","2025-05-13 14:01:16"
"3975","1806","line busy with another call.","98","2025-05-13 14:02:15","2025-05-13 14:02:15"
"3976","1806","line busy with another call.","98","2025-05-13 14:02:15","2025-05-13 14:02:15"
"3977","1807","not answered","98","2025-05-13 14:04:27","2025-05-13 14:04:27"
"3978","1810","powered off","98","2025-05-13 14:05:34","2025-05-13 14:05:34"
"3979","1818","not answered.","98","2025-05-13 14:07:38","2025-05-13 14:07:38"
"3980","1795","not answered","98","2025-05-13 14:11:37","2025-05-13 14:11:37"
"3981","1751","not answered","98","2025-05-13 14:13:27","2025-05-13 14:13:27"
"3982","1751","not answered","98","2025-05-13 14:13:27","2025-05-13 14:13:27"
"3983","1886","Right now we don't need software, things are working in-built","98","2025-05-13 14:41:02","2025-05-13 14:41:02"
"3984","1792","not responding/off","98","2025-05-13 14:42:31","2025-05-13 14:42:31"
"3985","1607","not answered.","98","2025-05-13 14:44:23","2025-05-13 14:44:23"
"3986","1800","not answered.","98","2025-05-13 14:47:05","2025-05-13 14:47:05"
"3987","1498","he declined. line busy","98","2025-05-13 14:49:10","2025-05-13 14:49:10"
"3988","1523","not answered.","98","2025-05-13 14:51:37","2025-05-13 14:51:37"
"3989","1523","not answered.","98","2025-05-13 14:51:37","2025-05-13 14:51:37"
"3990","1765","he declined , line busy","98","2025-05-13 14:53:23","2025-05-13 14:53:23"
"3991","1771","not answered.","98","2025-05-13 14:56:49","2025-05-13 14:56:49"
"3992","1476","not answered.","98","2025-05-13 15:00:36","2025-05-13 15:00:36"
"3993","1500","not answered.","98","2025-05-13 15:03:38","2025-05-13 15:03:38"
"3994","1558","not interested right now.","98","2025-05-13 15:14:51","2025-05-13 15:14:51"
"3995","1558","not interested right now.","98","2025-05-13 15:14:52","2025-05-13 15:14:52"
"3996","1550","not answered.","98","2025-05-13 15:17:57","2025-05-13 15:17:57"
"3997","1573","not responding.","98","2025-05-13 15:19:42","2025-05-13 15:19:42"
"3998","1605","he declined, line busy","98","2025-05-13 15:22:07","2025-05-13 15:22:07"
"3999","1672","he said , right now we dont need a software but i convinced him for meeting , he said i will share the other person number ,he will do  a meeting with us,","98","2025-05-13 15:29:58","2025-05-13 15:29:58"
"4000","1672","i called that person but not answered.","98","2025-05-13 15:33:18","2025-05-13 15:33:18"
"4001","1686","not answered.","98","2025-05-13 15:35:00","2025-05-13 15:35:00"
"4002","1686","not answered.","98","2025-05-13 15:35:00","2025-05-13 15:35:00"
"4003","1686","not answered.","98","2025-05-13 15:35:01","2025-05-13 15:35:01"
"4004","1788","not responding/line busy","98","2025-05-13 15:37:10","2025-05-13 15:37:10"
"4005","1788","not responding/line busy","98","2025-05-13 15:37:10","2025-05-13 15:37:10"
"4006","1809","not answered.","98","2025-05-13 15:38:56","2025-05-13 15:38:56"
"4007","1809","not answered.","98","2025-05-13 15:38:56","2025-05-13 15:38:56"
"4008","1857","not responding/off","98","2025-05-13 15:40:23","2025-05-13 15:40:23"
"4009","1838","not answering","98","2025-05-13 15:42:10","2025-05-13 15:42:10"
"4010","1882","call again at 2nd half","98","2025-05-13 15:44:26","2025-05-13 15:44:26"
"4011","1904","she declined,line busy","98","2025-05-13 15:45:54","2025-05-13 15:45:54"
"4012","2015","he declined/line busy","98","2025-05-13 15:48:26","2025-05-13 15:48:26"
"4013","2084","meeting scheduled for friday at 5 pm.","98","2025-05-13 15:55:03","2025-05-13 15:55:03"
"4014","2099","not answering","98","2025-05-13 17:34:24","2025-05-13 17:34:24"
"4015","2099","not answering","98","2025-05-13 17:34:24","2025-05-13 17:34:24"
"4016","2105","he is no the right user,he had sent the pitch dech to his client, he will reach out when they need our software.","98","2025-05-13 17:38:47","2025-05-13 17:38:47"
"4017","1819","meeting scheduled for wednesday at 11 am.","98","2025-05-13 17:45:07","2025-05-13 17:45:07"
"4018","1820","not answered.","98","2025-05-13 17:47:52","2025-05-13 17:47:52"
"4019","1823","not responding","98","2025-05-13 17:56:10","2025-05-13 17:56:10"
"4020","1823","not responding","98","2025-05-13 17:56:10","2025-05-13 17:56:10"
"4021","1826","powered off","98","2025-05-13 17:57:08","2025-05-13 17:57:08"
"4022","1827","not answered","98","2025-05-13 17:59:16","2025-05-13 17:59:16"
"4023","1833","not answered","98","2025-05-13 18:03:50","2025-05-13 18:03:50"
"4024","1841","not answered","98","2025-05-13 18:05:45","2025-05-13 18:05:45"
"4025","1843","not responding","98","2025-05-13 18:07:13","2025-05-13 18:07:13"
"4026","1848","not responding","98","2025-05-13 18:08:53","2025-05-13 18:08:53"
"4027","1847","not responding","98","2025-05-13 18:10:16","2025-05-13 18:10:16"
"4028","1847","not responding","98","2025-05-13 18:10:16","2025-05-13 18:10:16"
"4029","1860","not responding","98","2025-05-13 18:23:39","2025-05-13 18:23:39"
"4030","1869","not responding","98","2025-05-13 18:29:05","2025-05-13 18:29:05"
"4031","1870","not responding","98","2025-05-13 18:29:57","2025-05-13 18:29:57"
"4032","1878","he is in a meeting now, call after some time","98","2025-05-13 18:32:10","2025-05-13 18:32:10"
"4033","1881","powered off","98","2025-05-13 18:34:16","2025-05-13 18:34:16"
"4034","1885","Meeting scheduled for thursday  at 4 pm,","98","2025-05-13 18:41:40","2025-05-13 18:41:40"
"4035","1885","Meeting scheduled for thursday  at 4 pm,","98","2025-05-13 18:41:40","2025-05-13 18:41:40"
"4036","1949","capacity  of 250 members, have day care, huddle room, indoor and outdoor gaming zone, 1 branch , requires proposal that she will share with CEO","106","2025-05-13 19:26:45","2025-05-13 19:26:45"
"4037","1898","not responding","98","2025-05-14 13:27:15","2025-05-14 13:27:15"
"4038","1899","havent check the proposal, i sent again to him today. follow up","98","2025-05-14 13:31:52","2025-05-14 13:31:52"
"4039","1907","powered off","98","2025-05-14 13:33:45","2025-05-14 13:33:45"
"4040","1910","firstly he asnwer the call , he said he sent number of his manager , but he didnt,i call him again but no answer","98","2025-05-14 13:40:03","2025-05-14 13:40:03"
"4041","1795","not answered","98","2025-05-14 13:41:53","2025-05-14 13:41:53"
"4042","1915","not answered","98","2025-05-14 13:50:54","2025-05-14 13:50:54"
"4043","1935","he declined, line busy","98","2025-05-14 13:52:35","2025-05-14 13:52:35"
"4044","1936","not answered","98","2025-05-14 13:53:49","2025-05-14 13:53:49"
"4045","1953","powered off","98","2025-05-14 13:59:42","2025-05-14 13:59:42"
"4046","1961","not responding","98","2025-05-14 14:00:35","2025-05-14 14:00:35"
"4047","1819","i call him 2 time , not answered","98","2025-05-14 14:02:51","2025-05-14 14:02:51"
"4048","1967","not answered","98","2025-05-14 14:16:34","2025-05-14 14:16:34"
"4049","1969","powered off","98","2025-05-14 14:17:18","2025-05-14 14:17:18"
"4050","1972","not answered/line busy","98","2025-05-14 14:18:15","2025-05-14 14:18:15"
"4051","1975","permanently closed","98","2025-05-14 14:21:01","2025-05-14 14:21:01"
"4052","1978","not answered","98","2025-05-14 14:22:17","2025-05-14 14:22:17"
"4053","1979","line bbusy with another call","98","2025-05-14 14:24:03","2025-05-14 14:24:03"
"4054","1980","powered off","98","2025-05-14 14:25:33","2025-05-14 14:25:33"
"4055","1981","not answered","98","2025-05-14 14:27:40","2025-05-14 14:27:40"
"4056","1981","not answered","98","2025-05-14 14:27:40","2025-05-14 14:27:40"
"4057","1983","not answered","98","2025-05-14 14:28:50","2025-05-14 14:28:50"
"4058","1989","his manager will came at 2 pm , he will discuss regarding meeting about him ,call again at 2:00 pm.","98","2025-05-14 14:35:02","2025-05-14 14:35:02"
"4059","1990","not responding","98","2025-05-14 14:36:47","2025-05-14 14:36:47"
"4060","1992","powered off","98","2025-05-14 14:43:36","2025-05-14 14:43:36"
"4061","1849","sheliked your product demo.they will consider when they scale.","98","2025-05-14 14:46:28","2025-05-14 14:46:28"
"4062","1995","Meeting scheduled for today at 12:00 pm","98","2025-05-14 14:58:52","2025-05-14 14:58:52"
"4063","1997","she will convey the message to his manager, right now she is busy in meeting. she wil contact us.and she ask to send a office number to her. i text her on whatsapp and also sent a number to her.","98","2025-05-14 15:08:20","2025-05-14 15:08:20"
"4064","1995","software house product base working,

inquired how security amount is managed, 

will discuss and let us know","106","2025-05-14 15:09:56","2025-05-14 15:09:56"
"4065","1998","not answered.","98","2025-05-14 15:13:01","2025-05-14 15:13:01"
"4066","1999","not responding","98","2025-05-14 15:13:56","2025-05-14 15:13:56"
"4067","2001","not answered.","98","2025-05-14 15:16:05","2025-05-14 15:16:05"
"4068","1997","she will discuss with her managment team and head office , and tell about the meeting, follow up at 4 pm .","98","2025-05-14 15:22:59","2025-05-14 15:22:59"
"4069","2003","not answered","98","2025-05-14 15:26:13","2025-05-14 15:26:13"
"4070","2004","Meeting scheduled  for today at 12:38 pm","98","2025-05-14 15:37:16","2025-05-14 15:37:16"
"4071","1824","Meeting scheduled for today at 3:30  pm","98","2025-05-14 15:46:42","2025-05-14 15:46:42"
"4072","2004","Point of contact: Usman Abid Qureshi,
based in Lahore, co working space not big, looking for a client with 25 team size for their private office, cost is challenge for them at the moment, will refer our software and also asked to refer client to him","106","2025-05-14 16:03:02","2025-05-14 16:03:02"
"4073","1935","proposal shared with them, he will confirm his availability time and will do a meeting.","98","2025-05-14 16:03:47","2025-05-14 16:03:47"
"4074","1476","he declined line busy","98","2025-05-14 17:34:17","2025-05-14 17:34:17"
"4075","1500","not answered","98","2025-05-14 17:35:42","2025-05-14 17:35:42"
"4076","1795","NR","106","2025-05-14 17:35:59","2025-05-14 17:35:59"
"4077","1550","line busy. call declined","98","2025-05-14 17:38:26","2025-05-14 17:38:26"
"4078","1573","busy with another call","98","2025-05-14 17:39:17","2025-05-14 17:39:17"
"4079","1792","their HR yusra javed attended call, wasim khan was in meeting, will be free in an hour, she will call back","106","2025-05-14 17:40:12","2025-05-14 17:40:12"
"4080","1792","Yusra informed she attended meeting on behalf of wasim, have not used demo account yet due to tough schedule,  will give feedback after 3 days","106","2025-05-14 17:46:01","2025-05-14 17:46:01"
"4081","1605","he declined.line busy","98","2025-05-14 17:48:15","2025-05-14 17:48:15"
"4082","1627","line busy.","98","2025-05-14 17:49:38","2025-05-14 17:49:38"
"4083","1607","NR","106","2025-05-14 18:00:38","2025-05-14 18:00:38"
"4084","1730","NR","106","2025-05-14 18:01:56","2025-05-14 18:01:56"
"4085","1800","Busy","106","2025-05-14 18:02:55","2025-05-14 18:02:55"
"4086","1670","Not answered","98","2025-05-14 18:04:53","2025-05-14 18:04:53"
"4087","1635","at this time,not need, but he will consider in future","98","2025-05-14 18:08:03","2025-05-14 18:08:03"
"4088","1672","call again after sometime","98","2025-05-14 18:11:50","2025-05-14 18:11:50"
"4089","1686","not answered","98","2025-05-14 18:13:32","2025-05-14 18:13:32"
"4090","1686","not answered","98","2025-05-14 18:13:33","2025-05-14 18:13:33"
"4091","1788","he declined.line busy","98","2025-05-14 18:15:26","2025-05-14 18:15:26"
"4092","1813","havent check the proposal, he will review and will let us know on whatsapp, he said dont call on number , just text on whatsapp.","98","2025-05-14 18:23:10","2025-05-14 18:23:10"
"4093","1809","not answerinng","98","2025-05-14 18:24:43","2025-05-14 18:24:43"
"4094","1857","not answered","98","2025-05-14 18:26:19","2025-05-14 18:26:19"
"4095","1838","not answered","98","2025-05-14 18:38:13","2025-05-14 18:38:13"
"4096","1904","not answered","98","2025-05-14 18:49:26","2025-05-14 18:49:26"
"4097","1824","Point of contact: Ahmed Awais

70 seats in their space, using huddle management system, modified it according to his requirements but some reports are missing,  inquired about account mangement, clock in clock out and asset management. Send pitch deck and demo account","106","2025-05-14 18:53:06","2025-05-14 18:53:06"
"4098","1885","meeting time changed.now its 5 pm","98","2025-05-14 18:59:16","2025-05-14 18:59:16"
"4099","2099","line busy with another call","98","2025-05-14 19:23:20","2025-05-14 19:23:20"
"4100","1648","meeting not attented by client","98","2025-05-14 19:32:51","2025-05-14 19:32:51"
"4101","1670","meeting not attented by client","98","2025-05-14 19:33:17","2025-05-14 19:33:17"
"4102","1885","total space 54 persons, 
based in rawalpindi, in 6th roads, 

will discuss with team and will contact tommorrow","106","2025-05-14 20:22:54","2025-05-14 20:22:54"
"4103","1997","contact again in next week, their schedule is fully packed now.","98","2025-05-14 20:49:35","2025-05-14 20:49:35"
"4104","1500","not answered","98","2025-05-15 13:48:04","2025-05-15 13:48:04"
"4105","1771","not decided yet, he will let us know after some time. he will contact us","98","2025-05-15 13:51:56","2025-05-15 13:51:56"
"4106","1550","not answered","98","2025-05-15 13:58:04","2025-05-15 13:58:04"
"4107","1573","he declined.line busy","98","2025-05-15 14:03:18","2025-05-15 14:03:18"
"4108","1595","he is on bed rest till 30 june . 
call after 1 month.","98","2025-05-15 14:07:08","2025-05-15 14:07:08"
"4109","1605","not answered.","98","2025-05-15 14:09:00","2025-05-15 14:09:00"
"4110","1605","not answered.","98","2025-05-15 14:09:00","2025-05-15 14:09:00"
"4111","1627","send message at whatsapp , he will tell tomorrow about the meeting.right now he cant say anything for meeting.","98","2025-05-15 14:17:01","2025-05-15 14:17:01"
"4112","1672","not answered","98","2025-05-15 14:20:43","2025-05-15 14:20:43"
"4113","1672","not answered","98","2025-05-15 14:20:44","2025-05-15 14:20:44"
"4114","1672","not answered","98","2025-05-15 14:20:45","2025-05-15 14:20:45"
"4115","1672","not answered","98","2025-05-15 14:20:45","2025-05-15 14:20:45"
"4116","1686","line busy.","98","2025-05-15 14:21:40","2025-05-15 14:21:40"
"4117","1788","line busy","98","2025-05-15 14:23:08","2025-05-15 14:23:08"
"4118","1788","line busy","98","2025-05-15 14:23:08","2025-05-15 14:23:08"
"4119","1809","not answered","98","2025-05-15 14:24:49","2025-05-15 14:24:49"
"4120","1857","not answered","98","2025-05-15 14:26:10","2025-05-15 14:26:10"
"4121","1838","not responding","98","2025-05-15 14:27:56","2025-05-15 14:27:56"
"4122","1904","she declined,line busy","98","2025-05-15 14:31:19","2025-05-15 14:31:19"
"4123","1904","she declined,line busy","98","2025-05-15 14:31:19","2025-05-15 14:31:19"
"4124","2015","he declined, line busy","98","2025-05-15 14:34:29","2025-05-15 14:34:29"
"4125","2099","not answered","98","2025-05-15 14:37:12","2025-05-15 14:37:12"
"4126","2099","not answered","98","2025-05-15 14:37:12","2025-05-15 14:37:12"
"4127","2041","they are also a it solution providers, have already a customized software, but i convinced hm for meeting, he will confirm his availability soon.","98","2025-05-15 14:52:26","2025-05-15 14:52:26"
"4128","1607","not responding.","98","2025-05-15 14:53:47","2025-05-15 14:53:47"
"4129","1607","not responding.","98","2025-05-15 14:53:47","2025-05-15 14:53:47"
"4130","1795","not answered","98","2025-05-15 14:55:08","2025-05-15 14:55:08"
"4131","1795","i also sent a follow up message on his whatsapp.","98","2025-05-15 14:58:31","2025-05-15 14:58:31"
"4132","1730","he said he havent use the demo acount yet, he was very busy, he will use and will let us know.","98","2025-05-15 15:02:24","2025-05-15 15:02:24"
"4133","1800","not answered","98","2025-05-15 15:04:37","2025-05-15 15:04:37"
"4134","1751","not answered","98","2025-05-15 15:06:30","2025-05-15 15:06:30"
"4135","1509","he is busy in meeting, he will available at evenning for meeting, call before scheduling the meeting, then share the meeting link.","98","2025-05-15 15:11:39","2025-05-15 15:11:39"
"4136","1761","i follow up with  the client and  he says that right now he cant say anything about purchasing, but he will save our contact number and  he will surely contat us  when they purchase, and also refers to others, he said send me the price of software.","98","2025-05-15 15:21:20","2025-05-15 15:21:20"
"4137","2010","powered off","98","2025-05-15 15:28:45","2025-05-15 15:28:45"
"4138","2012","not answered","98","2025-05-15 15:30:28","2025-05-15 15:30:28"
"4139","2037","powered off","98","2025-05-15 15:31:58","2025-05-15 15:31:58"
"4140","2036","not responding","98","2025-05-15 15:33:12","2025-05-15 15:33:12"
"4141","2038","not responding","98","2025-05-15 15:34:33","2025-05-15 15:34:33"
"4142","2038","not responding","98","2025-05-15 15:34:33","2025-05-15 15:34:33"
"4143","2048","not responding","98","2025-05-15 15:41:54","2025-05-15 15:41:54"
"4144","2050","not responding","98","2025-05-15 15:43:58","2025-05-15 15:43:58"
"4145","2057","not responding","98","2025-05-15 15:45:07","2025-05-15 15:45:07"
"4146","2057","not responding","98","2025-05-15 15:45:08","2025-05-15 15:45:08"
"4147","2060","not responding","98","2025-05-15 15:46:05","2025-05-15 15:46:05"
"4148","2060","not responding","98","2025-05-15 15:46:06","2025-05-15 15:46:06"
"4149","2064","powered off","98","2025-05-15 15:47:51","2025-05-15 15:47:51"
"4150","2070","not responding","98","2025-05-15 15:50:35","2025-05-15 15:50:35"
"4151","2072","not answering","98","2025-05-15 15:52:11","2025-05-15 15:52:11"
"4152","2074","not answered","98","2025-05-15 15:54:20","2025-05-15 15:54:20"
"4153","2077","powered off","98","2025-05-15 15:55:14","2025-05-15 15:55:14"
"4154","1824","pitch dech again send today","98","2025-05-15 17:15:59","2025-05-15 17:15:59"
"4155","2116","not answered","98","2025-05-15 17:31:21","2025-05-15 17:31:21"
"4156","2103","powered off","98","2025-05-15 17:38:29","2025-05-15 17:38:29"
"4157","2107","ask to share the details on email,
email sent","98","2025-05-15 17:56:57","2025-05-15 17:56:57"
"4158","2108","meeting schduled for today at  6pm.","98","2025-05-15 18:11:05","2025-05-15 18:11:05"
"4159","2117","powered off","98","2025-05-15 18:16:50","2025-05-15 18:16:50"
"4160","2130","powered off.","98","2025-05-15 18:23:38","2025-05-15 18:23:38"
"4161","2134","she says call again tomorrow , right now her c.e.o is not available, tomorrow call at 2nd half after 2 pm.","98","2025-05-15 18:32:16","2025-05-15 18:32:16"
"4162","2136","not coworking space","98","2025-05-15 18:35:22","2025-05-15 18:35:22"
"4163","2137","powered off","98","2025-05-15 18:36:50","2025-05-15 18:36:50"
"4164","2140","not responding","98","2025-05-15 18:38:21","2025-05-15 18:38:21"
"4165","1477","line busy with another call","98","2025-05-15 18:39:57","2025-05-15 18:39:57"
"4166","1479","not answered","98","2025-05-15 18:42:36","2025-05-15 18:42:36"
"4167","2141","permanently closed","98","2025-05-15 18:44:57","2025-05-15 18:44:57"
"4168","1481","not answered","98","2025-05-15 18:47:44","2025-05-15 18:47:44"
"4169","1553","not interested","98","2025-05-15 19:13:48","2025-05-15 19:13:48"
"4170","1885","not answered.","98","2025-05-15 19:43:45","2025-05-15 19:43:45"
"4171","1995","not answered","98","2025-05-15 19:45:41","2025-05-15 19:45:41"
"4172","1751","follow up message sent to him","98","2025-05-15 20:10:26","2025-05-15 20:10:26"
"4173","1925","follow up message  sent","98","2025-05-15 20:33:04","2025-05-15 20:33:04"
"4174","2112","follow up message sent.","98","2025-05-15 20:36:38","2025-05-15 20:36:38"
"4175","1885","follow up message sent","98","2025-05-15 20:38:47","2025-05-15 20:38:47"
"4176","1995","follow up message sent","98","2025-05-15 20:46:27","2025-05-15 20:46:27"
"4177","1800","follow up  message sent","98","2025-05-15 21:04:19","2025-05-15 21:04:19"
"4178","1490","Point of contact: Noman Sarwar

Based in Faisalabad, 1 branch, planning for second branch, 100 clients, hr: monday.com, invoicing : wave , own software house, 
Client was given demo of live software,
client said he is not even getting 10% in our software as compared to his current softwares, asked to share proposal enlisting all features and with pricing","106","2025-05-15 21:05:20","2025-05-15 21:05:20"
"4179","1509","not answered","98","2025-05-15 21:10:37","2025-05-15 21:10:37"
"4180","1882","Have a parent compnay that deals will operations of BPO and software development,

based in F11, now relocated to D-12,
1 floor, seating capacity of 140-150 people

e-rozgar rebranded as NCSP National Co working Space Pakistan,
 finalizing formalities with BISEP, then will get demo, will wait for the month of may, will start in june","106","2025-05-16 16:25:12","2025-05-16 16:25:12"
"4181","1882","Have a parent compnay that deals will operations of BPO and software development,

based in F11, now relocated to D-12,
1 floor, seating capacity of 140-150 people

e-rozgar rebranded as NCSP National Co working Space Pakistan,
 finalizing formalities with BISEP, then will get demo, will wait for the month of may, will start in june","106","2025-05-16 16:25:14","2025-05-16 16:25:14"
"4182","1882","inquired how our crm is different from bsuiness management   tool of facebok, how leads are added from social media platforms to crm, requires curreny set up option planning to expand in US,  have two biometric machines for the two teams in differnet areas requires set up for that","106","2025-05-16 16:34:45","2025-05-16 16:34:45"
"4183","1498","follow up message sent.","98","2025-05-16 16:35:17","2025-05-16 16:35:17"
"4184","1509","not answered","98","2025-05-16 17:30:21","2025-05-16 17:30:21"
"4185","1627","not answered","98","2025-05-16 17:34:01","2025-05-16 17:34:01"
"4186","1935","Meeting scheduled for tomorow saturday at 6 pm, but firstly call him, or send a reminder message ,","98","2025-05-16 17:42:58","2025-05-16 17:42:58"
"4187","1476","also company url has been sent.","98","2025-05-16 17:45:37","2025-05-16 17:45:37"
"4188","1500","not answered","98","2025-05-16 17:47:02","2025-05-16 17:47:02"
"4189","1550","not available now","98","2025-05-16 17:49:15","2025-05-16 17:49:15"
"4190","1573","he declined , line busy","98","2025-05-16 17:50:21","2025-05-16 17:50:21"
"4191","1605","not answered","98","2025-05-16 17:52:13","2025-05-16 17:52:13"
"4192","1672","he will do a meeting, firstly call at 6:30 pm and then send the meetig link.","98","2025-05-16 17:58:39","2025-05-16 17:58:39"
"4193","1686","not answered","98","2025-05-16 18:00:24","2025-05-16 18:00:24"
"4194","1788","line busy","98","2025-05-16 18:01:31","2025-05-16 18:01:31"
"4195","1809","not answered","98","2025-05-16 18:04:52","2025-05-16 18:04:52"
"4196","1857","he declined, line busy","98","2025-05-16 18:05:48","2025-05-16 18:05:48"
"4197","1838","not answered","98","2025-05-16 18:07:12","2025-05-16 18:07:12"
"4198","2015","not answered","98","2025-05-16 18:11:34","2025-05-16 18:11:34"
"4199","2099","meeting scheduled for monday at 11 am","98","2025-05-16 18:14:55","2025-05-16 18:14:55"
"4200","1551","not interested","98","2025-05-16 18:23:26","2025-05-16 18:23:26"
"4201","1574","she said right now we are usng a good software, but she wil discuss with it department, 
follow up at monday","98","2025-05-16 18:38:16","2025-05-16 18:38:16"
"4202","1577","not responding.","98","2025-05-16 18:40:26","2025-05-16 18:40:26"
"4203","1588","powered off","98","2025-05-16 18:41:55","2025-05-16 18:41:55"
"4204","1594","not answered","98","2025-05-16 18:44:40","2025-05-16 18:44:40"
"4205","1601","line busy","98","2025-05-16 18:48:48","2025-05-16 18:48:48"
"4206","1603","not responding","98","2025-05-16 18:50:32","2025-05-16 18:50:32"
"4207","1765","not answered","98","2025-05-16 18:52:57","2025-05-16 18:52:57"
"4208","1819","not responding","98","2025-05-16 18:54:37","2025-05-16 18:54:37"
"4209","1746","call again at monday 11 am  for meeting,","98","2025-05-16 18:58:32","2025-05-16 18:58:32"
"4210","1644","line busy","98","2025-05-16 19:27:34","2025-05-16 19:27:34"
"4211","1644","line busy","98","2025-05-16 19:27:34","2025-05-16 19:27:34"
"4212","1644","line busy","98","2025-05-16 19:27:34","2025-05-16 19:27:34"
"4213","1649","not answered","98","2025-05-16 19:30:37","2025-05-16 19:30:37"
"4214","1658","not answered","98","2025-05-16 19:33:40","2025-05-16 19:33:40"
"4215","1658","not answered","98","2025-05-16 19:33:41","2025-05-16 19:33:41"
"4216","1668","not responding","98","2025-05-16 19:35:55","2025-05-16 19:35:55"
"4217","2084","not answered","98","2025-05-16 19:50:09","2025-05-16 19:50:09"
"4218","1648","not answered","98","2025-05-16 19:53:28","2025-05-16 19:53:28"
"4219","1887","Sent reminder messege for meeting NR, called she hung up","106","2025-05-17 19:15:26","2025-05-17 19:15:26"
"4220","1935","out of city, required video of demo","106","2025-05-17 19:16:25","2025-05-17 19:16:25"
"4221","1751","not answered","98","2025-05-19 13:35:24","2025-05-19 13:35:24"
"4222","1885","I spoke with the client, and currently, they mentioned that they are not interested in the software at this time. However, they did offer to share another contact number that may be relevant for follow-up.

During the conversation, they also informed me that they run a grocery business located in I-14. They asked if it would be possible for us to visit their office and give a demo of our software to their team. This could be an opportunity to better understand their requirements and potentially spark their interest again.","98","2025-05-19 13:46:10","2025-05-19 13:46:10"
"4223","1995","I had a conversation with the client, and they mentioned that they are currently not interested in our software. The reason is that they also run a software company and have limited space, so they don’t require a solution like ours for their setup.

They also mentioned that they already have a CRM system in place. However, they appreciated the quality of our software and said it’s very good. He assured me that he will save our contact information and may refer us to other spaces that could benefit from our solution.","98","2025-05-19 13:54:50","2025-05-19 13:54:50"
"4224","2099","meeting done with the client, and he shared that they have two coworking spaces one located in Faisalabad and the other in Lahore. The Faisalabad branch includes both private offices and desk offices, while the Lahore location has 12 private office spaces. Currently, they are using software only for accounting purposes, and the rest of their operations are being managed manually through Excel. He mentioned that he will discuss our software with his partners and will update us after their internal discussion.","98","2025-05-19 14:38:40","2025-05-19 14:38:40"
"4225","1500","powered off","98","2025-05-19 14:44:09","2025-05-19 14:44:09"
"4226","1550","not answered","98","2025-05-19 14:47:14","2025-05-19 14:47:14"
"4227","1573","not answered","98","2025-05-19 14:49:30","2025-05-19 14:49:30"
"4228","1605","line busy","98","2025-05-19 14:51:12","2025-05-19 14:51:12"
"4229","1627","not responding","98","2025-05-19 14:54:22","2025-05-19 14:54:22"
"4230","2084","line busy","98","2025-05-19 14:57:02","2025-05-19 14:57:02"
"4231","1648","line busy","98","2025-05-19 14:58:42","2025-05-19 14:58:42"
"4232","1648","line busy","98","2025-05-19 14:58:42","2025-05-19 14:58:42"
"4233","1670","meeting done with him . a very small space of 2 room. no need of software.
not a strong lead","98","2025-05-19 16:05:59","2025-05-19 16:05:59"
"4234","1672","not responding.","98","2025-05-19 17:31:04","2025-05-19 17:31:04"
"4235","1686","not answered.","98","2025-05-19 17:33:33","2025-05-19 17:33:33"
"4236","1788","not responding","98","2025-05-19 17:35:28","2025-05-19 17:35:28"
"4237","1857","he  declined ,line busy","98","2025-05-19 17:37:12","2025-05-19 17:37:12"
"4238","1838","not responding","98","2025-05-19 17:39:40","2025-05-19 17:39:40"
"4239","1904","not answered","98","2025-05-19 17:42:22","2025-05-19 17:42:22"
"4240","2015","firstly he pick and then declined the call.","98","2025-05-19 17:45:50","2025-05-19 17:45:50"
"4241","1509","not answered","98","2025-05-19 17:50:06","2025-05-19 17:50:06"
"4242","1607","not answered","98","2025-05-19 17:52:00","2025-05-19 17:52:00"
"4243","1795","not answered.","98","2025-05-19 17:53:50","2025-05-19 17:53:50"
"4244","1730","not responding","98","2025-05-19 17:55:04","2025-05-19 17:55:04"
"4245","1792","not answered","98","2025-05-19 17:57:40","2025-05-19 17:57:40"
"4246","1824","not responding","98","2025-05-19 17:59:14","2025-05-19 17:59:14"
"4247","1624","not responding","98","2025-05-19 18:04:11","2025-05-19 18:04:11"
"4248","1624","not responding","98","2025-05-19 18:04:12","2025-05-19 18:04:12"
"4249","1625","ask to share pitch dech on whatsapp, pitch dech sent. he said call me after 7 then he will tell about meeting.","98","2025-05-19 18:09:29","2025-05-19 18:09:29"
"4250","1936","her c.e.o is not available right now, , call again tomorrow.","98","2025-05-19 18:16:24","2025-05-19 18:16:24"
"4251","1588","powered off","98","2025-05-19 18:22:52","2025-05-19 18:22:52"
"4252","1594","not answered","98","2025-05-19 18:26:29","2025-05-19 18:26:29"
"4253","1601","Meeting scheduled for tomorrow at 10:30 am.","98","2025-05-19 18:34:49","2025-05-19 18:34:49"
"4254","1673","not responding","98","2025-05-19 19:28:48","2025-05-19 19:28:48"
"4255","1680","not responding","98","2025-05-19 19:31:38","2025-05-19 19:31:38"
"4256","1601","using odoo, new office in karachi, established in lahore, inquired if check in check out option available, room can be locked with biometric,  asked to send  contact number to him","106","2025-05-20 14:09:06","2025-05-20 14:09:06"
"4257","1476","havent check the proposal, ive sent again, and also schedule the meeting at 3 pm.","98","2025-05-20 14:23:12","2025-05-20 14:23:12"
"4258","1500","not responding","98","2025-05-20 14:27:01","2025-05-20 14:27:01"
"4259","1550","not answered","98","2025-05-20 14:32:13","2025-05-20 14:32:13"
"4260","1573","line busy","98","2025-05-20 14:33:05","2025-05-20 14:33:05"
"4261","1605","not responding","98","2025-05-20 14:35:18","2025-05-20 14:35:18"
"4262","1627","not responding","98","2025-05-20 14:36:49","2025-05-20 14:36:49"
"4263","1672","he said send me the reminder message at whatsapp for meeting,","98","2025-05-20 14:40:44","2025-05-20 14:40:44"
"4264","1746","not answered","98","2025-05-20 14:42:35","2025-05-20 14:42:35"
"4265","1686","not answered","98","2025-05-20 14:44:32","2025-05-20 14:44:32"
"4266","1788","not responding","98","2025-05-20 14:45:33","2025-05-20 14:45:33"
"4267","1857","he declined , line busy","98","2025-05-20 14:47:12","2025-05-20 14:47:12"
"4268","1838","not answered","98","2025-05-20 14:49:01","2025-05-20 14:49:01"
"4269","1904","she declined , line busy","98","2025-05-20 14:50:05","2025-05-20 14:50:05"
"4270","1904","she declined , line busy","98","2025-05-20 14:50:05","2025-05-20 14:50:05"
"4271","2015","not answering","98","2025-05-20 14:52:06","2025-05-20 14:52:06"
"4272","1625","not answered","98","2025-05-20 14:54:11","2025-05-20 14:54:11"
"4273","2041","not required now, they will call us when they need","98","2025-05-20 14:57:22","2025-05-20 14:57:22"
"4274","2107","he said he will about his feedback ,whether its positve or negative. and then will let us know, on email","98","2025-05-20 15:01:34","2025-05-20 15:01:34"
"4275","1509","busy with another call","98","2025-05-20 15:02:32","2025-05-20 15:02:32"
"4276","2084","not answered","98","2025-05-20 15:05:37","2025-05-20 15:05:37"
"4277","1648","not answered","98","2025-05-20 15:07:33","2025-05-20 15:07:33"
"4278","1648","not answered","98","2025-05-20 15:07:33","2025-05-20 15:07:33"
"4279","1746","meeting scheduled for today at 5 pm.","98","2025-05-20 15:18:26","2025-05-20 15:18:26"
"4280","1819","not responding","98","2025-05-20 15:20:20","2025-05-20 15:20:20"
"4281","1887","not answered","98","2025-05-20 15:21:54","2025-05-20 15:21:54"
"4282","1851","line busy","98","2025-05-20 15:23:29","2025-05-20 15:23:29"
"4283","1851","ive sent a message on whatsapp for reshedule the meeting","98","2025-05-20 15:28:42","2025-05-20 15:28:42"
"4284","1916","not answered","98","2025-05-20 15:30:53","2025-05-20 15:30:53"
"4285","1962","invalid number","98","2025-05-20 15:31:52","2025-05-20 15:31:52"
"4286","1962","invalid number","98","2025-05-20 15:31:52","2025-05-20 15:31:52"
"4287","2108","not responding","98","2025-05-20 15:32:53","2025-05-20 15:32:53"
"4288","2108","not responding","98","2025-05-20 15:32:53","2025-05-20 15:32:53"
"4289","1607","not answered","98","2025-05-20 15:34:54","2025-05-20 15:34:54"
"4290","1795","not answered","98","2025-05-20 15:36:28","2025-05-20 15:36:28"
"4291","1795","not answered","98","2025-05-20 15:36:28","2025-05-20 15:36:28"
"4292","1730","not answered","98","2025-05-20 15:38:37","2025-05-20 15:38:37"
"4293","1751","not answered","98","2025-05-20 15:40:25","2025-05-20 15:40:25"
"4294","1792","not responding","98","2025-05-20 15:49:24","2025-05-20 15:49:24"
"4295","1603","not responding.","98","2025-05-20 15:52:40","2025-05-20 15:52:40"
"4296","1624","not responding","98","2025-05-20 15:55:31","2025-05-20 15:55:31"
"4297","1765","call him again at 2:30 pm. for meeting","98","2025-05-20 15:57:08","2025-05-20 15:57:08"
"4298","1765","he declined, line busy","98","2025-05-20 17:07:57","2025-05-20 17:07:57"
"4299","1640","powered off","98","2025-05-20 17:27:04","2025-05-20 17:27:04"
"4300","1644","not answering","98","2025-05-20 17:29:31","2025-05-20 17:29:31"
"4301","1658","powered off","98","2025-05-20 17:36:14","2025-05-20 17:36:14"
"4302","1476","not answered","98","2025-05-20 17:50:44","2025-05-20 17:50:44"
"4303","1574","not answered","98","2025-05-20 17:53:53","2025-05-20 17:53:53"
"4304","1575","powered off","98","2025-05-20 17:56:10","2025-05-20 17:56:10"
"4305","1575","powered off","98","2025-05-20 17:56:10","2025-05-20 17:56:10"
"4306","1577","not responding","98","2025-05-20 17:58:01","2025-05-20 17:58:01"
"4307","1577","not responding","98","2025-05-20 17:58:02","2025-05-20 17:58:02"
"4308","1949","Proposal was shared on 17 may","106","2025-05-20 18:00:23","2025-05-20 18:00:23"
"4309","1586","firstly he pick , voice distortion, when i call him again, line busy","98","2025-05-20 18:06:14","2025-05-20 18:06:14"
"4310","1476","Not answered","98","2025-05-20 18:08:16","2025-05-20 18:08:16"
"4311","1673","not responding","98","2025-05-20 18:10:28","2025-05-20 18:10:28"
"4312","1680","not responding","98","2025-05-20 18:11:40","2025-05-20 18:11:40"
"4313","1691","not answered","98","2025-05-20 18:14:23","2025-05-20 18:14:23"
"4314","1695","powered off","98","2025-05-20 18:16:17","2025-05-20 18:16:17"
"4315","1702","Meeting schduled for tomorrow at 11 am.","98","2025-05-20 18:23:01","2025-05-20 18:23:01"
"4316","1719","call again tomorrow, firstly confirm the availability time.also share the pitch dech on whatsapp","98","2025-05-20 18:32:40","2025-05-20 18:32:40"
"4317","1720","not answered","98","2025-05-20 18:37:22","2025-05-20 18:37:22"
"4318","1721","not responding","98","2025-05-20 18:38:47","2025-05-20 18:38:47"
"4319","1721","not responding","98","2025-05-20 18:38:57","2025-05-20 18:38:57"
"4320","1739","line busy.not responding","98","2025-05-20 18:49:00","2025-05-20 18:49:00"
"4321","1748","not answered","98","2025-05-20 18:51:43","2025-05-20 18:51:43"
"4322","1750","not responding","98","2025-05-20 18:52:46","2025-05-20 18:52:46"
"4323","1747","not responding","98","2025-05-20 18:54:16","2025-05-20 18:54:16"
"4324","1756","powered off","98","2025-05-20 18:56:44","2025-05-20 18:56:44"
"4325","1798","powered off","98","2025-05-20 19:02:17","2025-05-20 19:02:17"
"4326","1807","not answered","98","2025-05-20 19:04:18","2025-05-20 19:04:18"
"4327","1810","powered off","98","2025-05-20 19:16:52","2025-05-20 19:16:52"
"4328","1818","not answered","98","2025-05-20 19:19:50","2025-05-20 19:19:50"
"4329","1997","right now she is busy,she will send a number of sehr and , contact her, after sometime","98","2025-05-20 19:32:57","2025-05-20 19:32:57"
"4330","2009","line busy.","98","2025-05-20 19:35:54","2025-05-20 19:35:54"
"4331","1989","he declined, line busy","98","2025-05-20 19:38:21","2025-05-20 19:38:21"
"4332","1746","1 coworking space name: behria coworking space, 90 to hundred space.
if he is interested he will let us know.","98","2025-05-20 20:34:41","2025-05-20 20:34:41"
"4333","1746","plus language issue.","98","2025-05-20 20:36:16","2025-05-20 20:36:16"
"4334","1476","not answered","98","2025-05-23 17:33:23","2025-05-23 17:33:23"
"4335","1500","line busy","98","2025-05-23 17:34:34","2025-05-23 17:34:34"
"4336","1500","line busy","98","2025-05-23 17:34:34","2025-05-23 17:34:34"
"4337","1550","not answered","98","2025-05-23 17:38:21","2025-05-23 17:38:21"
"4338","1550","not answered","98","2025-05-23 17:38:21","2025-05-23 17:38:21"
"4339","1573","he declined,line busy","98","2025-05-23 17:40:20","2025-05-23 17:40:20"
"4340","1605","line busy.","98","2025-05-23 17:42:25","2025-05-23 17:42:25"
"4341","1627","not responding","98","2025-05-23 17:44:28","2025-05-23 17:44:28"
"4342","1672","not answered","98","2025-05-23 17:45:51","2025-05-23 17:45:51"
"4343","1672","not answered","98","2025-05-23 17:45:51","2025-05-23 17:45:51"
"4344","1686","not answered","98","2025-05-23 17:47:29","2025-05-23 17:47:29"
"4345","1788","not responding","98","2025-05-23 17:48:45","2025-05-23 17:48:45"
"4346","1809","not answered","98","2025-05-23 17:50:22","2025-05-23 17:50:22"
"4347","1857","not answered","98","2025-05-23 17:51:36","2025-05-23 17:51:36"
"4348","1838","not answered","98","2025-05-23 17:54:15","2025-05-23 17:54:15"
"4349","1838","not answered","98","2025-05-23 17:54:15","2025-05-23 17:54:15"
"4350","2015","not answered","98","2025-05-23 17:56:50","2025-05-23 17:56:50"
"4351","2015","not answered","98","2025-05-23 17:56:50","2025-05-23 17:56:50"
"4352","1667","proposal was sent at tuesday. 
call at monday then he will confirm the availability of meeting.","98","2025-05-23 18:09:13","2025-05-23 18:09:13"
"4353","1751","not answered","98","2025-05-23 18:12:55","2025-05-23 18:12:55"
"4354","1751","not answered","98","2025-05-23 18:12:55","2025-05-23 18:12:55"
"4355","1509","powered off","98","2025-05-23 18:14:11","2025-05-23 18:14:11"
"4356","1509","powered off","98","2025-05-23 18:14:11","2025-05-23 18:14:11"
"4357","1702","not answered.","98","2025-05-23 18:16:30","2025-05-23 18:16:30"
"4358","1949","her c.e.o is very busy, havent discuss with him. she will update us after sometime.","98","2025-05-23 18:21:58","2025-05-23 18:21:58"
"4359","1935","not answered","98","2025-05-23 18:25:52","2025-05-23 18:25:52"
"4360","1935","not answered","98","2025-05-23 18:25:52","2025-05-23 18:25:52"
"4361","1935","not answered","98","2025-05-23 18:25:57","2025-05-23 18:25:57"
"4362","1935","not answered","98","2025-05-23 18:26:00","2025-05-23 18:26:00"
"4363","1935","not answered","98","2025-05-23 18:26:00","2025-05-23 18:26:00"
"4364","1935","not answered","98","2025-05-23 18:26:00","2025-05-23 18:26:00"
"4365","2084","not answered","98","2025-05-23 18:28:21","2025-05-23 18:28:21"
"4366","2084","not answered","98","2025-05-23 18:28:21","2025-05-23 18:28:21"
"4367","2084","not answered","98","2025-05-23 18:28:22","2025-05-23 18:28:22"
"4368","1792","not respondding","98","2025-05-23 18:30:20","2025-05-23 18:30:20"
"4369","1792","not respondding","98","2025-05-23 18:30:21","2025-05-23 18:30:21"
"4370","1607","not responding","98","2025-05-23 18:33:52","2025-05-23 18:33:52"
"4371","1795","not answered","98","2025-05-23 18:36:57","2025-05-23 18:36:57"
"4372","1795","not answered","98","2025-05-23 18:36:57","2025-05-23 18:36:57"
"4373","1795","not answered","98","2025-05-23 18:36:57","2025-05-23 18:36:57"
"4374","1730","not answered","98","2025-05-23 18:51:07","2025-05-23 18:51:07"
"4375","1730","not answered","98","2025-05-23 18:51:07","2025-05-23 18:51:07"
"4376","1498","not answered","98","2025-05-23 18:55:14","2025-05-23 18:55:14"
"4377","1498","not answered","98","2025-05-23 18:55:14","2025-05-23 18:55:14"
"4378","1575","powered off","98","2025-05-23 19:02:02","2025-05-23 19:02:02"
"4379","1577","not responding","98","2025-05-23 19:02:57","2025-05-23 19:02:57"
"4380","1588","powered off","98","2025-05-23 19:04:51","2025-05-23 19:04:51"
"4381","1588","powered off","98","2025-05-23 19:04:51","2025-05-23 19:04:51"
"4382","1594","not answered","98","2025-05-23 19:09:33","2025-05-23 19:09:33"
"4383","1594","not answered","98","2025-05-23 19:09:34","2025-05-23 19:09:34"
"4384","1602","number not in use","98","2025-05-23 19:11:30","2025-05-23 19:11:30"
"4385","1602","number not in use","98","2025-05-23 19:11:30","2025-05-23 19:11:30"
"4386","1603","not responding","98","2025-05-23 19:13:53","2025-05-23 19:13:53"
"4387","1603","not responding","98","2025-05-23 19:13:53","2025-05-23 19:13:53"
"4388","1624","not responding","98","2025-05-23 19:17:31","2025-05-23 19:17:31"
"4389","1624","not responding","98","2025-05-23 19:17:31","2025-05-23 19:17:31"
"4390","1639","line busy with another call","98","2025-05-23 19:19:06","2025-05-23 19:19:06"
"4391","1639","line busy with another call","98","2025-05-23 19:19:06","2025-05-23 19:19:06"
"4392","1640","powered off","98","2025-05-23 19:20:37","2025-05-23 19:20:37"
"4393","1644","not responding","98","2025-05-23 19:21:59","2025-05-23 19:21:59"
"4394","1649","not answered","98","2025-05-23 19:25:40","2025-05-23 19:25:40"
"4395","1649","not answered","98","2025-05-23 19:25:40","2025-05-23 19:25:40"
"4396","1658","not answered","98","2025-05-23 19:34:37","2025-05-23 19:34:37"
"4397","1668","not responding","98","2025-05-23 19:36:05","2025-05-23 19:36:05"
"4398","1695","not responding","98","2025-05-23 20:12:02","2025-05-23 20:12:02"
"4399","1572","he will send the c.e.o number , follow up at monday .
his c.e.o came back from america.","98","2025-05-23 20:33:59","2025-05-23 20:33:59"
"4400","1477","not responding","98","2025-05-26 13:33:34","2025-05-26 13:33:34"
"4401","1481","not answered","98","2025-05-26 13:35:23","2025-05-26 13:35:23"
"4402","1481","not answered","98","2025-05-26 13:35:24","2025-05-26 13:35:24"
"4403","1494","not answered","98","2025-05-26 13:37:43","2025-05-26 13:37:43"
"4404","1497","not answered","98","2025-05-26 13:39:20","2025-05-26 13:39:20"
"4405","1496","Meeting sheduled for tomorrow at 12 pm","98","2025-05-26 13:43:02","2025-05-26 13:43:02"
"4406","1511","not responding","98","2025-05-26 13:48:21","2025-05-26 13:48:21"
"4407","1667","he is ill, call again at wednesday,","98","2025-05-26 13:51:17","2025-05-26 13:51:17"
"4408","1529","not answered","98","2025-05-26 13:54:25","2025-05-26 13:54:25"
"4409","1532","not answered","98","2025-05-26 13:57:44","2025-05-26 13:57:44"
"4410","1542","not answered","98","2025-05-26 14:00:21","2025-05-26 14:00:21"
"4411","1544","not responding","98","2025-05-26 14:02:09","2025-05-26 14:02:09"
"4412","1563","not answered","98","2025-05-26 14:12:03","2025-05-26 14:12:03"
"4413","1564","not answered","98","2025-05-26 14:14:00","2025-05-26 14:14:00"
"4414","1569","not answered","98","2025-05-26 14:15:27","2025-05-26 14:15:27"
"4415","1569","not answered","98","2025-05-26 14:15:27","2025-05-26 14:15:27"
"4416","1572","not responding","98","2025-05-26 14:17:47","2025-05-26 14:17:47"
"4417","1572","busy with another line","98","2025-05-26 14:19:11","2025-05-26 14:19:11"
"4418","1574","not answered","98","2025-05-26 14:21:54","2025-05-26 14:21:54"
"4419","1574","not answered","98","2025-05-26 14:21:54","2025-05-26 14:21:54"
"4420","1575","not answered","98","2025-05-26 14:23:39","2025-05-26 14:23:39"
"4421","1586","line busy  with another call","98","2025-05-26 14:26:24","2025-05-26 14:26:24"
"4422","1588","powered off","98","2025-05-26 14:27:45","2025-05-26 14:27:45"
"4423","1594","line busy","98","2025-05-26 14:28:55","2025-05-26 14:28:55"
"4424","1603","not responding","98","2025-05-26 14:29:56","2025-05-26 14:29:56"
"4425","1603","not responding","98","2025-05-26 14:29:57","2025-05-26 14:29:57"
"4426","1624","not responding","98","2025-05-26 14:32:52","2025-05-26 14:32:52"
"4427","1629","not answered","98","2025-05-26 14:34:34","2025-05-26 14:34:34"
"4428","1639","not answered","98","2025-05-26 14:37:18","2025-05-26 14:37:18"
"4429","1640","powered off","98","2025-05-26 14:38:26","2025-05-26 14:38:26"
"4430","1644","line busy","98","2025-05-26 14:40:24","2025-05-26 14:40:24"
"4431","1649","not answered","98","2025-05-26 14:42:18","2025-05-26 14:42:18"
"4432","1658","not respondinng","98","2025-05-26 14:44:57","2025-05-26 14:44:57"
"4433","1997","she is saying ,she had talked to head office, right now, their schedule is very busy, she said we will do meeting after eid.","98","2025-05-26 14:50:18","2025-05-26 14:50:18"
"4434","1668","not responding","98","2025-05-26 14:54:44","2025-05-26 14:54:44"
"4435","1673","line busy","98","2025-05-26 14:56:05","2025-05-26 14:56:05"
"4436","1680","not  responding","98","2025-05-26 14:56:59","2025-05-26 14:56:59"
"4437","1683","not answered","98","2025-05-26 15:00:04","2025-05-26 15:00:04"
"4438","1691","not interested","98","2025-05-26 15:02:32","2025-05-26 15:02:32"
"4439","1695","line busy","98","2025-05-26 15:04:17","2025-05-26 15:04:17"
"4440","1710","not asnwered","98","2025-05-26 15:06:28","2025-05-26 15:06:28"
"4441","1607","not responding","98","2025-05-26 15:09:38","2025-05-26 15:09:38"
"4442","1716","right now not required, they have a small set up","98","2025-05-26 15:12:47","2025-05-26 15:12:47"
"4443","1719","not interested","98","2025-05-26 15:14:54","2025-05-26 15:14:54"
"4444","1795","not answered","98","2025-05-26 15:16:31","2025-05-26 15:16:31"
"4445","1792","not responding","98","2025-05-26 15:18:07","2025-05-26 15:18:07"
"4446","1824","not responding","98","2025-05-26 15:19:25","2025-05-26 15:19:25"
"4447","1730","not answered","98","2025-05-26 15:21:05","2025-05-26 15:21:05"
"4448","1751","not answered","98","2025-05-26 15:22:42","2025-05-26 15:22:42"
"4449","2112","he had discussed with his managment team will decide about it,call after eid.","98","2025-05-26 15:26:21","2025-05-26 15:26:21"
"4450","2099","not  answering","98","2025-05-26 15:28:11","2025-05-26 15:28:11"
"4451","2099","not  answering","98","2025-05-26 15:28:11","2025-05-26 15:28:11"
"4452","1523","not available now .call after 2nd half.","98","2025-05-26 15:30:44","2025-05-26 15:30:44"
"4453","1702","not responding","98","2025-05-26 15:31:59","2025-05-26 15:31:59"
"4454","1765","not answered","98","2025-05-26 15:33:41","2025-05-26 15:33:41"
"4455","1819","not responding","98","2025-05-26 15:35:00","2025-05-26 15:35:00"
"4456","1916","line busy","98","2025-05-26 15:39:06","2025-05-26 15:39:06"
"4457","1916","line busy","98","2025-05-26 15:39:06","2025-05-26 15:39:06"
"4458","2108","not answered","98","2025-05-26 15:41:01","2025-05-26 15:41:01"
"4459","2108","not answered","98","2025-05-26 15:41:01","2025-05-26 15:41:01"
"4460","1476","not answered","98","2025-05-26 15:47:50","2025-05-26 15:47:50"
"4461","1500","not answering","98","2025-05-26 15:49:54","2025-05-26 15:49:54"
"4462","1537","not interested","98","2025-05-26 15:52:14","2025-05-26 15:52:14"
"4463","1573","line busy","98","2025-05-26 15:56:12","2025-05-26 15:56:12"
"4464","1605","not answered","98","2025-05-26 17:31:55","2025-05-26 17:31:55"
"4465","1627","not responding","98","2025-05-26 17:33:50","2025-05-26 17:33:50"
"4466","1672","not answered","98","2025-05-26 17:36:02","2025-05-26 17:36:02"
"4467","1686","not answered","98","2025-05-26 17:37:42","2025-05-26 17:37:42"
"4468","1686","not answered","98","2025-05-26 17:37:42","2025-05-26 17:37:42"
"4469","1788","not responding","98","2025-05-26 17:38:37","2025-05-26 17:38:37"
"4470","1809","not answered","98","2025-05-26 17:40:19","2025-05-26 17:40:19"
"4471","1857","not answered","98","2025-05-26 17:42:00","2025-05-26 17:42:00"
"4472","1988","now they dont need our services, ask to send the social media proposal .
proposal sent","98","2025-05-26 18:10:52","2025-05-26 18:10:52"
"4473","1747","not answered","98","2025-05-26 18:15:53","2025-05-26 18:15:53"
"4474","1748","line busy with another call","98","2025-05-26 18:18:13","2025-05-26 18:18:13"
"4475","1750","not responding","98","2025-05-26 18:19:42","2025-05-26 18:19:42"
"4476","1766","not responding","98","2025-05-26 18:21:35","2025-05-26 18:21:35"
"4477","1783","powered off","98","2025-05-26 18:24:02","2025-05-26 18:24:02"
"4478","1783","powered off","98","2025-05-26 18:24:02","2025-05-26 18:24:02"
"4479","1798","line busy with another call","98","2025-05-26 18:36:06","2025-05-26 18:36:06"
"4480","1799","powered off","98","2025-05-26 18:37:11","2025-05-26 18:37:11"
"4481","1803","not responding","98","2025-05-26 18:38:41","2025-05-26 18:38:41"
"4482","1805","not responding","98","2025-05-26 18:40:21","2025-05-26 18:40:21"
"4483","1806","line busy","98","2025-05-26 18:42:00","2025-05-26 18:42:00"
"4484","1807","line busy","98","2025-05-26 18:43:49","2025-05-26 18:43:49"
"4485","1810","not answered","98","2025-05-26 18:45:51","2025-05-26 18:45:51"
"4486","1818","not answered","98","2025-05-26 18:47:24","2025-05-26 18:47:24"
"4487","1572","he will share the number of his c.e.o ., contact him","98","2025-05-26 18:57:03","2025-05-26 18:57:03"
"4488","1833","Meeting scheduled for tomorrow at at 6 pm","98","2025-05-26 19:11:12","2025-05-26 19:11:12"
"4489","1841","not answered","98","2025-05-26 19:13:50","2025-05-26 19:13:50"
"4490","1848","not answered","98","2025-05-26 19:15:04","2025-05-26 19:15:04"
"4491","1847","not answered","98","2025-05-26 19:16:33","2025-05-26 19:16:33"
"4492","1843","not answered","98","2025-05-27 13:35:20","2025-05-27 13:35:20"
"4493","1846","powered off","98","2025-05-27 13:36:33","2025-05-27 13:36:33"
"4494","1848","not responding","98","2025-05-27 13:37:29","2025-05-27 13:37:29"
"4495","1848","not responding","98","2025-05-27 13:41:17","2025-05-27 13:41:17"
"4496","1847","not responding","98","2025-05-27 13:44:05","2025-05-27 13:44:05"
"4497","1859","Meeting schduled for saturday 5 pm","98","2025-05-27 13:52:54","2025-05-27 13:52:54"
"4498","1878","he is in  a meeting now, call later","98","2025-05-27 13:58:36","2025-05-27 13:58:36"
"4499","1881","powered off","98","2025-05-27 14:00:08","2025-05-27 14:00:08"
"4500","1890","firstly hi pick tthe call , and transfered to the right person , but he didnt pick","98","2025-05-27 14:04:38","2025-05-27 14:04:38"
"4501","1890","firstly hi pick tthe call , and transfered to the right person , but he didnt pick","98","2025-05-27 14:04:39","2025-05-27 14:04:39"
"4502","1898","not responding","98","2025-05-27 14:07:51","2025-05-27 14:07:51"
"4503","1899","not answering","98","2025-05-27 14:27:01","2025-05-27 14:27:01"
"4504","1907","powered off","98","2025-05-27 14:29:23","2025-05-27 14:29:23"
"4505","1910","line busy","98","2025-05-27 14:31:45","2025-05-27 14:31:45"
"4506","1915","not answered","98","2025-05-27 14:33:17","2025-05-27 14:33:17"
"4507","1927","not answered","98","2025-05-27 14:35:39","2025-05-27 14:35:39"
"4508","1933","line busy","98","2025-05-27 14:38:16","2025-05-27 14:38:16"
"4509","1933","line busy","98","2025-05-27 14:38:17","2025-05-27 14:38:17"
"4510","1941","closed","98","2025-05-27 14:48:45","2025-05-27 14:48:45"
"4511","1944","not responding","98","2025-05-27 14:50:31","2025-05-27 14:50:31"
"4512","1945","not answering","98","2025-05-27 14:54:29","2025-05-27 14:54:29"
"4513","1946","powered off","98","2025-05-27 14:55:45","2025-05-27 14:55:45"
"4514","1946","powered off","98","2025-05-27 14:55:45","2025-05-27 14:55:45"
"4515","1947","powered off","98","2025-05-27 14:57:15","2025-05-27 14:57:15"
"4516","1950","powered off","98","2025-05-27 15:00:05","2025-05-27 15:00:05"
"4517","1953","powered off","98","2025-05-27 15:00:48","2025-05-27 15:00:48"
"4518","1961","not responding","98","2025-05-27 15:02:12","2025-05-27 15:02:12"
"4519","1963","call at 5 pm","98","2025-05-27 15:04:12","2025-05-27 15:04:12"
"4520","1964","powered off","98","2025-05-27 15:06:00","2025-05-27 15:06:00"
"4521","1965","ask to share proposal , proposal sent  .
 call again at tomorrow","98","2025-05-27 15:10:34","2025-05-27 15:10:34"
"4522","1967","he declined, line busy","98","2025-05-27 15:12:34","2025-05-27 15:12:34"
"4523","1969","powered off","98","2025-05-27 15:13:21","2025-05-27 15:13:21"
"4524","1972","not responding","98","2025-05-27 15:14:10","2025-05-27 15:14:10"
"4525","1974","powered off","98","2025-05-27 15:16:04","2025-05-27 15:16:04"
"4526","1977","meeting schduled for tomorrow at 4 pm.","98","2025-05-27 15:24:26","2025-05-27 15:24:26"
"4527","1978","not answering","98","2025-05-27 15:26:51","2025-05-27 15:26:51"
"4528","1979","not answered","98","2025-05-27 15:29:28","2025-05-27 15:29:28"
"4529","1980","powered off","98","2025-05-27 15:31:20","2025-05-27 15:31:20"
"4530","1981","Meeting scheduled for today at 2:30 pm","98","2025-05-27 15:37:18","2025-05-27 15:37:18"
"4531","1990","not answering","98","2025-05-27 15:39:22","2025-05-27 15:39:22"
"4532","1990","NR","98","2025-05-27 15:39:34","2025-05-27 15:39:34"
"4533","1992","ask to share the proposal, 
proposal shared.follow up","98","2025-05-27 15:46:24","2025-05-27 15:46:24"
"4534","1989","line busy.","98","2025-05-27 15:48:49","2025-05-27 15:48:49"
"4535","1998","not answered","98","2025-05-27 15:50:08","2025-05-27 15:50:08"
"4536","1999","not responding","98","2025-05-27 15:51:06","2025-05-27 15:51:06"
"4537","2001","not answered","98","2025-05-27 15:52:55","2025-05-27 15:52:55"
"4538","1981","Not answering","98","2025-05-27 17:32:32","2025-05-27 17:32:32"
"4539","2005","ask to share the proposal, proposal sent","98","2025-05-27 17:49:23","2025-05-27 17:49:23"
"4540","2006","Not answered","98","2025-05-27 17:51:21","2025-05-27 17:51:21"
"4541","1476","line busy","98","2025-05-27 17:52:27","2025-05-27 17:52:27"
"4542","1940","meetinh done with him. small setup of coworking space ,5 rooms corporate level dealing, 
infuture he will expand his business , he will surely contact us.","98","2025-05-27 18:23:14","2025-05-27 18:23:14"
"4543","1792","not responding","98","2025-05-27 18:24:33","2025-05-27 18:24:33"
"4544","1730","not responding","98","2025-05-27 18:26:14","2025-05-27 18:26:14"
"4545","1607","not answering","98","2025-05-27 18:28:15","2025-05-27 18:28:15"
"4546","1795","not answered","98","2025-05-27 18:30:32","2025-05-27 18:30:32"
"4547","1751","not responding","98","2025-05-27 18:31:40","2025-05-27 18:31:40"
"4548","2099","not answered","98","2025-05-27 18:34:15","2025-05-27 18:34:15"
"4549","1509","not answered","98","2025-05-27 18:37:00","2025-05-27 18:37:00"
"4550","1935","he declined,line busy","98","2025-05-27 18:39:24","2025-05-27 18:39:24"
"4551","2084","not answered","98","2025-05-27 18:40:51","2025-05-27 18:40:51"
"4552","1648","not answered","98","2025-05-27 18:42:54","2025-05-27 18:42:54"
"4553","1702","line busy","98","2025-05-27 18:44:15","2025-05-27 18:44:15"
"4554","2108","meeting scheduled for thursday at 5 pm","98","2025-05-27 18:49:23","2025-05-27 18:49:23"
"4555","1819","meeting done, 200 clients in coworking space,they want to buy 2 modules , inventry managment and acounts payroll, he is using quickbooks now. 
ask to share the pricing proposal, after that he will again do a demo meeting.","98","2025-05-27 19:16:56","2025-05-27 19:16:56"
"4556","1500","meeting scheduled for today at 5:30 pm","98","2025-05-27 19:48:20","2025-05-27 19:48:20"
"4557","1833","not  answered","98","2025-05-27 20:14:52","2025-05-27 20:14:52"
"4558","1963","not answered","98","2025-05-27 20:26:02","2025-05-27 20:26:02"
"4559","1476","not answered","98","2025-05-29 13:34:03","2025-05-29 13:34:03"
"4560","1550","not answered","98","2025-05-29 13:41:43","2025-05-29 13:41:43"
"4561","1573","not answered","98","2025-05-29 13:45:16","2025-05-29 13:45:16"
"4562","1998","not answered","98","2025-05-29 13:47:25","2025-05-29 13:47:25"
"4563","1999","not responding","98","2025-05-29 13:48:24","2025-05-29 13:48:24"
"4564","2001","not answered","98","2025-05-29 13:50:33","2025-05-29 13:50:33"
"4565","2002","he will send his c.e.o number at whatsapp","98","2025-05-29 13:55:34","2025-05-29 13:55:34"
"4566","2003","not answered","98","2025-05-29 13:57:06","2025-05-29 13:57:06"
"4567","2008","not responding","98","2025-05-29 14:00:00","2025-05-29 14:00:00"
"4568","2009","powered off","98","2025-05-29 14:00:45","2025-05-29 14:00:45"
"4569","2010","powered off","98","2025-05-29 14:01:27","2025-05-29 14:01:27"
"4570","2012","not answered","98","2025-05-29 14:03:18","2025-05-29 14:03:18"
"4571","2016","not answered","98","2025-05-29 14:04:46","2025-05-29 14:04:46"
"4572","2018","not answered","98","2025-05-29 14:08:29","2025-05-29 14:08:29"
"4573","2023","not responding","98","2025-05-29 14:10:52","2025-05-29 14:10:52"
"4574","2024","ask to share the pitch dech . pitch dech sent. after review he will decide about the meeting.follow up again","98","2025-05-29 14:15:05","2025-05-29 14:15:05"
"4575","2025","ask to share proposal agan. proposal sent. follow up","98","2025-05-29 14:18:54","2025-05-29 14:18:54"
"4576","2026","not answered","98","2025-05-29 14:20:42","2025-05-29 14:20:42"
"4577","2030","call at evenning, she is busy now","98","2025-05-29 14:23:22","2025-05-29 14:23:22"
"4578","1667","Meeting schduled for today at 3 pm","98","2025-05-29 14:30:47","2025-05-29 14:30:47"
"4579","1833","not answered","98","2025-05-29 14:32:59","2025-05-29 14:32:59"
"4580","1833","not answered","98","2025-05-29 14:32:59","2025-05-29 14:32:59"
"4581","1833","not answered","98","2025-05-29 14:32:59","2025-05-29 14:32:59"
"4582","2031","line busy","98","2025-05-29 14:43:12","2025-05-29 14:43:12"
"4583","2033","not responding","98","2025-05-29 14:44:08","2025-05-29 14:44:08"
"4584","2035","closed","98","2025-05-29 14:47:02","2025-05-29 14:47:02"
"4585","2036","not interested","98","2025-05-29 14:49:29","2025-05-29 14:49:29"
"4586","2037","powered off","98","2025-05-29 14:50:16","2025-05-29 14:50:16"
"4587","2038","invalid numberr","98","2025-05-29 14:57:17","2025-05-29 14:57:17"
"4588","2045","closed","98","2025-05-29 14:59:40","2025-05-29 14:59:40"
"4589","2047","powered off","98","2025-05-29 15:00:34","2025-05-29 15:00:34"
"4590","2048","ask to msg on whatsapp, he will decide and then tell about demo meeting","98","2025-05-29 15:05:34","2025-05-29 15:05:34"
"4591","2048","message sent.","98","2025-05-29 15:08:25","2025-05-29 15:08:25"
"4592","2050","line busy","98","2025-05-29 15:09:36","2025-05-29 15:09:36"
"4593","2054","right now only 2 persons are working in their coworking space.manually handling. infuture they will grow so he will contact us.","98","2025-05-29 15:16:40","2025-05-29 15:16:40"
"4594","2057","firstlly he will talk too her, then conatct her.","98","2025-05-29 15:23:28","2025-05-29 15:23:28"
"4595","2060","not responding","98","2025-05-29 15:25:41","2025-05-29 15:25:41"
"4596","2064","line busy","98","2025-05-29 15:28:16","2025-05-29 15:28:16"
"4597","2070","not respondiing","98","2025-05-29 15:29:17","2025-05-29 15:29:17"
"4598","2072","ask to share pitch , after review he wiil decide about meeting","98","2025-05-29 15:32:49","2025-05-29 15:32:49"
"4599","2074","not answered","98","2025-05-29 15:37:12","2025-05-29 15:37:12"
"4600","2076","powered off","98","2025-05-29 15:37:54","2025-05-29 15:37:54"
"4601","2090","Meeting schduled for tomrrow at 3pm","98","2025-05-29 15:47:48","2025-05-29 15:47:48"
"4602","1496","voice distortion.","98","2025-05-29 15:58:44","2025-05-29 15:58:44"
"4603","1496","right now not interested, they have a software, but they will decide about meeting, saturday they will do a meeting, contact at whatsapp.","98","2025-05-29 16:03:11","2025-05-29 16:03:11"
"4604","1572","not answered","98","2025-05-29 17:31:27","2025-05-29 17:31:27"
"4605","1607","not answering","98","2025-05-29 17:34:17","2025-05-29 17:34:17"
"4606","1795","not answered","98","2025-05-29 17:36:05","2025-05-29 17:36:05"
"4607","1730","not answered","98","2025-05-29 17:37:43","2025-05-29 17:37:43"
"4608","1792","not responding","98","2025-05-29 17:38:40","2025-05-29 17:38:40"
"4609","1824","line busy with another call","98","2025-05-29 17:39:48","2025-05-29 17:39:48"
"4610","1498","line  busy","98","2025-05-29 17:41:19","2025-05-29 17:41:19"
"4611","1667","he is leaving in emergency for a meeting with boss. todays meeting cancel","98","2025-05-29 17:47:10","2025-05-29 17:47:10"
"4612","1605","not answered","98","2025-05-29 17:49:09","2025-05-29 17:49:09"
"4613","1627","not responding","98","2025-05-29 17:50:11","2025-05-29 17:50:11"
"4614","1751","not answered","98","2025-05-29 17:53:04","2025-05-29 17:53:04"
"4615","2099","wil not proceed now, iinfuture he will contact","98","2025-05-29 17:56:01","2025-05-29 17:56:01"
"4616","1788","line busy","98","2025-05-29 18:01:29","2025-05-29 18:01:29"
"4617","1809","line busy with another call","98","2025-05-29 18:02:57","2025-05-29 18:02:57"
"4618","1857","not answered","98","2025-05-29 18:04:26","2025-05-29 18:04:26"
"4619","1988","he will contact us.","98","2025-05-29 18:08:12","2025-05-29 18:08:12"
"4620","2015","not answered","98","2025-05-29 18:12:46","2025-05-29 18:12:46"
"4621","1992","not answered","98","2025-05-29 18:15:06","2025-05-29 18:15:06"
"4622","2005","she will let us know about meeting, right now they are very busy ,","98","2025-05-29 18:18:09","2025-05-29 18:18:09"
"4623","2050","temporarily closed","98","2025-05-29 18:23:56","2025-05-29 18:23:56"
"4624","2103","Meeting schduled for today at 5:30 pm","98","2025-05-29 18:47:11","2025-05-29 18:47:11"
"4625","2116","not answered","98","2025-05-29 19:12:03","2025-05-29 19:12:03"
"4626","2117","powered off","98","2025-05-29 19:13:09","2025-05-29 19:13:09"
"4627","2130","powered off","98","2025-05-29 19:16:54","2025-05-29 19:16:54"
"4628","2134","ask to share the pitch dech. pich dech sent","98","2025-05-29 19:28:14","2025-05-29 19:28:14"
"4629","2108","not responding","98","2025-05-29 19:44:23","2025-05-29 19:44:23"
"4630","1476","not answered","98","2025-05-30 13:31:57","2025-05-30 13:31:57"
"4631","1550","not responding","98","2025-05-30 13:33:40","2025-05-30 13:33:40"
"4632","1573","not answered","98","2025-05-30 13:36:33","2025-05-30 13:36:33"
"4633","1605","not answered","98","2025-05-30 13:38:51","2025-05-30 13:38:51"
"4634","1627","not responding","98","2025-05-30 13:41:08","2025-05-30 13:41:08"
"4635","1672","not responding","98","2025-05-30 13:43:17","2025-05-30 13:43:17"
"4636","1686","not answered","98","2025-05-30 13:45:04","2025-05-30 13:45:04"
"4637","1788","not responding","98","2025-05-30 13:46:07","2025-05-30 13:46:07"
"4638","1809","not answered","98","2025-05-30 13:48:02","2025-05-30 13:48:02"
"4639","1857","not answered","98","2025-05-30 13:49:32","2025-05-30 13:49:32"
"4640","2015","not answered","98","2025-05-30 13:52:23","2025-05-30 13:52:23"
"4641","1992","not answered","98","2025-05-30 13:55:31","2025-05-30 13:55:31"
"4642","1992","not answered","98","2025-05-30 13:55:31","2025-05-30 13:55:31"
"4643","2024","not answered","98","2025-05-30 13:57:28","2025-05-30 13:57:28"
"4644","2025","not answered","98","2025-05-30 13:59:12","2025-05-30 13:59:12"
"4645","2072","not answering","98","2025-05-30 14:01:11","2025-05-30 14:01:11"
"4646","1500","not answered","98","2025-05-30 14:08:03","2025-05-30 14:08:03"
"4647","1509","line busy with another call","98","2025-05-30 14:09:47","2025-05-30 14:09:47"
"4648","1935","not answered","98","2025-05-30 14:11:41","2025-05-30 14:11:41"
"4649","2084","nott responding","98","2025-05-30 14:13:06","2025-05-30 14:13:06"
"4650","1648","line busy","98","2025-05-30 14:14:29","2025-05-30 14:14:29"
"4651","1667","not answered","98","2025-05-30 14:16:38","2025-05-30 14:16:38"
"4652","1702","not responding","98","2025-05-30 14:17:42","2025-05-30 14:17:42"
"4653","1765","ask to schedule a meeting  for 3:330 pm , but when im sending the link on whatsapp,whatsapp number not available, i call again but he declined.","98","2025-05-30 14:22:50","2025-05-30 14:22:50"
"4654","1833","not interested","98","2025-05-30 14:24:58","2025-05-30 14:24:58"
"4655","1916","not responding","98","2025-05-30 14:27:01","2025-05-30 14:27:01"
"4656","1977","not answered","98","2025-05-30 14:28:52","2025-05-30 14:28:52"
"4657","1981","not answering","98","2025-05-30 14:39:26","2025-05-30 14:39:26"
"4658","1477","not responding","98","2025-05-30 14:40:54","2025-05-30 14:40:54"
"4659","1479","Meeting scheduled for monday at 3 pm","98","2025-05-30 14:48:32","2025-05-30 14:48:32"
"4660","1481","Meeting scheduled for monday at  2:30 pm","98","2025-05-30 14:57:26","2025-05-30 14:57:26"
"4661","1511","not responding","98","2025-05-30 14:59:33","2025-05-30 14:59:33"
"4662","1515","line busy with another call","98","2025-05-30 15:01:22","2025-05-30 15:01:22"
"4663","1520","line busy","98","2025-05-30 15:02:42","2025-05-30 15:02:42"
"4664","1529","powered off","98","2025-05-30 15:09:56","2025-05-30 15:09:56"
"4665","1530","powered off","98","2025-05-30 15:11:05","2025-05-30 15:11:05"
"4666","1532","line busy","98","2025-05-30 15:12:12","2025-05-30 15:12:12"
"4667","1538","not responding","98","2025-05-30 15:14:01","2025-05-30 15:14:01"
"4668","1541","not answered","98","2025-05-30 15:15:17","2025-05-30 15:15:17"
"4669","1542","powered off","98","2025-05-30 15:15:57","2025-05-30 15:15:57"
"4670","1544","line busy","98","2025-05-30 15:17:01","2025-05-30 15:17:01"
"4671","1563","talk to right person, call after magrib","98","2025-05-30 15:22:22","2025-05-30 15:22:22"
"4672","1564","not interested","98","2025-05-30 15:24:25","2025-05-30 15:24:25"
"4673","1565","not answered","98","2025-05-30 15:28:58","2025-05-30 15:28:58"
"4674","1569","not answered","98","2025-05-30 15:31:21","2025-05-30 15:31:21"
"4675","1575","powered off","98","2025-05-30 15:32:23","2025-05-30 15:32:23"
"4676","1576","powered off","98","2025-05-30 15:33:57","2025-05-30 15:33:57"
"4677","1577","not responding","98","2025-05-30 15:34:44","2025-05-30 15:34:44"
"4678","1578","not answered","98","2025-05-30 15:37:01","2025-05-30 15:37:01"
"4679","1586","ask to share pitch dech. pitch deh sent","98","2025-05-30 15:41:09","2025-05-30 15:41:09"
"4680","1594","not responding","98","2025-05-30 17:50:03","2025-05-30 17:50:03"
"4681","1603","not responding","98","2025-05-30 17:53:43","2025-05-30 17:53:43"
"4682","1609","closed","98","2025-05-30 17:55:40","2025-05-30 17:55:40"
"4683","1607","not responding","98","2025-05-30 18:22:54","2025-05-30 18:22:54"
"4684","1795","not answered","98","2025-05-30 18:24:15","2025-05-30 18:24:15"
"4685","1730","not responding","98","2025-05-30 18:25:54","2025-05-30 18:25:54"
"4686","1792","not answered","98","2025-05-30 18:28:17","2025-05-30 18:28:17"
"4687","1824","rightb now he is busy in expansion of his business , havent check properly demo acount, he said once he will expand, he will definitely purchase our software, contact at the mid of the june.","98","2025-05-30 18:33:18","2025-05-30 18:33:18"
"4688","1751","not answered","98","2025-05-30 18:35:41","2025-05-30 18:35:41"
"4689","1751","not answered","98","2025-05-30 18:35:41","2025-05-30 18:35:41"
"4690","1819","proposal si shared with him","98","2025-05-30 18:47:05","2025-05-30 18:47:05"
"4691","1616","number not in use","98","2025-05-30 18:49:25","2025-05-30 18:49:25"
"4692","1572","not answered","98","2025-05-30 19:23:46","2025-05-30 19:23:46"
"4693","1639","not required now","98","2025-05-30 19:26:29","2025-05-30 19:26:29"
"4694","1550","not answering","98","2025-06-02 14:13:26","2025-06-02 14:13:26"
"4695","1550","not answering","98","2025-06-02 14:13:27","2025-06-02 14:13:27"
"4696","1573","not answering","98","2025-06-02 14:14:58","2025-06-02 14:14:58"
"4697","1499","meeting scheduled for monday 2 june at 2:30 pm","98","2025-06-02 15:47:47","2025-06-02 15:47:47"
"4698","1489","meeting scheduled for today 2 june  at 3:00 pm","98","2025-06-02 15:49:24","2025-06-02 15:49:24"
"4699","1751","client says   Right now, we're not interested in outsourcing software. We're currently developing everything in-house.","98","2025-06-03 13:12:07","2025-06-03 13:12:07"
"4700","1624","Meeting schduled for today t 4 pm.","98","2025-06-03 13:29:19","2025-06-03 13:29:19"
"4701","1489","not answered","98","2025-06-03 13:33:08","2025-06-03 13:33:08"
"4702","1667","not answered","98","2025-06-03 13:35:11","2025-06-03 13:35:11"
"4703","1491","closed","98","2025-06-03 13:36:43","2025-06-03 13:36:43"
"4704","1479","not answering","98","2025-06-03 13:40:31","2025-06-03 13:40:31"
"4705","1521","not answered","98","2025-06-03 13:44:04","2025-06-03 13:44:04"
"4706","1525","not responding","98","2025-06-03 13:45:08","2025-06-03 13:45:08"
"4707","1529","not answered","98","2025-06-03 13:46:21","2025-06-03 13:46:21"
"4708","1529","not answered","98","2025-06-03 13:46:21","2025-06-03 13:46:21"
"4709","1532","not answered","98","2025-06-03 13:47:46","2025-06-03 13:47:46"
"4710","1535","not required.","98","2025-06-03 13:49:21","2025-06-03 13:49:21"
"4711","1538","not responding","98","2025-06-03 13:50:01","2025-06-03 13:50:01"
"4712","1541","not answered","98","2025-06-03 13:50:53","2025-06-03 13:50:53"
"4713","1544","not responding","98","2025-06-03 13:51:36","2025-06-03 13:51:36"
"4714","1565","not answered","98","2025-06-03 13:53:06","2025-06-03 13:53:06"
"4715","1565","not answered","98","2025-06-03 13:53:06","2025-06-03 13:53:06"
"4716","1566","powered off","98","2025-06-03 13:53:48","2025-06-03 13:53:48"
"4717","1566","powered off","98","2025-06-03 13:54:28","2025-06-03 13:54:28"
"4718","1568","not answered","98","2025-06-03 13:56:02","2025-06-03 13:56:02"
"4719","1569","line busy","98","2025-06-03 13:58:18","2025-06-03 13:58:18"
"4720","1569","line busy","98","2025-06-03 13:58:18","2025-06-03 13:58:18"
"4721","1540","call not answered by mam anum.","98","2025-06-03 14:02:17","2025-06-03 14:02:17"
"4722","1574","not interested","98","2025-06-03 14:06:09","2025-06-03 14:06:09"
"4723","1574","not interested","98","2025-06-03 14:06:09","2025-06-03 14:06:09"
"4724","1576","after eid he will do a meeting","98","2025-06-03 14:09:21","2025-06-03 14:09:21"
"4725","1578","not answered","98","2025-06-03 14:10:51","2025-06-03 14:10:51"
"4726","1578","not answered","98","2025-06-03 14:10:51","2025-06-03 14:10:51"
"4727","1588","powered off","98","2025-06-03 14:11:34","2025-06-03 14:11:34"
"4728","1588","powered off","98","2025-06-03 14:11:34","2025-06-03 14:11:34"
"4729","1594","line busy with another call","98","2025-06-03 14:13:21","2025-06-03 14:13:21"
"4730","1599","not answered","98","2025-06-03 14:15:03","2025-06-03 14:15:03"
"4731","1615","not answered","98","2025-06-03 14:16:40","2025-06-03 14:16:40"
"4732","1631","not coworking space. logistic company , working of tcs, in bult software and services.infuture requied he will contact","98","2025-06-03 14:21:46","2025-06-03 14:21:46"
"4733","1640","powered off","98","2025-06-03 14:22:34","2025-06-03 14:22:34"
"4734","1649","not answered","98","2025-06-03 14:24:24","2025-06-03 14:24:24"
"4735","1679","ask to share proposal on email. he will check firstly and then will do a meeting.","98","2025-06-03 14:37:53","2025-06-03 14:37:53"
"4736","1672","not answered","98","2025-06-03 14:49:40","2025-06-03 14:49:40"
"4737","1686","not answered","98","2025-06-03 14:51:16","2025-06-03 14:51:16"
"4738","1788","line busy. not responding","98","2025-06-03 14:52:37","2025-06-03 14:52:37"
"4739","1809","not answered","98","2025-06-03 14:54:33","2025-06-03 14:54:33"
"4740","1857","line busy with another call","98","2025-06-03 14:55:37","2025-06-03 14:55:37"
"4741","1904","not answered","98","2025-06-03 15:00:04","2025-06-03 15:00:04"
"4742","2015","not answering","98","2025-06-03 15:02:35","2025-06-03 15:02:35"
"4743","1965","not Answered","98","2025-06-03 15:06:21","2025-06-03 15:06:21"
"4744","1992","not answered","98","2025-06-03 15:07:42","2025-06-03 15:07:42"
"4745","2024","havent check, i v sent a reminder message to him, follow up tomorrow again","98","2025-06-03 15:13:35","2025-06-03 15:13:35"
"4746","2072","call later, he is busy now.","98","2025-06-03 15:15:14","2025-06-03 15:15:14"
"4747","2134","not required now.","98","2025-06-03 15:18:05","2025-06-03 15:18:05"
"4748","1601","line busy with another call","98","2025-06-03 15:22:11","2025-06-03 15:22:11"
"4749","1509","line busy with another call","98","2025-06-03 15:32:52","2025-06-03 15:32:52"
"4750","1935","not responding","98","2025-06-03 15:35:55","2025-06-03 15:35:55"
"4751","1648","not answering","98","2025-06-03 15:38:39","2025-06-03 15:38:39"
"4752","1667","right now they dont need a software","98","2025-06-03 15:49:07","2025-06-03 15:49:07"
"4753","1495","line busy with another call","98","2025-06-03 17:42:03","2025-06-03 17:42:03"
"4754","1494","declined.line busy","98","2025-06-03 17:44:20","2025-06-03 17:44:20"
"4755","1511","not responding","98","2025-06-03 17:46:04","2025-06-03 17:46:04"
"4756","1511","not responding","98","2025-06-03 17:47:37","2025-06-03 17:47:37"
"4757","1515","right now he busy in  a meeting , call later","98","2025-06-03 17:50:46","2025-06-03 17:50:46"
"4758","1520","not answering","98","2025-06-03 17:52:06","2025-06-03 17:52:06"
"4759","1658","not answering","98","2025-06-03 17:54:20","2025-06-03 17:54:20"
"4760","1806","line busy with another call","98","2025-06-03 17:57:27","2025-06-03 17:57:27"
"4761","1820","line busy","98","2025-06-03 17:58:58","2025-06-03 17:58:58"
"4762","1841","meeting after eid, call after eid.","98","2025-06-03 18:02:19","2025-06-03 18:02:19"
"4763","1936","call again at 4 pm","98","2025-06-03 18:06:43","2025-06-03 18:06:43"
"4764","1989","Meeting scheduled for tomorrow at 2:30 pm","98","2025-06-03 18:34:54","2025-06-03 18:34:54"
"4765","2103","not interested","98","2025-06-03 18:38:58","2025-06-03 18:38:58"
"4766","2002","during the discussion he cut the call","98","2025-06-03 18:44:31","2025-06-03 18:44:31"
"4767","1624","not responding","98","2025-06-03 18:46:37","2025-06-03 18:46:37"
"4768","1624","not responding","98","2025-06-03 18:46:37","2025-06-03 18:46:37"
"4769","1624","coworking space in multan, 40 persons, , using crm only,  
if  interested, he will let us know.","98","2025-06-03 19:16:18","2025-06-03 19:16:18"
"4770","1521","call later .","98","2025-06-04 13:34:16","2025-06-04 13:34:16"
"4771","1525","not responding","98","2025-06-04 13:34:58","2025-06-04 13:34:58"
"4772","1529","not answered","98","2025-06-04 13:36:22","2025-06-04 13:36:22"
"4773","1529","not answered","98","2025-06-04 13:37:42","2025-06-04 13:37:42"
"4774","1529","not answered","98","2025-06-04 13:37:42","2025-06-04 13:37:42"
"4775","1532","not answered","98","2025-06-04 13:39:17","2025-06-04 13:39:17"
"4776","1538","not responding","98","2025-06-04 13:45:18","2025-06-04 13:45:18"
"4777","1541","not responding","98","2025-06-04 13:46:11","2025-06-04 13:46:11"
"4778","1544","not responding","98","2025-06-04 13:52:49","2025-06-04 13:52:49"
"4779","1565","not answered","98","2025-06-04 13:54:23","2025-06-04 13:54:23"
"4780","1566","powered off","98","2025-06-04 13:55:11","2025-06-04 13:55:11"
"4781","1566","powered off","98","2025-06-04 13:55:11","2025-06-04 13:55:11"
"4782","1568","not answered","98","2025-06-04 14:00:06","2025-06-04 14:00:06"
"4783","1568","not answered","98","2025-06-04 14:10:17","2025-06-04 14:10:17"
"4784","1569","not answered","98","2025-06-04 14:12:03","2025-06-04 14:12:03"
"4785","1578","not answered","98","2025-06-04 14:15:27","2025-06-04 14:15:27"
"4786","1578","not answered","98","2025-06-04 14:15:28","2025-06-04 14:15:28"
"4787","1588","powered off","98","2025-06-04 14:16:42","2025-06-04 14:16:42"
"4788","1594","not answered","98","2025-06-04 14:18:59","2025-06-04 14:18:59"
"4789","1594","not answered","98","2025-06-04 14:18:59","2025-06-04 14:18:59"
"4790","1599","proposal sent.","98","2025-06-04 14:21:21","2025-06-04 14:21:21"
"4791","1615","not answered","98","2025-06-04 14:22:51","2025-06-04 14:22:51"
"4792","1640","powered off","98","2025-06-04 14:23:37","2025-06-04 14:23:37"
"4793","1649","not answered","98","2025-06-04 14:25:29","2025-06-04 14:25:29"
"4794","1676","already meeting done with them. and also demo acount shared to them. they are not interested.","98","2025-06-04 14:28:02","2025-06-04 14:28:02"
"4795","1677","prroposal sent","98","2025-06-04 14:34:31","2025-06-04 14:34:31"
"4796","1681","not responding","98","2025-06-04 14:35:38","2025-06-04 14:35:38"
"4797","1684","already meeting done with them, demo acount has also been shared.","98","2025-06-04 14:40:00","2025-06-04 14:40:00"
"4798","1689","not responding","98","2025-06-04 14:40:47","2025-06-04 14:40:47"
"4799","1695","powered off","98","2025-06-04 14:41:28","2025-06-04 14:41:28"
"4800","1697","not interested","98","2025-06-04 14:43:59","2025-06-04 14:43:59"
"4801","1697","not interested","98","2025-06-04 14:43:59","2025-06-04 14:43:59"
"4802","1699","call at 6 pm","98","2025-06-04 14:46:16","2025-06-04 14:46:16"
"4803","1720","not answered","98","2025-06-04 14:49:46","2025-06-04 14:49:46"
"4804","1721","not responding","98","2025-06-04 14:50:49","2025-06-04 14:50:49"
"4805","1627","not respnding","98","2025-06-04 14:53:19","2025-06-04 14:53:19"
"4806","1965","not answered","98","2025-06-04 15:01:39","2025-06-04 15:01:39"
"4807","1992","not answered","98","2025-06-04 15:03:43","2025-06-04 15:03:43"
"4808","2024","right now very occupied, after eid will do a meeting","98","2025-06-04 15:10:45","2025-06-04 15:10:45"
"4809","2025","again proposal sent","98","2025-06-04 15:14:45","2025-06-04 15:14:45"
"4810","2072","not interested","98","2025-06-04 15:16:45","2025-06-04 15:16:45"
"4811","1479","not answering","98","2025-06-04 15:20:05","2025-06-04 15:20:05"
"4812","1499","meeting done. he will  let us know if they need our software","98","2025-06-04 15:21:34","2025-06-04 15:21:34"
"4813","1509","line busy with another call","98","2025-06-04 15:23:03","2025-06-04 15:23:03"
"4814","1977","call at 2nd half","98","2025-06-04 15:25:31","2025-06-04 15:25:31"
"4815","1702","not responding","98","2025-06-04 15:26:31","2025-06-04 15:26:31"
"4816","1859","meeting scheduled for tomorrow at 5 pm","98","2025-06-04 15:31:13","2025-06-04 15:31:13"
"4817","1989","not answered","98","2025-06-04 17:22:05","2025-06-04 17:22:05"
"4818","1792","not responding","98","2025-06-04 17:28:51","2025-06-04 17:28:51"
"4819","1965","line busy with another call","98","2025-06-04 17:30:24","2025-06-04 17:30:24"
"4820","1989","meeting reschedule, after eid","98","2025-06-04 17:42:43","2025-06-04 17:42:43"
"4821","1601","right now they are manually handling, he will contact when their space will be fully set up.","98","2025-06-04 18:00:35","2025-06-04 18:00:35"
"4822","1511","not responding","98","2025-06-04 18:05:30","2025-06-04 18:05:30"
"4823","1679","meeting schedule for tomorrow at 1 pm","98","2025-06-04 18:20:14","2025-06-04 18:20:14"
"4824","2116","Not answered","98","2025-06-04 18:50:33","2025-06-04 18:50:33"
"4825","1521","he shared the number  of his manager.","98","2025-06-16 13:36:54","2025-06-16 13:36:54"
"4826","1521","call not answered by him.","98","2025-06-16 13:38:21","2025-06-16 13:38:21"
"4827","1542","powered off","98","2025-06-16 13:40:11","2025-06-16 13:40:11"
"4828","1556","he will share the number of mam aum right now he is on the way.","98","2025-06-16 13:43:49","2025-06-16 13:43:49"
"4829","1582","not interested","98","2025-06-16 13:45:08","2025-06-16 13:45:08"
"4830","1582","not interested","98","2025-06-16 13:45:08","2025-06-16 13:45:08"
"4831","1603","not responding","98","2025-06-16 13:46:17","2025-06-16 13:46:17"
"4832","1619","not  answered","98","2025-06-16 13:48:11","2025-06-16 13:48:11"
"4833","1629","not answered","98","2025-06-16 13:50:01","2025-06-16 13:50:01"
"4834","1638","not answered","98","2025-06-16 13:54:03","2025-06-16 13:54:03"
"4835","1644","not answered/ line busy","98","2025-06-16 13:55:27","2025-06-16 13:55:27"
"4836","1668","not responding","98","2025-06-16 13:56:28","2025-06-16 13:56:28"
"4837","1673","she said, she will discussed with her team, call again tomorrow","98","2025-06-16 14:02:58","2025-06-16 14:02:58"
"4838","1729","not interested","98","2025-06-16 14:10:11","2025-06-16 14:10:11"
"4839","1739","not responding","98","2025-06-16 14:11:24","2025-06-16 14:11:24"
"4840","1739","not responding","98","2025-06-16 14:11:24","2025-06-16 14:11:24"
"4841","1748","line busy","98","2025-06-16 14:12:49","2025-06-16 14:12:49"
"4842","1754","voice distortion.call again","98","2025-06-16 14:19:32","2025-06-16 14:19:32"
"4843","1783","not answered","98","2025-06-16 14:21:07","2025-06-16 14:21:07"
"4844","1679","Meeting scheduled for wenesday at 4 pm","98","2025-06-16 14:30:16","2025-06-16 14:30:16"
"4845","1859","not responding","98","2025-06-16 14:33:45","2025-06-16 14:33:45"
"4846","1798","Meeting scheduled for tomorrow at 3 pm","98","2025-06-16 14:40:38","2025-06-16 14:40:38"
"4847","1495","not responding","98","2025-06-16 15:05:14","2025-06-16 15:05:14"
"4848","1494","not answered","98","2025-06-16 15:07:13","2025-06-16 15:07:13"
"4849","1812","not answered","98","2025-06-16 15:12:30","2025-06-16 15:12:30"
"4850","1511","not responding","98","2025-06-16 15:14:14","2025-06-16 15:14:14"
"4851","1576","not responding","98","2025-06-16 15:16:01","2025-06-16 15:16:01"
"4852","1515","not answered","98","2025-06-16 15:17:52","2025-06-16 15:17:52"
"4853","1520","not answered","98","2025-06-16 15:19:17","2025-06-16 15:19:17"
"4854","1572","he said our duty timing is started from 7pm to 5pm , he will let us know their availability time, then will scheduled meeting accordingly.","98","2025-06-16 15:32:36","2025-06-16 15:32:36"
"4855","1695","not interested","98","2025-06-16 15:35:51","2025-06-16 15:35:51"
"4856","1658","not answered","98","2025-06-16 15:40:10","2025-06-16 15:40:10"
"4857","1806","not responding","98","2025-06-16 15:48:20","2025-06-16 15:48:20"
"4858","1820","not answered","98","2025-06-16 15:50:38","2025-06-16 15:50:38"
"4859","1823","not answered","98","2025-06-16 15:53:54","2025-06-16 15:53:54"
"4860","1841","not answered","98","2025-06-16 17:32:09","2025-06-16 17:32:09"
"4861","1910","line busy","98","2025-06-16 17:35:28","2025-06-16 17:35:28"
"4862","1936","I had a conversation with the client, and he mentioned that he cannot make a decision individually regarding the meeting. He said their team will collectively decide. According to him, they already have an IT person within their coworking space, so at the moment, they don’t feel the need to purchase software from an external source. However, when I requested for a meeting, he asked me to send him a message at 5 PM, as his team would be present by then. He said he will discuss it with them and get back to me regarding the possibility of a meeting.","98","2025-06-16 17:42:46","2025-06-16 17:42:46"
"4863","1963","not answered","98","2025-06-16 17:44:43","2025-06-16 17:44:43"
"4864","1997","she is busy right now , she will call me when she get free","98","2025-06-16 17:50:18","2025-06-16 17:50:18"
"4865","2002","line busy","98","2025-06-16 17:53:02","2025-06-16 17:53:02"
"4866","2030","call at next week for meeting","98","2025-06-16 17:58:12","2025-06-16 17:58:12"
"4867","2069","she will join office tomorrow , she said call me after 12 pm, send reminder message at mornning, she will discuss with c.e.o and will arrnage the meeting .","98","2025-06-16 18:03:18","2025-06-16 18:03:18"
"4868","2116","not answered","98","2025-06-16 18:16:19","2025-06-16 18:16:19"
"4869","2112","line busy with another call","98","2025-06-16 18:18:27","2025-06-16 18:18:27"
"4870","2112","line busy with another call","98","2025-06-16 18:18:27","2025-06-16 18:18:27"
"4871","1819","not responding","98","2025-06-16 18:21:46","2025-06-16 18:21:46"
"4872","1949","call again after 1 hour","98","2025-06-16 18:27:27","2025-06-16 18:27:27"
"4873","1949","call again after 1 hour","98","2025-06-16 18:27:27","2025-06-16 18:27:27"
"4874","2090","meeting was done with him","98","2025-06-16 18:28:55","2025-06-16 18:28:55"
"4875","2090","he said he  had  sent the questionnare but no response from our side,  after that  ive sent the email as well. but  no  response,","98","2025-06-16 18:34:04","2025-06-16 18:34:04"
"4876","2090","he will send questionnare today at  my gmail.","98","2025-06-16 18:40:59","2025-06-16 18:40:59"
"4877","1730","not responding","98","2025-06-16 18:46:39","2025-06-16 18:46:39"
"4878","1792","not answered","98","2025-06-16 18:48:35","2025-06-16 18:48:35"
"4879","1824","not responding","98","2025-06-16 18:50:20","2025-06-16 18:50:20"
"4880","1965","not answered","98","2025-06-16 19:12:48","2025-06-16 19:12:48"
"4881","1965","not answered","98","2025-06-16 19:12:48","2025-06-16 19:12:48"
"4882","1595","he is not available now , he willl convey the message , call tomorrow","98","2025-06-16 19:16:57","2025-06-16 19:16:57"
"4883","1605","not answered","98","2025-06-16 19:19:55","2025-06-16 19:19:55"
"4884","1686","not answered","98","2025-06-16 19:24:15","2025-06-16 19:24:15"
"4885","1702","not answered","98","2025-06-16 19:40:26","2025-06-16 19:40:26"
"4886","1977","send message to her whatsapp,","98","2025-06-16 19:48:02","2025-06-16 19:48:02"
"4887","1977","message sent","98","2025-06-16 19:53:03","2025-06-16 19:53:03"
"4888","1936","ask to share the proposal , proposal shared","98","2025-06-16 19:58:06","2025-06-16 19:58:06"
"4889","1572","Meeting scheduled for tomorrow at 9 30 am","98","2025-06-17 12:29:30","2025-06-17 12:29:30"
"4890","1693","Meeting scheduled for tomorrow at 2:30 pm","98","2025-06-17 13:38:06","2025-06-17 13:38:06"
"4891","1750","not responding","98","2025-06-17 13:39:59","2025-06-17 13:39:59"
"4892","1756","powered off","98","2025-06-17 13:41:37","2025-06-17 13:41:37"
"4893","1766","not responding","98","2025-06-17 13:43:44","2025-06-17 13:43:44"
"4894","1783","not answered","98","2025-06-17 13:45:41","2025-06-17 13:45:41"
"4895","1783","not answered","98","2025-06-17 13:45:41","2025-06-17 13:45:41"
"4896","1803","not responding","98","2025-06-17 13:46:34","2025-06-17 13:46:34"
"4897","1805","not responding","98","2025-06-17 13:47:39","2025-06-17 13:47:39"
"4898","1807","linde busy","98","2025-06-17 13:48:32","2025-06-17 13:48:32"
"4899","1810","line busy","98","2025-06-17 13:50:08","2025-06-17 13:50:08"
"4900","1818","not answered","98","2025-06-17 13:52:25","2025-06-17 13:52:25"
"4901","1827","ask to share the proposal, proposal shared","98","2025-06-17 13:56:36","2025-06-17 13:56:36"
"4902","1834","not answered","98","2025-06-17 13:59:06","2025-06-17 13:59:06"
"4903","1834","not answered","98","2025-06-17 13:59:07","2025-06-17 13:59:07"
"4904","1843","not interested","98","2025-06-17 14:00:44","2025-06-17 14:00:44"
"4905","1848","not responding","98","2025-06-17 14:03:30","2025-06-17 14:03:30"
"4906","1848","not responding","98","2025-06-17 14:03:30","2025-06-17 14:03:30"
"4907","1847","Meeting scheduled for next monday at 2:30 pm,","98","2025-06-17 14:09:27","2025-06-17 14:09:27"
"4908","1867","line busy","98","2025-06-17 14:11:45","2025-06-17 14:11:45"
"4909","1870","not responding","98","2025-06-17 14:12:31","2025-06-17 14:12:31"
"4910","1870","not responding","98","2025-06-17 14:12:31","2025-06-17 14:12:31"
"4911","1881","powered off","98","2025-06-17 14:13:14","2025-06-17 14:13:14"
"4912","1495","not responding","98","2025-06-17 14:15:11","2025-06-17 14:15:11"
"4913","1494","not answered","98","2025-06-17 14:17:09","2025-06-17 14:17:09"
"4914","1812","not answered","98","2025-06-17 14:19:03","2025-06-17 14:19:03"
"4915","1511","not answered","98","2025-06-17 14:22:16","2025-06-17 14:22:16"
"4916","1515","not answered","98","2025-06-17 14:30:21","2025-06-17 14:30:21"
"4917","1515","not answered","98","2025-06-17 14:30:21","2025-06-17 14:30:21"
"4918","1658","not answered","98","2025-06-17 14:33:13","2025-06-17 14:33:13"
"4919","1806","line busy with another call","98","2025-06-17 14:43:09","2025-06-17 14:43:09"
"4920","1820","not answered","98","2025-06-17 14:45:08","2025-06-17 14:45:08"
"4921","1823","not responding","98","2025-06-17 14:45:52","2025-06-17 14:45:52"
"4922","1949","followed up with the client, and she mentioned that their CEO hasn't arrived yet. Many internal decisions are still pending, and they’re currently waiting for his input. As of now, there's no clarity on whether he will return in a month or two. I’ll continue to stay in touch and will follow up accordingly.","98","2025-06-17 14:53:14","2025-06-17 14:53:14"
"4923","1576","not answered","98","2025-06-17 14:55:31","2025-06-17 14:55:31"
"4924","1936","not answered","98","2025-06-17 14:58:27","2025-06-17 14:58:27"
"4925","1936","not answered","98","2025-06-17 14:58:27","2025-06-17 14:58:27"
"4926","1963","line busy","98","2025-06-17 14:59:11","2025-06-17 14:59:11"
"4927","1997","not answered","98","2025-06-17 15:01:47","2025-06-17 15:01:47"
"4928","2002","firstly he pick and then cut the call","98","2025-06-17 15:03:22","2025-06-17 15:03:22"
"4929","2057","not responding","98","2025-06-17 15:05:53","2025-06-17 15:05:53"
"4930","2116","not answered","98","2025-06-17 15:26:35","2025-06-17 15:26:35"
"4931","1965","follow up again, he will text us","98","2025-06-17 15:31:35","2025-06-17 15:31:35"
"4932","2069","ask to share voice note on whatsapp,  voice note sent","98","2025-06-17 15:49:40","2025-06-17 15:49:40"
"4933","1809","line busy","98","2025-06-17 15:53:07","2025-06-17 15:53:07"
"4934","1809","line busy","98","2025-06-17 15:53:07","2025-06-17 15:53:07"
"4935","1599","he said just text me on whatsapp. ive sent the follow up message","98","2025-06-17 15:58:59","2025-06-17 15:58:59"
"4936","1935","he ask to send me the message son whatsapp. he will let us know about the availability slots so that i can schedule meeting accordingly","98","2025-06-17 17:43:06","2025-06-17 17:43:06"
"4937","1702","Meeting scheduled for today at 5:30 pm","98","2025-06-17 17:57:20","2025-06-17 17:57:20"
"4938","1765","not answered","98","2025-06-17 18:02:23","2025-06-17 18:02:23"
"4939","1859","line busy with another call","98","2025-06-17 18:06:38","2025-06-17 18:06:38"
"4940","1859","line busy with another call","98","2025-06-17 18:06:38","2025-06-17 18:06:38"
"4941","1859","line busy with another call","98","2025-06-17 18:06:39","2025-06-17 18:06:39"
"4942","1936","not answered","98","2025-06-17 18:55:07","2025-06-17 18:55:07"
"4943","1509","not answered","98","2025-06-17 19:00:41","2025-06-17 19:00:41"
"4944","1792","nott answered","98","2025-06-17 19:02:50","2025-06-17 19:02:50"
"4945","1792","nott answered","98","2025-06-17 19:02:50","2025-06-17 19:02:50"
"4946","1824","not responding","98","2025-06-17 19:07:08","2025-06-17 19:07:08"
"4947","1505","not responding","98","2025-06-17 19:10:55","2025-06-17 19:10:55"
"4948","1702","meeting done with him, 15 to 20 freelancer are working in their coworking space, he will discuss with his partner and will let us know about it tomorrow.","98","2025-06-17 20:48:20","2025-06-17 20:48:20"
"4949","1936","Meeting with the client has been successfully completed. They have a space capacity of 200, including personal offices. During the meeting, the client requested a demo account for further evaluation. He mentioned that if he decides to proceed with the purchase, he would be interested in a customized version of the software. He also informed us that he will update us regarding the next steps within two days","98","2025-06-18 12:18:19","2025-06-18 12:18:19"
"4950","1868","line busy with another call","98","2025-06-18 13:34:14","2025-06-18 13:34:14"
"4951","1870","not responding","98","2025-06-18 13:35:37","2025-06-18 13:35:37"
"4952","1881","powered off","98","2025-06-18 13:36:26","2025-06-18 13:36:26"
"4953","1883","not coworking space. also a maekrting agency.not required","98","2025-06-18 13:47:58","2025-06-18 13:47:58"
"4954","1898","not responding","98","2025-06-18 14:01:50","2025-06-18 14:01:50"
"4955","1899","he is totally swamped in projects. call at next week, and he is also using an erp software,but he will do a meeting with us,","98","2025-06-18 14:05:39","2025-06-18 14:05:39"
"4956","1906","linne busy","98","2025-06-18 14:13:21","2025-06-18 14:13:21"
"4957","1907","powered off","98","2025-06-18 14:14:46","2025-06-18 14:14:46"
"4958","1911","in the mid of the discusson, she hung up the call.","98","2025-06-18 14:18:25","2025-06-18 14:18:25"
"4959","1912","ask to share the proposal, proposal shared","98","2025-06-18 14:28:20","2025-06-18 14:28:20"
"4960","1915","ask to share the  proposal , proposa shared.","98","2025-06-18 14:33:06","2025-06-18 14:33:06"
"4961","1927","not answered","98","2025-06-18 14:38:42","2025-06-18 14:38:42"
"4962","1929","busy with another call","98","2025-06-18 14:39:41","2025-06-18 14:39:41"
"4963","1942","not answered","98","2025-06-18 14:42:22","2025-06-18 14:42:22"
"4964","1944","powered off","98","2025-06-18 14:43:05","2025-06-18 14:43:05"
"4965","1945","not answered","98","2025-06-18 14:44:53","2025-06-18 14:44:53"
"4966","1946","powered off","98","2025-06-18 14:45:48","2025-06-18 14:45:48"
"4967","1946","powered off","98","2025-06-18 14:45:48","2025-06-18 14:45:48"
"4968","1947","powered off","98","2025-06-18 14:46:25","2025-06-18 14:46:25"
"4969","1947","powered off","98","2025-06-18 14:46:25","2025-06-18 14:46:25"
"4970","1948","not interested","98","2025-06-18 14:47:08","2025-06-18 14:47:08"
"4971","1957","line busy with another call","98","2025-06-18 14:49:27","2025-06-18 14:49:27"
"4972","1961","not responding","98","2025-06-18 14:50:27","2025-06-18 14:50:27"
"4973","1965","line busy","98","2025-06-18 14:52:04","2025-06-18 14:52:04"
"4974","1595","not answered","98","2025-06-18 14:54:24","2025-06-18 14:54:24"
"4975","1605","not answered","98","2025-06-18 14:56:03","2025-06-18 14:56:03"
"4976","1627","not responding","98","2025-06-18 14:56:54","2025-06-18 14:56:54"
"4977","1809","not answered","98","2025-06-18 14:59:26","2025-06-18 14:59:26"
"4978","1809","not answered","98","2025-06-18 14:59:26","2025-06-18 14:59:26"
"4979","1677","not answered","98","2025-06-18 15:05:49","2025-06-18 15:05:49"
"4980","1992","not answered","98","2025-06-18 15:08:07","2025-06-18 15:08:07"
"4981","2024","not answered","98","2025-06-18 15:10:09","2025-06-18 15:10:09"
"4982","1693","Meeting has done with the client , and they mentioned that they have a Business Incubation Centre department. Under their Techspark initiative, they have already launched 13 companies, including coworking and shared spaces. They are expecting over 50 companies to occupy spaces soon, with a target of reaching 60 to 70 occupied spaces within the year. They plan to conduct a physical meeting after June, most likely at the beginning of July. We should follow up with them at the start of July to schedule and confirm the meeting.","98","2025-06-18 18:02:34","2025-06-18 18:02:34"
"4983","1500","not answered","98","2025-06-18 18:04:40","2025-06-18 18:04:40"
"4984","1576","ask to share the url of company, sent","98","2025-06-18 18:05:36","2025-06-18 18:05:36"
"4985","1576","not answered","98","2025-06-18 18:06:43","2025-06-18 18:06:43"
"4986","1576","not answered","98","2025-06-18 18:06:43","2025-06-18 18:06:43"
"4987","1495","not answered","98","2025-06-18 18:07:39","2025-06-18 18:07:39"
"4988","1495","not answered","98","2025-06-18 18:07:39","2025-06-18 18:07:39"
"4989","1494","not answered","98","2025-06-18 18:09:34","2025-06-18 18:09:34"
"4990","1812","not answered","98","2025-06-18 18:11:02","2025-06-18 18:11:02"
"4991","1520","not interested","98","2025-06-18 18:15:33","2025-06-18 18:15:33"
"4992","1520","not interested","98","2025-06-18 18:15:33","2025-06-18 18:15:33"
"4993","1511","powered off","98","2025-06-18 18:16:47","2025-06-18 18:16:47"
"4994","1515","he is busy call later.","98","2025-06-18 18:18:39","2025-06-18 18:18:39"
"4995","1638","not interested","98","2025-06-18 18:44:34","2025-06-18 18:44:34"
"4996","1673","line busy with another call","98","2025-06-18 18:45:52","2025-06-18 18:45:52"
"4997","1673","line busy with another call","98","2025-06-18 18:45:52","2025-06-18 18:45:52"
"4998","1823","not responding","98","2025-06-18 18:48:47","2025-06-18 18:48:47"
"4999","1823","not responding","98","2025-06-18 18:48:47","2025-06-18 18:48:47"
"5000","1841","call at 7 pm, then will discuss , right now he is busy","98","2025-06-18 18:52:06","2025-06-18 18:52:06"
"5001","1679","coworking space in i8. Meeting has done with the client , ask to share the proposal and demo acount also, after that he will decide and will let us know about his decision,","98","2025-06-18 19:25:26","2025-06-18 19:25:26"
"5002","1679","demo acount and proposal shared.","98","2025-06-18 19:44:14","2025-06-18 19:44:14"
"5003","2025","Meeting done with the client. ask yo share the proposal.he will let us know .","98","2025-06-18 20:21:46","2025-06-18 20:21:46"
"5004","1950","not responding","98","2025-06-19 14:42:58","2025-06-19 14:42:58"
"5005","1953","powered off","98","2025-06-19 14:45:56","2025-06-19 14:45:56"
"5006","1953","powered off","98","2025-06-19 14:45:56","2025-06-19 14:45:56"
"5007","1957","line busy","98","2025-06-19 14:47:25","2025-06-19 14:47:25"
"5008","1957","line busy","98","2025-06-19 14:47:25","2025-06-19 14:47:25"
"5009","1961","not responding","98","2025-06-19 15:01:42","2025-06-19 15:01:42"
"5010","1961","not responding","98","2025-06-19 15:01:42","2025-06-19 15:01:42"
"5011","1964","voice distortion.","98","2025-06-19 15:03:43","2025-06-19 15:03:43"
"5012","1967","powered off","98","2025-06-19 15:05:17","2025-06-19 15:05:17"
"5013","1969","powered off","98","2025-06-19 15:06:00","2025-06-19 15:06:00"
"5014","1972","not responding","98","2025-06-19 15:06:58","2025-06-19 15:06:58"
"5015","1972","not responding","98","2025-06-19 15:07:00","2025-06-19 15:07:00"
"5016","1972","not responding","98","2025-06-19 15:07:00","2025-06-19 15:07:00"
"5017","1978","sleepy, call declined","98","2025-06-19 15:16:49","2025-06-19 15:16:49"
"5018","1974","not answered","98","2025-06-19 15:18:04","2025-06-19 15:18:04"
"5019","1974","not answered","98","2025-06-19 15:18:04","2025-06-19 15:18:04"
"5020","1979","not answered","98","2025-06-19 15:19:51","2025-06-19 15:19:51"
"5021","1979","not answered","98","2025-06-19 15:19:51","2025-06-19 15:19:51"
"5022","1980","not answered","98","2025-06-19 15:21:31","2025-06-19 15:21:31"
"5023","1980","not answered","98","2025-06-19 15:21:31","2025-06-19 15:21:31"
"5024","1980","not answered","98","2025-06-19 15:21:32","2025-06-19 15:21:32"
"5025","1983","not answered","98","2025-06-19 15:23:18","2025-06-19 15:23:18"
"5026","1990","powered off","98","2025-06-19 15:25:12","2025-06-19 15:25:12"
"5027","1993","not answered","98","2025-06-19 15:26:19","2025-06-19 15:26:19"
"5028","1998","powered off","98","2025-06-19 15:29:59","2025-06-19 15:29:59"
"5029","1999","powered off","98","2025-06-19 15:30:48","2025-06-19 15:30:48"
"5030","2001","not answered","98","2025-06-19 15:33:10","2025-06-19 15:33:10"
"5031","2003","not answered","98","2025-06-19 15:34:50","2025-06-19 15:34:50"
"5032","2006","not answered","98","2025-06-19 15:36:38","2025-06-19 15:36:38"
"5033","1619","closed","98","2025-06-19 15:38:15","2025-06-19 15:38:15"
"5034","1619","closed","98","2025-06-19 15:38:16","2025-06-19 15:38:16"
"5035","1629","not answered","98","2025-06-19 15:40:12","2025-06-19 15:40:12"
"5036","1644","now invalid number","98","2025-06-19 15:41:39","2025-06-19 15:41:39"
"5037","1649","not responding","98","2025-06-19 15:43:23","2025-06-19 15:43:23"
"5038","1668","powered off","98","2025-06-19 15:44:40","2025-06-19 15:44:40"
"5039","1689","not responding","98","2025-06-19 15:45:40","2025-06-19 15:45:40"
"5040","1715","call again at mondAY,for meeting","98","2025-06-19 15:49:11","2025-06-19 15:49:11"
"5041","1715","call again at mondAY,for meeting","98","2025-06-19 15:49:11","2025-06-19 15:49:11"
"5042","2024","line busy with another call","98","2025-06-19 15:51:50","2025-06-19 15:51:50"
"5043","1827","right now, not interested","98","2025-06-19 15:55:46","2025-06-19 15:55:46"
"5044","1912","not answered","98","2025-06-19 15:57:21","2025-06-19 15:57:21"
"5045","1529","powered off","98","2025-06-19 16:01:46","2025-06-19 16:01:46"
"5046","1532","line busy","98","2025-06-19 16:03:07","2025-06-19 16:03:07"
"5047","1532","line busy","98","2025-06-19 16:03:07","2025-06-19 16:03:07"
"5048","1532","line busy","98","2025-06-19 16:03:07","2025-06-19 16:03:07"
"5049","1538","not answered","98","2025-06-19 16:04:26","2025-06-19 16:04:26"
"5050","1538","not answered","98","2025-06-19 16:04:26","2025-06-19 16:04:26"
"5051","1541","not responding","98","2025-06-19 16:05:56","2025-06-19 16:05:56"
"5052","1915","ask to share again. proposal sent","98","2025-06-19 17:22:19","2025-06-19 17:22:19"
"5053","1544","not interested","98","2025-06-19 17:31:00","2025-06-19 17:31:00"
"5054","1565","closed","98","2025-06-19 17:34:46","2025-06-19 17:34:46"
"5055","1566","not answered","98","2025-06-19 17:36:05","2025-06-19 17:36:05"
"5056","1566","not answered","98","2025-06-19 17:36:05","2025-06-19 17:36:05"
"5057","1568","not  answered","98","2025-06-19 17:37:44","2025-06-19 17:37:44"
"5058","1578","he shared me the number of other person,,and the other number is busy.","98","2025-06-19 17:44:55","2025-06-19 17:44:55"
"5059","1588","powered off","98","2025-06-19 17:45:41","2025-06-19 17:45:41"
"5060","1588","powered off","98","2025-06-19 17:45:41","2025-06-19 17:45:41"
"5061","1603","not responding","98","2025-06-19 17:47:00","2025-06-19 17:47:00"
"5062","1615","not answered","98","2025-06-19 17:48:41","2025-06-19 17:48:41"
"5063","1615","not answered","98","2025-06-19 17:48:42","2025-06-19 17:48:42"
"5064","1640","powered off","98","2025-06-19 17:49:50","2025-06-19 17:49:50"
"5065","1721","not responding","98","2025-06-19 17:52:27","2025-06-19 17:52:27"
"5066","1739","not responding","98","2025-06-19 17:53:15","2025-06-19 17:53:15"
"5067","1739","not responding","98","2025-06-19 17:53:15","2025-06-19 17:53:15"
"5068","1750","not responding","98","2025-06-19 17:54:17","2025-06-19 17:54:17"
"5069","1750","not responding","98","2025-06-19 17:54:17","2025-06-19 17:54:17"
"5070","1754","not answered","98","2025-06-19 17:57:10","2025-06-19 17:57:10"
"5071","1756","powered off","98","2025-06-19 18:13:01","2025-06-19 18:13:01"
"5072","1766","not responding","98","2025-06-19 18:14:11","2025-06-19 18:14:11"
"5073","1783","not answered","98","2025-06-19 18:15:41","2025-06-19 18:15:41"
"5074","1803","not responding","98","2025-06-19 18:19:53","2025-06-19 18:19:53"
"5075","1805","not responding","98","2025-06-19 18:21:43","2025-06-19 18:21:43"
"5076","1810","not answered","98","2025-06-19 18:23:17","2025-06-19 18:23:17"
"5077","1834","ask to share the detail on whtasapp, when they need they will reach out.","98","2025-06-19 18:26:24","2025-06-19 18:26:24"
"5078","1848","not responding","98","2025-06-19 18:29:23","2025-06-19 18:29:23"
"5079","1868","message on whatsapp","98","2025-06-19 18:44:38","2025-06-19 18:44:38"
"5080","2069","not answered","98","2025-06-19 18:49:29","2025-06-19 18:49:29"
"5081","1869","not responding","98","2025-06-19 18:53:38","2025-06-19 18:53:38"
"5082","1870","not responding","98","2025-06-19 18:57:23","2025-06-19 18:57:23"
"5083","1572","meeting scheduled for today at 8 pm.","98","2025-06-19 19:20:20","2025-06-19 19:20:20"
"5084","1867","uk based company , their 2nd part is  coworking space , loacted in behria , will expand in dha and johar town ,
3 months before launch , manually handling right now, ask to share the presentation and  also send a website. link.","98","2025-06-19 20:51:23","2025-06-19 20:51:23"
"5085","2008","powered off","98","2025-06-20 13:33:40","2025-06-20 13:33:40"
"5086","2009","powered off","98","2025-06-20 13:36:18","2025-06-20 13:36:18"
"5087","2010","powered off","98","2025-06-20 13:37:14","2025-06-20 13:37:14"
"5088","2012","not answered","98","2025-06-20 13:38:56","2025-06-20 13:38:56"
"5089","2016","not answered","98","2025-06-20 13:40:16","2025-06-20 13:40:16"
"5090","2021","invalid number","98","2025-06-20 13:45:48","2025-06-20 13:45:48"
"5091","2026","ask to share the proposal , contact at monday for meeting","98","2025-06-20 13:54:07","2025-06-20 13:54:07"
"5092","2023","not answered,","98","2025-06-20 13:57:12","2025-06-20 13:57:12"
"5093","2029","not answered","98","2025-06-20 13:59:21","2025-06-20 13:59:21"
"5094","2031","too much distortion call later .","98","2025-06-20 14:01:05","2025-06-20 14:01:05"
"5095","2033","not responding","98","2025-06-20 14:02:19","2025-06-20 14:02:19"
"5096","2033","not responding","98","2025-06-20 14:02:19","2025-06-20 14:02:19"
"5097","2037","powered off","98","2025-06-20 14:03:26","2025-06-20 14:03:26"
"5098","2038","invalid number","98","2025-06-20 14:04:24","2025-06-20 14:04:24"
"5099","2038","not answered","98","2025-06-20 14:07:18","2025-06-20 14:07:18"
"5100","2047","powered off","98","2025-06-20 14:10:03","2025-06-20 14:10:03"
"5101","2048","not answered","98","2025-06-20 14:11:45","2025-06-20 14:11:45"
"5102","2060","not responding","98","2025-06-20 14:18:23","2025-06-20 14:18:23"
"5103","2060","not responding","98","2025-06-20 14:18:23","2025-06-20 14:18:23"
"5104","2064","not responding","98","2025-06-20 14:20:38","2025-06-20 14:20:38"
"5105","1702","not responding","98","2025-06-20 14:24:11","2025-06-20 14:24:11"
"5106","1819","he said not interested now. price is very high.","98","2025-06-20 14:26:31","2025-06-20 14:26:31"
"5107","1936","not answered","98","2025-06-20 14:33:09","2025-06-20 14:33:09"
"5108","1936","not answered","98","2025-06-20 14:33:09","2025-06-20 14:33:09"
"5109","1936","not answered","98","2025-06-20 14:33:09","2025-06-20 14:33:09"
"5110","1824","line busy","98","2025-06-20 14:39:53","2025-06-20 14:39:53"
"5111","1824","line busy","98","2025-06-20 14:39:53","2025-06-20 14:39:53"
"5112","2112","no update from the team, once they update , they will inform us .
follow up","98","2025-06-20 14:45:59","2025-06-20 14:45:59"
"5113","1792","not responding","98","2025-06-20 14:47:28","2025-06-20 14:47:28"
"5114","1915","not answered","98","2025-06-20 14:52:42","2025-06-20 14:52:42"
"5115","1912","not responding","98","2025-06-20 14:53:36","2025-06-20 14:53:36"
"5116","1965","not answered","98","2025-06-20 14:55:54","2025-06-20 14:55:54"
"5117","1595","ask to share te detail again,, he will update next week about meeting. he will check his availability slots and will tell.","98","2025-06-20 15:13:16","2025-06-20 15:13:16"
"5118","1627","not responding","98","2025-06-20 15:20:15","2025-06-20 15:20:15"
"5119","1627","not responding","98","2025-06-20 15:20:16","2025-06-20 15:20:16"
"5120","1599","he said he is busy.","98","2025-06-20 15:24:50","2025-06-20 15:24:50"
"5121","1677","not answered","98","2025-06-20 15:27:29","2025-06-20 15:27:29"
"5122","2024","not answered","98","2025-06-20 15:29:58","2025-06-20 15:29:58"
"5123","1575","powered off","98","2025-06-20 15:32:55","2025-06-20 15:32:55"
"5124","1576","line busy with another call","98","2025-06-20 15:33:49","2025-06-20 15:33:49"
"5125","1963","not answered","98","2025-06-20 15:44:28","2025-06-20 15:44:28"
"5126","1963","not answered","98","2025-06-20 15:44:28","2025-06-20 15:44:28"
"5127","1997","not answered","98","2025-06-20 15:47:16","2025-06-20 15:47:16"
"5128","1673","they are totally occupied in this week, he will discuss with c.e.o , and will let us know, and they are already using software. follow up, also sent a message on whatsapp.","98","2025-06-20 17:39:26","2025-06-20 17:39:26"
"5129","2069","not answered","98","2025-06-20 17:45:56","2025-06-20 17:45:56"
"5130","1538","they are also a software developer, not required","98","2025-06-20 17:51:05","2025-06-20 17:51:05"
"5131","1541","not responding","98","2025-06-20 17:51:55","2025-06-20 17:51:55"
"5132","1541","not responding","98","2025-06-20 17:51:55","2025-06-20 17:51:55"
"5133","1566","call at monday  after 12 pm, for meeting,","98","2025-06-20 17:55:46","2025-06-20 17:55:46"
"5134","1578","call at monday for meeting, right now busy","98","2025-06-20 18:02:43","2025-06-20 18:02:43"
"5135","1588","powered off","98","2025-06-20 18:05:23","2025-06-20 18:05:23"
"5136","1603","not responding","98","2025-06-20 18:07:04","2025-06-20 18:07:04"
"5137","1615","not answered","98","2025-06-20 18:09:35","2025-06-20 18:09:35"
"5138","1615","not answered","98","2025-06-20 18:09:35","2025-06-20 18:09:35"
"5139","1629","not answered","98","2025-06-20 18:12:03","2025-06-20 18:12:03"
"5140","1644","line busy","98","2025-06-20 18:13:56","2025-06-20 18:13:56"
"5141","1644","line busy","98","2025-06-20 18:13:56","2025-06-20 18:13:56"
"5142","1668","not responding","98","2025-06-20 18:15:32","2025-06-20 18:15:32"
"5143","1681","also a software house, not required now, they keep us in a loop,","98","2025-06-20 18:21:15","2025-06-20 18:21:15"
"5144","1689","not responding","98","2025-06-20 18:33:16","2025-06-20 18:33:16"
"5145","1710","not interested","98","2025-06-20 18:35:52","2025-06-20 18:35:52"
"5146","1720","not responding","98","2025-06-20 18:37:14","2025-06-20 18:37:14"
"5147","1721","not responding","98","2025-06-20 18:38:44","2025-06-20 18:38:44"
"5148","1739","not responding","98","2025-06-20 18:39:31","2025-06-20 18:39:31"
"5149","1750","not responding","98","2025-06-20 18:40:32","2025-06-20 18:40:32"
"5150","1754","call answered,  but didnt say anything","98","2025-06-20 18:44:17","2025-06-20 18:44:17"
"5151","1756","line busy","98","2025-06-20 18:45:25","2025-06-20 18:45:25"
"5152","1766","not answered","98","2025-06-20 18:46:11","2025-06-20 18:46:11"
"5153","1625","he said his c.e.o is out of country, but he will send his number on whatsapp.","98","2025-06-20 20:34:50","2025-06-20 20:34:50"
"5154","1699","not answered","98","2025-06-20 20:36:11","2025-06-20 20:36:11"
"5155","1841","not answered","98","2025-06-20 20:37:27","2025-06-20 20:37:27"
"5156","2047","powered off","98","2025-06-23 13:33:42","2025-06-23 13:33:42"
"5157","2048","firstly he pick and then declined, i call him again, line busy again","98","2025-06-23 13:37:48","2025-06-23 13:37:48"
"5158","1936","not answered","98","2025-06-23 13:41:47","2025-06-23 13:41:47"
"5159","2060","powered off","98","2025-06-23 13:50:40","2025-06-23 13:50:40"
"5160","2064","not responding","98","2025-06-23 13:53:24","2025-06-23 13:53:24"
"5161","2066","not answered","98","2025-06-23 13:54:55","2025-06-23 13:54:55"
"5162","2070","not responding","98","2025-06-23 13:56:23","2025-06-23 13:56:23"
"5163","2070","not responding","98","2025-06-23 13:56:23","2025-06-23 13:56:23"
"5164","2074","not answered","98","2025-06-23 13:58:27","2025-06-23 13:58:27"
"5165","1679","he is saying , he is too much busy , not properly used the demo acount , he will used today  , and will let us know about it.","98","2025-06-23 14:02:10","2025-06-23 14:02:10"
"5166","2076","powered off","98","2025-06-23 14:07:28","2025-06-23 14:07:28"
"5167","2085","closed before 2 years","98","2025-06-23 14:09:04","2025-06-23 14:09:04"
"5168","1702","not responding.","98","2025-06-23 14:18:11","2025-06-23 14:18:11"
"5169","1677","message at 2nd half , for meeting","98","2025-06-23 14:21:48","2025-06-23 14:21:48"
"5170","1677","message at 2nd half , for meeting","98","2025-06-23 14:21:49","2025-06-23 14:21:49"
"5171","1677","message at 2nd half , for meeting","98","2025-06-23 14:21:49","2025-06-23 14:21:49"
"5172","1715","meeting scheduled for tomorrow at 11 15 am.","98","2025-06-23 14:30:36","2025-06-23 14:30:36"
"5173","1867","will discussed in this week, and will let us know","98","2025-06-23 14:37:24","2025-06-23 14:37:24"
"5174","1798","powered off","98","2025-06-23 14:43:26","2025-06-23 14:43:26"
"5175","1798","powered off","98","2025-06-23 14:43:26","2025-06-23 14:43:26"
"5176","1798","powered off","98","2025-06-23 14:43:26","2025-06-23 14:43:26"
"5177","1702","not answered","98","2025-06-23 14:45:30","2025-06-23 14:45:30"
"5178","1702","not answered","98","2025-06-23 14:45:30","2025-06-23 14:45:30"
"5179","1500","not answered","98","2025-06-23 14:47:59","2025-06-23 14:47:59"
"5180","2025","not answered","98","2025-06-23 15:00:44","2025-06-23 15:00:44"
"5181","2025","not answered","98","2025-06-23 15:00:44","2025-06-23 15:00:44"
"5182","1859","not responding","98","2025-06-23 15:03:07","2025-06-23 15:03:07"
"5183","1859","not responding","98","2025-06-23 15:03:08","2025-06-23 15:03:08"
"5184","2094","not interested","98","2025-06-23 15:05:49","2025-06-23 15:05:49"
"5185","2094","not interested","98","2025-06-23 15:05:49","2025-06-23 15:05:49"
"5186","2113","i called them 2 times ,distortion in his voice . now number busy","98","2025-06-23 15:14:55","2025-06-23 15:14:55"
"5187","2114","powered off","98","2025-06-23 15:15:40","2025-06-23 15:15:40"
"5188","2129","not  responding","98","2025-06-23 15:19:01","2025-06-23 15:19:01"
"5189","2129","not  responding","98","2025-06-23 15:19:02","2025-06-23 15:19:02"
"5190","2130","powered off","98","2025-06-23 15:20:27","2025-06-23 15:20:27"
"5191","2137","powered off","98","2025-06-23 15:21:47","2025-06-23 15:21:47"
"5192","2132","not answered","98","2025-06-23 15:24:23","2025-06-23 15:24:23"
"5193","2024","line busy with another call","98","2025-06-23 15:37:18","2025-06-23 15:37:18"
"5194","1912","not answered","98","2025-06-23 15:39:30","2025-06-23 15:39:30"
"5195","1912","not answered","98","2025-06-23 15:39:30","2025-06-23 15:39:30"
"5196","1915","not answered","98","2025-06-23 15:41:39","2025-06-23 15:41:39"
"5197","1847","not answered","98","2025-06-23 17:15:23","2025-06-23 17:15:23"
"5198","1847","not answered","98","2025-06-23 17:30:40","2025-06-23 17:30:40"
"5199","1489","not responding","98","2025-06-23 17:33:22","2025-06-23 17:33:22"
"5200","1489","not responding","98","2025-06-23 17:33:22","2025-06-23 17:33:22"
"5201","1882","he will let us know on 27 june or may be next month, via email.","98","2025-06-23 17:44:14","2025-06-23 17:44:14"
"5202","1521","he said he will call back, and he cut the call immediatey.","98","2025-06-23 17:50:27","2025-06-23 17:50:27"
"5203","1495","not responding","98","2025-06-23 17:51:57","2025-06-23 17:51:57"
"5204","1511","not answered","98","2025-06-23 17:54:47","2025-06-23 17:54:47"
"5205","1511","not answered","98","2025-06-23 17:54:47","2025-06-23 17:54:47"
"5206","1511","n.r","98","2025-06-23 17:55:00","2025-06-23 17:55:00"
"5207","1576","he said, he has forwarded the url. if they need they will reach out us,","98","2025-06-23 17:58:06","2025-06-23 17:58:06"
"5208","1541","not responding","98","2025-06-23 18:18:31","2025-06-23 18:18:31"
"5209","1566","powered off","98","2025-06-23 18:20:35","2025-06-23 18:20:35"
"5210","1578","right now he is busy, he will let us know about meeting after 2 days.","98","2025-06-23 18:28:35","2025-06-23 18:28:35"
"5211","1588","powered off","98","2025-06-23 18:31:33","2025-06-23 18:31:33"
"5212","1668","not responding","98","2025-06-23 18:34:30","2025-06-23 18:34:30"
"5213","1668","not responding","98","2025-06-23 18:34:30","2025-06-23 18:34:30"
"5214","1803","not responding","98","2025-06-23 18:37:54","2025-06-23 18:37:54"
"5215","1805","not responding","98","2025-06-23 18:39:02","2025-06-23 18:39:02"
"5216","1805","not responding","98","2025-06-23 18:39:02","2025-06-23 18:39:02"
"5217","1997","he said i will convey message to him, but u can also call her.","98","2025-06-23 19:06:07","2025-06-23 19:06:07"
"5218","1997","not required .","98","2025-06-23 19:07:59","2025-06-23 19:07:59"
"5219","1689","not responding","98","2025-06-24 13:32:51","2025-06-24 13:32:51"
"5220","1689","not responding","98","2025-06-24 13:32:51","2025-06-24 13:32:51"
"5221","1720","not responding","98","2025-06-24 13:35:10","2025-06-24 13:35:10"
"5222","1721","not responding","98","2025-06-24 13:36:56","2025-06-24 13:36:56"
"5223","1739","not responding","98","2025-06-24 13:37:45","2025-06-24 13:37:45"
"5224","1748","line busy","98","2025-06-24 13:39:41","2025-06-24 13:39:41"
"5225","1750","not responding","98","2025-06-24 13:41:11","2025-06-24 13:41:11"
"5226","1754","not coworking space,  call daftarkhan, its an real estate company, daftarkhan is dealing with this coworking space.","98","2025-06-24 13:47:06","2025-06-24 13:47:06"
"5227","1715","not answered","98","2025-06-24 13:49:11","2025-06-24 13:49:11"
"5228","1766","not answered","98","2025-06-24 13:50:51","2025-06-24 13:50:51"
"5229","1803","not responding","98","2025-06-24 13:52:29","2025-06-24 13:52:29"
"5230","1803","not responding","98","2025-06-24 13:52:29","2025-06-24 13:52:29"
"5231","1803","not responding","98","2025-06-24 13:52:30","2025-06-24 13:52:30"
"5232","1595","not answered","98","2025-06-24 13:54:46","2025-06-24 13:54:46"
"5233","1805","share the number of the owner,contact him,","98","2025-06-24 13:59:42","2025-06-24 13:59:42"
"5234","1848","not responding","98","2025-06-24 14:03:12","2025-06-24 14:03:12"
"5235","1858","ask to share the proposal","98","2025-06-24 14:05:43","2025-06-24 14:05:43"
"5236","1869","not responding","98","2025-06-24 14:09:03","2025-06-24 14:09:03"
"5237","1870","not responding","98","2025-06-24 14:09:42","2025-06-24 14:09:42"
"5238","1715","he is on the way , link shared again.","98","2025-06-24 14:23:50","2025-06-24 14:23:50"
"5239","1881","powered off","98","2025-06-24 14:31:19","2025-06-24 14:31:19"
"5240","1898","not responding","98","2025-06-24 14:36:16","2025-06-24 14:36:16"
"5241","1906","line busy","98","2025-06-24 14:39:00","2025-06-24 14:39:00"
"5242","1906","line busy","98","2025-06-24 14:39:00","2025-06-24 14:39:00"
"5243","1907","powered off","98","2025-06-24 14:39:51","2025-06-24 14:39:51"
"5244","1927","not answered","98","2025-06-24 14:43:04","2025-06-24 14:43:04"
"5245","1927","not answered","98","2025-06-24 14:43:04","2025-06-24 14:43:04"
"5246","1715","meetinng done, they are already using a software dice, not required now,","98","2025-06-24 15:00:34","2025-06-24 15:00:34"
"5247","1944","not responding","98","2025-06-24 15:05:17","2025-06-24 15:05:17"
"5248","1945","not answered","98","2025-06-24 15:07:24","2025-06-24 15:07:24"
"5249","1946","powered off","98","2025-06-24 15:08:15","2025-06-24 15:08:15"
"5250","1947","powered off","98","2025-06-24 15:09:17","2025-06-24 15:09:17"
"5251","1950","he is busy, ask to send message on whatsapp.","98","2025-06-24 15:11:35","2025-06-24 15:11:35"
"5252","1953","powered off","98","2025-06-24 15:12:44","2025-06-24 15:12:44"
"5253","1961","not responding","98","2025-06-24 15:13:45","2025-06-24 15:13:45"
"5254","1964","not responding","98","2025-06-24 15:14:47","2025-06-24 15:14:47"
"5255","1967","not answered","98","2025-06-24 15:16:58","2025-06-24 15:16:58"
"5256","1969","powered off","98","2025-06-24 15:17:42","2025-06-24 15:17:42"
"5257","1702","not responding","98","2025-06-24 15:20:18","2025-06-24 15:20:18"
"5258","1824","not responding","98","2025-06-24 15:21:54","2025-06-24 15:21:54"
"5259","1824","not responding","98","2025-06-24 15:21:54","2025-06-24 15:21:54"
"5260","1595","not answered","98","2025-06-24 15:24:49","2025-06-24 15:24:49"
"5261","2025","not answered","98","2025-06-24 15:31:06","2025-06-24 15:31:06"
"5262","1972","not responding","98","2025-06-24 15:34:11","2025-06-24 15:34:11"
"5263","1495","line busy with another call","98","2025-06-24 15:35:36","2025-06-24 15:35:36"
"5264","1978","line busy","98","2025-06-24 17:31:56","2025-06-24 17:31:56"
"5265","1979","she will discuss with the manager and will let us know, follow up tomorrow","98","2025-06-24 17:35:45","2025-06-24 17:35:45"
"5266","1983","line busy","98","2025-06-24 17:39:14","2025-06-24 17:39:14"
"5267","1990","not responding","98","2025-06-24 17:43:09","2025-06-24 17:43:09"
"5268","1998","not answered","98","2025-06-24 17:47:28","2025-06-24 17:47:28"
"5269","1999","line busy","98","2025-06-24 17:48:27","2025-06-24 17:48:27"
"5270","2003","not answered","98","2025-06-24 17:51:35","2025-06-24 17:51:35"
"5271","2003","not answered","98","2025-06-24 17:51:35","2025-06-24 17:51:35"
"5272","2008","powered off","98","2025-06-24 17:52:48","2025-06-24 17:52:48"
"5273","2009","powered  off","98","2025-06-24 17:55:19","2025-06-24 17:55:19"
"5274","2010","powered off","98","2025-06-24 17:56:09","2025-06-24 17:56:09"
"5275","2012","contact tomorrow for meeting after 12","98","2025-06-24 17:59:27","2025-06-24 17:59:27"
"5276","2023","line busy","98","2025-06-24 18:17:33","2025-06-24 18:17:33"
"5277","2029","line busy","98","2025-06-24 18:24:25","2025-06-24 18:24:25"
"5278","2031","not responding","98","2025-06-24 18:26:33","2025-06-24 18:26:33"
"5279","2033","not responding","98","2025-06-24 18:27:25","2025-06-24 18:27:25"
"5280","2033","not responding","98","2025-06-24 18:27:25","2025-06-24 18:27:25"
"5281","2037","powered off","98","2025-06-24 18:28:25","2025-06-24 18:28:25"
"5282","1847","not responding now","98","2025-06-24 18:33:41","2025-06-24 18:33:41"
"5283","1847","not responding now","98","2025-06-24 18:33:41","2025-06-24 18:33:41"
"5284","1936","not answered","98","2025-06-24 18:35:32","2025-06-24 18:35:32"
"5285","1936","not answered","98","2025-06-24 18:35:32","2025-06-24 18:35:32"
"5286","1677","not answered","98","2025-06-24 19:06:22","2025-06-24 19:06:22"
"5287","2106","not interested","98","2025-06-24 19:37:23","2025-06-24 19:37:23"
"5288","2026","not answered","98","2025-06-24 19:43:29","2025-06-24 19:43:29"
"5289","2064","powered off","98","2025-06-25 14:14:53","2025-06-25 14:14:53"
"5290","2227","not answered","98","2025-06-27 14:42:28","2025-06-27 14:42:28"
"5291","2228","not answered","98","2025-06-27 14:44:08","2025-06-27 14:44:08"
"5292","2228","not answered","98","2025-06-27 14:44:08","2025-06-27 14:44:08"
"5293","2229","call after 30 mins","98","2025-06-27 14:46:25","2025-06-27 14:46:25"
"5294","2230","not answered","98","2025-06-27 14:48:04","2025-06-27 14:48:04"
"5295","2231","not answered","98","2025-06-27 14:49:36","2025-06-27 14:49:36"
"5296","2232","line busy . not responding","98","2025-06-27 14:50:23","2025-06-27 14:50:23"
"5297","2233","he said we are already using the software, our managing director is out of station , call after 15 days  then will schedule a meeting.","98","2025-06-27 14:56:25","2025-06-27 14:56:25"
"5298","2234","not answered","98","2025-06-27 14:58:38","2025-06-27 14:58:38"
"5299","2234","not answered","98","2025-06-27 14:58:38","2025-06-27 14:58:38"
"5300","2235","line busy. not responding","98","2025-06-27 14:59:35","2025-06-27 14:59:35"
"5301","2236","line busy . not responding","98","2025-06-27 15:00:26","2025-06-27 15:00:26"
"5302","2237","unavailable. not responding","98","2025-06-27 15:03:09","2025-06-27 15:03:09"
"5303","2238","not responding","98","2025-06-27 15:04:28","2025-06-27 15:04:28"
"5304","2239","not responding","98","2025-06-27 15:05:36","2025-06-27 15:05:36"
"5305","2239","not responding","98","2025-06-27 15:05:36","2025-06-27 15:05:36"
"5306","2240","number not in use.","98","2025-06-27 15:07:03","2025-06-27 15:07:03"
"5307","2241","he said they shifted. and he quickly cut the call.","98","2025-06-27 15:08:34","2025-06-27 15:08:34"
"5308","2242","not answered","98","2025-06-27 15:10:07","2025-06-27 15:10:07"
"5309","2243","not answered","98","2025-06-27 15:11:42","2025-06-27 15:11:42"
"5310","2243","not answered","98","2025-06-27 15:11:42","2025-06-27 15:11:42"
"5311","2244","call at 2nd half.right now in a meeting","98","2025-06-27 15:14:59","2025-06-27 15:14:59"
"5312","2244","call at 2nd half.right now in a meeting","98","2025-06-27 15:15:00","2025-06-27 15:15:00"
"5313","2245","not responding","98","2025-06-27 15:15:50","2025-06-27 15:15:50"
"5314","2245","not responding","98","2025-06-27 15:15:51","2025-06-27 15:15:51"
"5315","2246","he transfered call to manager but he didnt pick.","98","2025-06-27 15:21:54","2025-06-27 15:21:54"
"5316","2247","call at 2nd half , right  now no one available . because of juma time.","98","2025-06-27 15:25:30","2025-06-27 15:25:30"
"5317","2248","not responding","98","2025-06-27 15:26:20","2025-06-27 15:26:20"
"5318","2248","not responding","98","2025-06-27 15:26:20","2025-06-27 15:26:20"
"5319","2249","not responding","98","2025-06-27 15:27:48","2025-06-27 15:27:48"
"5320","2249","not responding","98","2025-06-27 15:27:48","2025-06-27 15:27:48"
"5321","2250","not answered","98","2025-06-27 15:46:27","2025-06-27 15:46:27"
"5322","2252","break time,  call after half an hour,","98","2025-06-27 17:28:05","2025-06-27 17:28:05"
"5323","2253","not responding","98","2025-06-27 17:32:20","2025-06-27 17:32:20"
"5324","2253","not responding","98","2025-06-27 17:32:20","2025-06-27 17:32:20"
"5325","2254","not responding","98","2025-06-27 17:35:31","2025-06-27 17:35:31"
"5326","2255","not answered","98","2025-06-27 17:39:12","2025-06-27 17:39:12"
"5327","2256","not answered","98","2025-06-27 17:41:10","2025-06-27 17:41:10"
"5328","2257","powered off","98","2025-06-27 17:43:33","2025-06-27 17:43:33"
"5329","2257","powered off","98","2025-06-27 17:43:33","2025-06-27 17:43:33"
"5330","2258","not responding","98","2025-06-27 17:45:55","2025-06-27 17:45:55"
"5331","2258","not responding","98","2025-06-27 17:45:56","2025-06-27 17:45:56"
"5332","2259","not responding","98","2025-06-27 17:49:12","2025-06-27 17:49:12"
"5333","2259","not responding","98","2025-06-27 17:49:12","2025-06-27 17:49:12"
"5334","2259","not responding","98","2025-06-27 17:49:12","2025-06-27 17:49:12"
"5335","2260","not answered","98","2025-06-27 17:52:11","2025-06-27 17:52:11"
"5336","2261","not responding","98","2025-06-27 17:57:38","2025-06-27 17:57:38"
"5337","2262","powered off","98","2025-06-27 18:01:49","2025-06-27 18:01:49"
"5338","2262","powered off","98","2025-06-27 18:01:49","2025-06-27 18:01:49"
"5339","2263","not answered","98","2025-06-27 18:16:58","2025-06-27 18:16:58"
"5340","2263","not answered","98","2025-06-27 18:16:58","2025-06-27 18:16:58"
"5341","2264","call at monday","98","2025-06-27 18:18:44","2025-06-27 18:18:44"
"5342","2265","not responding","98","2025-06-27 18:20:44","2025-06-27 18:20:44"
"5343","2266","firstly he pick and then in the mid of the discussion call end, i called again then number not responding","98","2025-06-27 18:28:04","2025-06-27 18:28:04"
"5344","2267","not responding","98","2025-06-27 18:29:04","2025-06-27 18:29:04"
"5345","2267","not responding","98","2025-06-27 18:29:04","2025-06-27 18:29:04"
"5346","2268","not responding","98","2025-06-27 18:30:15","2025-06-27 18:30:15"
"5347","2269","not answered","98","2025-06-27 18:33:53","2025-06-27 18:33:53"
"5348","2270","not answered","98","2025-06-27 18:35:39","2025-06-27 18:35:39"
"5349","2270","not answered","98","2025-06-27 18:35:39","2025-06-27 18:35:39"
"5350","2244","call after sometime, he will transfer the call.","98","2025-06-27 18:42:41","2025-06-27 18:42:41"
"5351","2271","not responding","98","2025-06-27 18:44:11","2025-06-27 18:44:11"
"5352","2272","not responding","98","2025-06-27 18:46:30","2025-06-27 18:46:30"
"5353","2272","not responding","98","2025-06-27 18:46:30","2025-06-27 18:46:30"
"5354","2273","not interested","98","2025-06-27 18:50:50","2025-06-27 18:50:50"
"5355","2275","not responding","98","2025-06-27 18:56:15","2025-06-27 18:56:15"
"5356","2275","not responding","98","2025-06-27 18:56:16","2025-06-27 18:56:16"
"5357","2279","ask to share the detail on whatsapp","98","2025-06-27 19:03:37","2025-06-27 19:03:37"
"5358","2279","ask to share the detail on whatsapp","98","2025-06-27 19:03:37","2025-06-27 19:03:37"
"5359","2244","she cut the call","98","2025-06-27 19:48:23","2025-06-27 19:48:23"
"5360","1867","right now they are busy in other projects , when he will move to coworking spaces , he will contact us.","98","2025-06-30 13:34:52","2025-06-30 13:34:52"
"5361","2227","not answered","98","2025-06-30 13:39:23","2025-06-30 13:39:23"
"5362","2228","call at 12 30pm ,  owner is not in the office.","98","2025-06-30 13:42:45","2025-06-30 13:42:45"
"5363","2229","he will check his availability slots and will let us know about.call again tomorow","98","2025-06-30 13:47:15","2025-06-30 13:47:15"
"5364","2230","not answered","98","2025-06-30 13:48:53","2025-06-30 13:48:53"
"5365","2231","not responding","98","2025-06-30 13:51:38","2025-06-30 13:51:38"
"5366","2231","not responding","98","2025-06-30 13:51:38","2025-06-30 13:51:38"
"5367","2232","not responding","98","2025-06-30 13:52:25","2025-06-30 13:52:25"
"5368","2232","not responding","98","2025-06-30 13:52:25","2025-06-30 13:52:25"
"5369","2234","ask to share the proposal , will go through and will schedule a meeting, right now busy in audit in this week. follow up","98","2025-06-30 13:58:12","2025-06-30 13:58:12"
"5370","2235","not responding","98","2025-06-30 13:58:57","2025-06-30 13:58:57"
"5371","2236","not responding","98","2025-06-30 13:59:38","2025-06-30 13:59:38"
"5372","2237","unavailable.not responding","98","2025-06-30 14:00:26","2025-06-30 14:00:26"
"5373","2238","not responding","98","2025-06-30 14:01:04","2025-06-30 14:01:04"
"5374","2239","not responding","98","2025-06-30 14:01:48","2025-06-30 14:01:48"
"5375","2240","number not in use","98","2025-06-30 14:03:16","2025-06-30 14:03:16"
"5376","2243","not answered","98","2025-06-30 14:07:33","2025-06-30 14:07:33"
"5377","2243","not answered","98","2025-06-30 14:07:33","2025-06-30 14:07:33"
"5378","2245","not responding","98","2025-06-30 14:09:06","2025-06-30 14:09:06"
"5379","2245","not responding","98","2025-06-30 14:09:06","2025-06-30 14:09:06"
"5380","2246","not responding","98","2025-06-30 14:10:00","2025-06-30 14:10:00"
"5381","2247","call after sometime. right now, manager has not come yet.","98","2025-06-30 14:13:41","2025-06-30 14:13:41"
"5382","2248","not responding","98","2025-06-30 14:14:22","2025-06-30 14:14:22"
"5383","2248","not responding","98","2025-06-30 14:14:22","2025-06-30 14:14:22"
"5384","2249","not responding","98","2025-06-30 14:15:11","2025-06-30 14:15:11"
"5385","2250","not answered","98","2025-06-30 14:37:51","2025-06-30 14:37:51"
"5386","2250","not answered","98","2025-06-30 14:37:51","2025-06-30 14:37:51"
"5387","2251","not answered","98","2025-06-30 14:39:39","2025-06-30 14:39:39"
"5388","2251","not answered","98","2025-06-30 14:39:39","2025-06-30 14:39:39"
"5389","2252","firstly in the mid of the discussion , he cut the call, the i called him again ,he declined the call","98","2025-06-30 14:42:07","2025-06-30 14:42:07"
"5390","2253","not responding","98","2025-06-30 14:44:35","2025-06-30 14:44:35"
"5391","2254","not responding","98","2025-06-30 14:45:13","2025-06-30 14:45:13"
"5392","2255","not answered","98","2025-06-30 14:46:48","2025-06-30 14:46:48"
"5393","2255","not answered","98","2025-06-30 14:46:49","2025-06-30 14:46:49"
"5394","2255","not answered","98","2025-06-30 14:46:49","2025-06-30 14:46:49"
"5395","2256","call  at 2nd half","98","2025-06-30 14:48:17","2025-06-30 14:48:17"
"5396","2256","call  at 2nd half","98","2025-06-30 14:48:17","2025-06-30 14:48:17"
"5397","2257","powered off","98","2025-06-30 14:49:20","2025-06-30 14:49:20"
"5398","2257","powered off","98","2025-06-30 14:49:20","2025-06-30 14:49:20"
"5399","2258","not responding","98","2025-06-30 14:51:54","2025-06-30 14:51:54"
"5400","2258","not responding","98","2025-06-30 14:51:54","2025-06-30 14:51:54"
"5401","2259","not responding","98","2025-06-30 14:52:37","2025-06-30 14:52:37"
"5402","2260","not answered","98","2025-06-30 14:54:09","2025-06-30 14:54:09"
"5403","2260","not answered","98","2025-06-30 14:54:09","2025-06-30 14:54:09"
"5404","2261","not responding","98","2025-06-30 15:00:20","2025-06-30 15:00:20"
"5405","2261","not responding","98","2025-06-30 15:00:20","2025-06-30 15:00:20"
"5406","2262","not answered","98","2025-06-30 15:02:30","2025-06-30 15:02:30"
"5407","2263","not answered","98","2025-06-30 15:03:57","2025-06-30 15:03:57"
"5408","2263","not answered","98","2025-06-30 15:03:57","2025-06-30 15:03:57"
"5409","2264","not answered","98","2025-06-30 15:07:32","2025-06-30 15:07:32"
"5410","2265","not responding","98","2025-06-30 15:08:37","2025-06-30 15:08:37"
"5411","2265","not responding","98","2025-06-30 15:08:37","2025-06-30 15:08:37"
"5412","2266","not responding","98","2025-06-30 15:09:46","2025-06-30 15:09:46"
"5413","2267","not responding","98","2025-06-30 15:10:24","2025-06-30 15:10:24"
"5414","2268","not responding","98","2025-06-30 15:11:09","2025-06-30 15:11:09"
"5415","2269","not answered","98","2025-06-30 15:12:46","2025-06-30 15:12:46"
"5416","2270","not answered","98","2025-06-30 15:14:24","2025-06-30 15:14:24"
"5417","2271","not responding","98","2025-06-30 15:15:05","2025-06-30 15:15:05"
"5418","2272","not responding","98","2025-06-30 15:15:49","2025-06-30 15:15:49"
"5419","2272","not responding","98","2025-06-30 15:15:49","2025-06-30 15:15:49"
"5420","2274","not responding","98","2025-06-30 15:16:39","2025-06-30 15:16:39"
"5421","2275","not responding","98","2025-06-30 15:17:29","2025-06-30 15:17:29"
"5422","2256","not answered","98","2025-06-30 15:21:18","2025-06-30 15:21:18"
"5423","1679","follow up message sent","98","2025-06-30 15:33:26","2025-06-30 15:33:26"
"5424","1702","not responding","98","2025-06-30 15:40:15","2025-06-30 15:40:15"
"5425","1702","not responding","98","2025-06-30 15:40:15","2025-06-30 15:40:15"
"5426","1479","ask to share the proposal, proposal sent","98","2025-06-30 15:45:32","2025-06-30 15:45:32"
"5427","2276","not answered","98","2025-06-30 17:21:33","2025-06-30 17:21:33"
"5428","2277","not answered","98","2025-06-30 17:23:40","2025-06-30 17:23:40"
"5429","2277","not answered","98","2025-06-30 17:23:40","2025-06-30 17:23:40"
"5430","2278","not responding","98","2025-06-30 17:24:31","2025-06-30 17:24:31"
"5431","2280","not responding","98","2025-06-30 17:25:28","2025-06-30 17:25:28"
"5432","2280","not responding","98","2025-06-30 17:25:28","2025-06-30 17:25:28"
"5433","2281","call tomorrow , manager is on leave today","98","2025-06-30 17:31:05","2025-06-30 17:31:05"
"5434","2282","ask to share the detail on whatsapp, he will check his availability slots then schedule accordingly.","98","2025-06-30 17:35:52","2025-06-30 17:35:52"
"5435","2283","not responding","98","2025-06-30 17:38:08","2025-06-30 17:38:08"
"5436","2284","call at wednesday , right now director is not available,","98","2025-06-30 17:41:37","2025-06-30 17:41:37"
"5437","2285","firstly he will check th proposal , then will schedule a meeting, ask to share the proposal.","98","2025-06-30 17:49:05","2025-06-30 17:49:05"
"5438","2286","not answered","98","2025-06-30 17:55:25","2025-06-30 17:55:25"
"5439","2287","not responding","98","2025-06-30 17:56:20","2025-06-30 17:56:20"
"5440","2288","call after half an hour , manager is busy in meeting","98","2025-06-30 17:59:03","2025-06-30 17:59:03"
"5441","2289","call at 4 pm, manager is outside","98","2025-06-30 18:00:36","2025-06-30 18:00:36"
"5442","2290","not answered","98","2025-06-30 18:02:25","2025-06-30 18:02:25"
"5443","2290","not answered","98","2025-06-30 18:02:26","2025-06-30 18:02:26"
"5444","2291","not required software. 3 4 workers only.","98","2025-06-30 18:06:51","2025-06-30 18:06:51"
"5445","2292","not responding","98","2025-06-30 18:08:27","2025-06-30 18:08:27"
"5446","2293","share proposal on whatsapp, he will let us kn ow about meeting","98","2025-06-30 18:13:33","2025-06-30 18:13:33"
"5447","2294","not responding","98","2025-06-30 18:16:22","2025-06-30 18:16:22"
"5448","2295","not responding","98","2025-06-30 18:17:23","2025-06-30 18:17:23"
"5449","2296","not answered","98","2025-06-30 18:18:52","2025-06-30 18:18:52"
"5450","2298","not responding","98","2025-06-30 18:29:55","2025-06-30 18:29:55"
"5451","2256","send msg at whatsapp, he will tell his availability slots  for meeting.","98","2025-06-30 18:34:11","2025-06-30 18:34:11"
"5452","2256","message sent.","98","2025-06-30 18:37:06","2025-06-30 18:37:06"
"5453","2288","already using but share a proposal , then will discuss about  meeting","98","2025-06-30 18:45:36","2025-06-30 18:45:36"
"5454","2227","not answered","98","2025-07-01 13:34:10","2025-07-01 13:34:10"
"5455","2228","call after sometime.","98","2025-07-01 13:36:26","2025-07-01 13:36:26"
"5456","2229","busy in closing, call at thursday, then will confirm about meeting ,","98","2025-07-01 13:39:27","2025-07-01 13:39:27"
"5457","2230","line busy with another call","98","2025-07-01 13:40:19","2025-07-01 13:40:19"
"5458","2230","line busy with another call","98","2025-07-01 13:40:20","2025-07-01 13:40:20"
"5459","2231","call again on his number, he will tell his availability time , and will schedule a meeting","98","2025-07-01 13:45:01","2025-07-01 13:45:01"
"5460","2232","not responding","98","2025-07-01 13:46:00","2025-07-01 13:46:00"
"5461","2232","not responding","98","2025-07-01 13:46:00","2025-07-01 13:46:00"
"5462","2232","not responding","98","2025-07-01 13:46:00","2025-07-01 13:46:00"
"5463","2235","not responding","98","2025-07-01 13:47:00","2025-07-01 13:47:00"
"5464","2235","not responding","98","2025-07-01 13:47:00","2025-07-01 13:47:00"
"5465","2236","not responding","98","2025-07-01 13:57:20","2025-07-01 13:57:20"
"5466","2237","we will reach out you, when we will grow, right now not in the position to buy.","98","2025-07-01 14:01:09","2025-07-01 14:01:09"
"5467","2238","not responding","98","2025-07-01 14:02:02","2025-07-01 14:02:02"
"5468","2238","not responding","98","2025-07-01 14:02:02","2025-07-01 14:02:02"
"5469","2239","not responding","98","2025-07-01 14:02:46","2025-07-01 14:02:46"
"5470","2239","not responding","98","2025-07-01 14:02:47","2025-07-01 14:02:47"
"5471","2242","Meeting scheduled  for today at 3 pm","98","2025-07-01 14:15:04","2025-07-01 14:15:04"
"5472","2243","not answered","98","2025-07-01 14:17:54","2025-07-01 14:17:54"
"5473","2245","not responding","98","2025-07-01 14:24:43","2025-07-01 14:24:43"
"5474","2245","not responding","98","2025-07-01 14:24:43","2025-07-01 14:24:43"
"5475","2246","not answered","98","2025-07-01 14:26:26","2025-07-01 14:26:26"
"5476","2247","busy, not answered","98","2025-07-01 14:30:23","2025-07-01 14:30:23"
"5477","2248","not responding","98","2025-07-01 14:31:02","2025-07-01 14:31:02"
"5478","2248","not responding","98","2025-07-01 14:31:02","2025-07-01 14:31:02"
"5479","2249","not responding","98","2025-07-01 14:31:58","2025-07-01 14:31:58"
"5480","2250","not answered","98","2025-07-01 14:33:24","2025-07-01 14:33:24"
"5481","2251","he gave me a number of other person, other person number is not responding.","98","2025-07-01 14:43:00","2025-07-01 14:43:00"
"5482","2254","not responding","98","2025-07-01 14:44:27","2025-07-01 14:44:27"
"5483","2254","not responding","98","2025-07-01 14:44:27","2025-07-01 14:44:27"
"5484","2255","not answered","98","2025-07-01 14:46:20","2025-07-01 14:46:20"
"5485","2255","not answered","98","2025-07-01 14:46:20","2025-07-01 14:46:20"
"5486","2256","3 to 4 days are busy, call after 3 days .","98","2025-07-01 14:49:00","2025-07-01 14:49:00"
"5487","2258","not responding","98","2025-07-01 14:49:37","2025-07-01 14:49:37"
"5488","2252","he cut the call, during discussion.","98","2025-07-01 14:50:59","2025-07-01 14:50:59"
"5489","2253","not responding","98","2025-07-01 14:51:57","2025-07-01 14:51:57"
"5490","2253","not responding","98","2025-07-01 14:51:57","2025-07-01 14:51:57"
"5491","2257","powered off","98","2025-07-01 14:52:44","2025-07-01 14:52:44"
"5492","2257","powered off","98","2025-07-01 14:52:44","2025-07-01 14:52:44"
"5493","2259","not responding","98","2025-07-01 14:53:28","2025-07-01 14:53:28"
"5494","2260","not answered","98","2025-07-01 14:55:13","2025-07-01 14:55:13"
"5495","2261","not responding","98","2025-07-01 14:59:48","2025-07-01 14:59:48"
"5496","2262","not answered","98","2025-07-01 15:02:42","2025-07-01 15:02:42"
"5497","2263","not answered","98","2025-07-01 15:04:13","2025-07-01 15:04:13"
"5498","2264","not interested","98","2025-07-01 15:07:14","2025-07-01 15:07:14"
"5499","2266","not responding","98","2025-07-01 15:07:59","2025-07-01 15:07:59"
"5500","2266","not responding","98","2025-07-01 15:07:59","2025-07-01 15:07:59"
"5501","2267","not responding","98","2025-07-01 15:08:40","2025-07-01 15:08:40"
"5502","2268","not responding","98","2025-07-01 15:09:21","2025-07-01 15:09:21"
"5503","2269","not answered","98","2025-07-01 15:10:58","2025-07-01 15:10:58"
"5504","2270","not answered","98","2025-07-01 15:12:42","2025-07-01 15:12:42"
"5505","2271","not responding","98","2025-07-01 15:13:20","2025-07-01 15:13:20"
"5506","2272","not responding","98","2025-07-01 15:14:02","2025-07-01 15:14:02"
"5507","2274","not responding","98","2025-07-01 15:14:57","2025-07-01 15:14:57"
"5508","2275","not responding","98","2025-07-01 15:15:41","2025-07-01 15:15:41"
"5509","2276","not answered","98","2025-07-01 15:17:09","2025-07-01 15:17:09"
"5510","2277","call at 2nd half, right now driving,","98","2025-07-01 15:21:10","2025-07-01 15:21:10"
"5511","2278","noot responding","98","2025-07-01 15:21:51","2025-07-01 15:21:51"
"5512","2280","not responding","98","2025-07-01 15:22:40","2025-07-01 15:22:40"
"5513","2281","call again after some time","98","2025-07-01 15:24:23","2025-07-01 15:24:23"
"5514","2283","not responding","98","2025-07-01 15:25:19","2025-07-01 15:25:19"
"5515","2286","not answered","98","2025-07-01 15:27:07","2025-07-01 15:27:07"
"5516","2287","not responding","98","2025-07-01 15:27:47","2025-07-01 15:27:47"
"5517","2289","manager is outside for meeting, call tomorrow","98","2025-07-01 15:29:47","2025-07-01 15:29:47"
"5518","2290","not answered","98","2025-07-01 15:31:13","2025-07-01 15:31:13"
"5519","2290","not answered","98","2025-07-01 15:31:13","2025-07-01 15:31:13"
"5520","2290","not answered","98","2025-07-01 15:31:13","2025-07-01 15:31:13"
"5521","2292","not responding","98","2025-07-01 15:32:04","2025-07-01 15:32:04"
"5522","2294","not responding","98","2025-07-01 15:32:54","2025-07-01 15:32:54"
"5523","2295","not responding","98","2025-07-01 15:33:34","2025-07-01 15:33:34"
"5524","2296","not answered","98","2025-07-01 15:35:05","2025-07-01 15:35:05"
"5525","2299","Not responding","98","2025-07-01 17:29:44","2025-07-01 17:29:44"
"5526","2300","not interested","98","2025-07-01 17:31:48","2025-07-01 17:31:48"
"5527","2301","not answered","98","2025-07-01 17:32:54","2025-07-01 17:32:54"
"5528","2302","not responding","98","2025-07-01 17:33:33","2025-07-01 17:33:33"
"5529","2303","he cut the call during the discussion.","98","2025-07-01 17:35:22","2025-07-01 17:35:22"
"5530","2303","he cut the call during the discussion.","98","2025-07-01 17:35:22","2025-07-01 17:35:22"
"5531","2305","not responding","98","2025-07-01 17:36:22","2025-07-01 17:36:22"
"5532","2306","not responding","98","2025-07-01 17:37:03","2025-07-01 17:37:03"
"5533","2307","not answered","98","2025-07-01 17:38:37","2025-07-01 17:38:37"
"5534","2310","not answered","98","2025-07-01 17:53:10","2025-07-01 17:53:10"
"5535","2311","not answered","98","2025-07-01 17:56:11","2025-07-01 17:56:11"
"5536","2242","Had a meeting with the client ,they own three companies: plastic manufacturing (90% export), agriculture farming, and Band Bery Telecom. They’ve requested a physical meeting and a presentation to our warehouse team. We'll decide the time and schedule it accordingly.","98","2025-07-01 18:19:36","2025-07-01 18:19:36"
"5537","2309","have saved our contact, and wil contact us,","98","2025-07-01 18:37:13","2025-07-01 18:37:13"
"5538","1693","he is on leave today , call tomorrow","98","2025-07-01 18:42:33","2025-07-01 18:42:33"
"5539","2312","he gave me a number of manager , then he will provide  a number of owner, 
but not answered","98","2025-07-01 18:51:32","2025-07-01 18:51:32"
"5540","2312","right now he is busy , call in the mornning.then will further discuss","98","2025-07-01 18:54:25","2025-07-01 18:54:25"
"5541","1498","not required now","98","2025-07-01 20:57:05","2025-07-01 20:57:05"
"5542","1936","havent check the demo, call again at wednesday.","98","2025-07-01 21:00:26","2025-07-01 21:00:26"
"5543","2228","call after some days , he is out of station ,","98","2025-07-02 13:28:07","2025-07-02 13:28:07"
"5544","2234","proposal shared to him through email.","98","2025-07-02 13:41:45","2025-07-02 13:41:45"
"5545","2246","not answered","98","2025-07-02 13:44:38","2025-07-02 13:44:38"
"5546","2247","call at 2nd half, manager  not came yet","98","2025-07-02 13:48:00","2025-07-02 13:48:00"
"5547","2251","Meeting scheduled for friday at 3 pm","98","2025-07-02 13:53:32","2025-07-02 13:53:32"
"5548","1693","he will check his schedule and will tell about the physical meeting date and time.","98","2025-07-02 13:58:25","2025-07-02 13:58:25"
"5549","2266","ask to send messgae at whtatsapp. messgae sent","98","2025-07-02 14:17:03","2025-07-02 14:17:03"
"5550","2279","proposal shared on whatsapp","98","2025-07-02 14:21:02","2025-07-02 14:21:02"
"5551","2281","not answered","98","2025-07-02 14:22:42","2025-07-02 14:22:42"
"5552","2282","proposal shared.","98","2025-07-02 14:24:02","2025-07-02 14:24:02"
"5553","2284","call at 2nd half, manager is outside now.","98","2025-07-02 14:27:22","2025-07-02 14:27:22"
"5554","2231","Meeting completed.  business of spare parts ,Ask to share the detail of inventory managment plus pricing of software.","98","2025-07-02 14:44:34","2025-07-02 14:44:34"
"5555","2267","not responding","98","2025-07-02 14:48:18","2025-07-02 14:48:18"
"5556","2277","not answered","98","2025-07-02 14:49:49","2025-07-02 14:49:49"
"5557","2288","proposal shared today","98","2025-07-02 14:53:12","2025-07-02 14:53:12"
"5558","2289","meeting scheduled for tomorrow at 12 pm","98","2025-07-02 15:00:13","2025-07-02 15:00:13"
"5559","2312","not answered","98","2025-07-02 15:04:30","2025-07-02 15:04:30"
"5560","2303","manager is not available now, and he cut the call during the discussion","98","2025-07-02 15:06:23","2025-07-02 15:06:23"
"5561","2227","not answered","98","2025-07-02 15:08:27","2025-07-02 15:08:27"
"5562","2227","not answered","98","2025-07-02 15:08:27","2025-07-02 15:08:27"
"5563","2230","line busy with another call","98","2025-07-02 15:09:27","2025-07-02 15:09:27"
"5564","2232","not responding","98","2025-07-02 15:10:49","2025-07-02 15:10:49"
"5565","2232","not responding","98","2025-07-02 15:10:49","2025-07-02 15:10:49"
"5566","2235","not responding","98","2025-07-02 15:11:43","2025-07-02 15:11:43"
"5567","2236","not responding","98","2025-07-02 15:13:07","2025-07-02 15:13:07"
"5568","2238","not answered","98","2025-07-02 15:14:25","2025-07-02 15:14:25"
"5569","2239","not responding","98","2025-07-02 15:15:40","2025-07-02 15:15:40"
"5570","2243","not answered","98","2025-07-02 15:17:24","2025-07-02 15:17:24"
"5571","2245","not responding","98","2025-07-02 15:18:15","2025-07-02 15:18:15"
"5572","2248","not responding","98","2025-07-02 15:19:09","2025-07-02 15:19:09"
"5573","2249","not responding","98","2025-07-02 15:20:05","2025-07-02 15:20:05"
"5574","2250","not answered","98","2025-07-02 15:22:11","2025-07-02 15:22:11"
"5575","2253","not responding","98","2025-07-02 15:23:09","2025-07-02 15:23:09"
"5576","2254","not responding","98","2025-07-02 15:24:29","2025-07-02 15:24:29"
"5577","2255","not answered","98","2025-07-02 15:26:08","2025-07-02 15:26:08"
"5578","2257","powered off","98","2025-07-02 15:26:58","2025-07-02 15:26:58"
"5579","2258","not responding","98","2025-07-02 15:27:51","2025-07-02 15:27:51"
"5580","2259","not responding","98","2025-07-02 15:28:41","2025-07-02 15:28:41"
"5581","2260","not answered","98","2025-07-02 15:30:28","2025-07-02 15:30:28"
"5582","2262","not answered","98","2025-07-02 15:32:17","2025-07-02 15:32:17"
"5583","2263","not answered","98","2025-07-02 15:33:53","2025-07-02 15:33:53"
"5584","2268","not responding","98","2025-07-02 15:34:43","2025-07-02 15:34:43"
"5585","2269","not answered","98","2025-07-02 15:38:08","2025-07-02 15:38:08"
"5586","2269","not answered","98","2025-07-02 15:38:08","2025-07-02 15:38:08"
"5587","2270","not answered","98","2025-07-02 15:39:46","2025-07-02 15:39:46"
"5588","2271","not responding","98","2025-07-02 15:40:39","2025-07-02 15:40:39"
"5589","2272","not answered","98","2025-07-02 15:42:47","2025-07-02 15:42:47"
"5590","2272","not answered","98","2025-07-02 15:42:47","2025-07-02 15:42:47"
"5591","2274","not responding","98","2025-07-02 15:44:00","2025-07-02 15:44:00"
"5592","2275","not responding","98","2025-07-02 15:45:00","2025-07-02 15:45:00"
"5593","2278","not responding","98","2025-07-02 17:36:55","2025-07-02 17:36:55"
"5594","2280","not responding","98","2025-07-02 17:37:40","2025-07-02 17:37:40"
"5595","2283","not responding","98","2025-07-02 17:38:25","2025-07-02 17:38:25"
"5596","2286","not answered","98","2025-07-02 17:40:07","2025-07-02 17:40:07"
"5597","2286","not answered","98","2025-07-02 17:40:08","2025-07-02 17:40:08"
"5598","2287","not responding","98","2025-07-02 17:40:53","2025-07-02 17:40:53"
"5599","2290","not answered","98","2025-07-02 17:42:26","2025-07-02 17:42:26"
"5600","2290","not answered","98","2025-07-02 17:42:26","2025-07-02 17:42:26"
"5601","2292","not responding","98","2025-07-02 17:43:11","2025-07-02 17:43:11"
"5602","2292","not responding","98","2025-07-02 17:43:11","2025-07-02 17:43:11"
"5603","2294","not responding","98","2025-07-02 17:43:59","2025-07-02 17:43:59"
"5604","2295","not responding","98","2025-07-02 17:44:42","2025-07-02 17:44:42"
"5605","2296","not answered","98","2025-07-02 17:46:12","2025-07-02 17:46:12"
"5606","2298","not responding","98","2025-07-02 17:46:56","2025-07-02 17:46:56"
"5607","2298","not responding","98","2025-07-02 17:46:56","2025-07-02 17:46:56"
"5608","2299","not responding","98","2025-07-02 17:47:38","2025-07-02 17:47:38"
"5609","2301","not responding","98","2025-07-02 17:48:26","2025-07-02 17:48:26"
"5610","2301","not responding","98","2025-07-02 17:48:26","2025-07-02 17:48:26"
"5611","2302","not responding","98","2025-07-02 17:49:09","2025-07-02 17:49:09"
"5612","2302","not responding","98","2025-07-02 17:49:09","2025-07-02 17:49:09"
"5613","2305","not responding","98","2025-07-02 17:50:20","2025-07-02 17:50:20"
"5614","2305","not responding","98","2025-07-02 17:50:20","2025-07-02 17:50:20"
"5615","2306","not responding","98","2025-07-02 17:51:02","2025-07-02 17:51:02"
"5616","2306","not responding","98","2025-07-02 17:51:03","2025-07-02 17:51:03"
"5617","2307","not answered","98","2025-07-02 17:52:33","2025-07-02 17:52:33"
"5618","2310","not answered","98","2025-07-02 17:54:25","2025-07-02 17:54:25"
"5619","2311","not responding","98","2025-07-02 17:55:25","2025-07-02 17:55:25"
"5620","2313","call transfered to his manager but not answered ny him","98","2025-07-02 18:09:57","2025-07-02 18:09:57"
"5621","2314","not answered","98","2025-07-02 18:12:36","2025-07-02 18:12:36"
"5622","2314","not answered","98","2025-07-02 18:12:36","2025-07-02 18:12:36"
"5623","2315","call again, he will talk to his coordinator,  and then will tell","98","2025-07-02 18:16:21","2025-07-02 18:16:21"
"5624","2316","not responding","98","2025-07-02 18:17:09","2025-07-02 18:17:09"
"5625","2317","he will talk to department  dep ,  and will schedule a meeting for us, call again tomorrow","98","2025-07-02 18:22:50","2025-07-02 18:22:50"
"5626","2318","not responding","98","2025-07-02 18:24:23","2025-07-02 18:24:23"
"5627","2320","not answered","98","2025-07-02 18:27:11","2025-07-02 18:27:11"
"5628","2321","not responding","98","2025-07-02 18:28:22","2025-07-02 18:28:22"
"5629","2322","not responding","98","2025-07-02 18:29:19","2025-07-02 18:29:19"
"5630","2323","shared the number of manager.","98","2025-07-02 18:32:15","2025-07-02 18:32:15"
"5631","2323","call after sometime, he is busy now.","98","2025-07-02 18:34:11","2025-07-02 18:34:11"
"5632","2324","invalid number , not in use","98","2025-07-02 18:35:51","2025-07-02 18:35:51"
"5633","2325","they are already using software , ask to share the details, he will forward to relevant team,  follow up","98","2025-07-02 18:43:46","2025-07-02 18:43:46"
"5634","2326","call after sometime","98","2025-07-02 18:48:32","2025-07-02 18:48:32"
"5635","2327","business are not on the high scale level,, so not required a software.","98","2025-07-02 18:57:22","2025-07-02 18:57:22"
"5636","2328","line busy with another call","98","2025-07-03 13:30:04","2025-07-03 13:30:04"
"5637","2329","not answered","98","2025-07-03 13:32:31","2025-07-03 13:32:31"
"5638","2329","not answered","98","2025-07-03 13:32:31","2025-07-03 13:32:31"
"5639","2332","not answered","98","2025-07-03 13:37:15","2025-07-03 13:37:15"
"5640","2333","not answered","98","2025-07-03 13:40:52","2025-07-03 13:40:52"
"5641","2334","not answered","98","2025-07-03 13:44:00","2025-07-03 13:44:00"
"5642","2335","not answered","98","2025-07-03 13:46:16","2025-07-03 13:46:16"
"5643","2336","not answered","98","2025-07-03 13:47:54","2025-07-03 13:47:54"
"5644","2337","call after sometime, he will talk to it department.","98","2025-07-03 13:52:33","2025-07-03 13:52:33"
"5645","2338","manager is not available now, he gave me the number of his manager, call him","98","2025-07-03 13:55:37","2025-07-03 13:55:37"
"5646","2338","manager is not available now, he gave me the number of his manager, call him","98","2025-07-03 13:55:37","2025-07-03 13:55:37"
"5647","2339","not responding","98","2025-07-03 13:58:25","2025-07-03 13:58:25"
"5648","2341","not responding","98","2025-07-03 14:03:02","2025-07-03 14:03:02"
"5649","2341","not responding","98","2025-07-03 14:03:02","2025-07-03 14:03:02"
"5650","2279","not answered","98","2025-07-03 14:05:19","2025-07-03 14:05:19"
"5651","2279","not answered","98","2025-07-03 14:05:19","2025-07-03 14:05:19"
"5652","2282","he  is busy right now, but call again tomorrow for meeting","98","2025-07-03 14:08:22","2025-07-03 14:08:22"
"5653","2282","he  is busy right now, but call again tomorrow for meeting","98","2025-07-03 14:08:22","2025-07-03 14:08:22"
"5654","2288","havent check, he will check today, call at 2nd half","98","2025-07-03 14:12:15","2025-07-03 14:12:15"
"5655","2325","forwarded to relevant team, he will contact on our number.","98","2025-07-03 14:15:43","2025-07-03 14:15:43"
"5656","2289","can join meeting now, having an urgent work now, he will text on whatsapp,follow up againn","98","2025-07-03 14:32:58","2025-07-03 14:32:58"
"5657","2229","he declined, busy","98","2025-07-03 14:34:37","2025-07-03 14:34:37"
"5658","2246","not answered","98","2025-07-03 14:38:21","2025-07-03 14:38:21"
"5659","2247","he is busy in a meeting, call at 12:30 pm","98","2025-07-03 14:40:51","2025-07-03 14:40:51"
"5660","2242","ask to come at monday 3 pm for meeting","98","2025-07-03 14:43:01","2025-07-03 14:43:01"
"5661","1936","not responding","98","2025-07-03 14:50:39","2025-07-03 14:50:39"
"5662","1936","not answered","98","2025-07-03 14:50:50","2025-07-03 14:50:50"
"5663","2266","construction company, civil works plus mechanical work, right now they have no project, he has saved our number , he will contact us,","98","2025-07-03 15:12:11","2025-07-03 15:12:11"
"5664","2267","not responding","98","2025-07-03 15:14:03","2025-07-03 15:14:03"
"5665","2277","not answered","98","2025-07-03 15:15:15","2025-07-03 15:15:15"
"5666","2281","owner is not here now, call tomorrow","98","2025-07-03 15:18:43","2025-07-03 15:18:43"
"5667","2284","not required, they have  a software house.","98","2025-07-03 15:21:49","2025-07-03 15:21:49"
"5668","2285","he will share the number on whatsapp of relevant person","98","2025-07-03 15:25:42","2025-07-03 15:25:42"
"5669","2312","not answered","98","2025-07-03 15:30:07","2025-07-03 15:30:07"
"5670","2293","busy with another call","98","2025-07-03 15:31:56","2025-07-03 15:31:56"
"5671","2285","other person number is busy","98","2025-07-03 15:34:03","2025-07-03 15:34:03"
"5672","2227","not answered","98","2025-07-03 15:35:40","2025-07-03 15:35:40"
"5673","2230","line busy with another call","98","2025-07-03 15:36:26","2025-07-03 15:36:26"
"5674","2232","not responding","98","2025-07-03 15:38:23","2025-07-03 15:38:23"
"5675","2232","not responding","98","2025-07-03 15:39:58","2025-07-03 15:39:58"
"5676","2235","not responding","98","2025-07-03 15:40:49","2025-07-03 15:40:49"
"5677","2236","not responding","98","2025-07-03 15:41:34","2025-07-03 15:41:34"
"5678","2238","not responding","98","2025-07-03 15:42:32","2025-07-03 15:42:32"
"5679","2239","not responding","98","2025-07-03 15:43:32","2025-07-03 15:43:32"
"5680","2243","not answered","98","2025-07-03 15:45:51","2025-07-03 15:45:51"
"5681","2245","not responding","98","2025-07-03 15:46:35","2025-07-03 15:46:35"
"5682","2248","not responding","98","2025-07-03 15:48:52","2025-07-03 15:48:52"
"5683","2249","not responding","98","2025-07-03 17:43:01","2025-07-03 17:43:01"
"5684","2249","not responding","98","2025-07-03 17:43:01","2025-07-03 17:43:01"
"5685","2250","not answered","98","2025-07-03 17:45:16","2025-07-03 17:45:16"
"5686","2289","he declined, line busy","98","2025-07-03 17:47:09","2025-07-03 17:47:09"
"5687","2289","he declined, line busy","98","2025-07-03 17:47:10","2025-07-03 17:47:10"
"5688","2253","not responding","98","2025-07-03 17:48:07","2025-07-03 17:48:07"
"5689","2254","not responding","98","2025-07-03 17:48:47","2025-07-03 17:48:47"
"5690","2257","powered off","98","2025-07-03 17:49:46","2025-07-03 17:49:46"
"5691","2258","not responding","98","2025-07-03 17:50:45","2025-07-03 17:50:45"
"5692","2259","not responding","98","2025-07-03 17:51:28","2025-07-03 17:51:28"
"5693","2260","not answered","98","2025-07-03 17:53:01","2025-07-03 17:53:01"
"5694","2261","not responding","98","2025-07-03 17:54:18","2025-07-03 17:54:18"
"5695","2261","not responding","98","2025-07-03 17:54:19","2025-07-03 17:54:19"
"5696","2262","not answered","98","2025-07-03 17:56:30","2025-07-03 17:56:30"
"5697","2263","not answered","98","2025-07-03 17:57:59","2025-07-03 17:57:59"
"5698","2268","not responding","98","2025-07-03 18:00:29","2025-07-03 18:00:29"
"5699","2326","ask to share proposal on email. proposal shared","98","2025-07-03 18:08:58","2025-07-03 18:08:58"
"5700","2326","ask to share proposal on email. proposal shared","98","2025-07-03 18:08:58","2025-07-03 18:08:58"
"5701","2323","call tomorow, he is busy now","98","2025-07-03 18:13:03","2025-07-03 18:13:03"
"5702","2322","not responding","98","2025-07-03 18:15:48","2025-07-03 18:15:48"
"5703","2321","not responding","98","2025-07-03 18:16:52","2025-07-03 18:16:52"
"5704","2320","not answered","98","2025-07-03 18:18:58","2025-07-03 18:18:58"
"5705","2319","not responding","98","2025-07-03 18:25:11","2025-07-03 18:25:11"
"5706","2317","right now busy in closing , call after someday","98","2025-07-03 18:27:51","2025-07-03 18:27:51"
"5707","2316","not responding","98","2025-07-03 18:29:09","2025-07-03 18:29:09"
"5708","2315","right now in a meeting, call after sometime.","98","2025-07-03 18:30:37","2025-07-03 18:30:37"
"5709","2314","not answered","98","2025-07-03 18:33:16","2025-07-03 18:33:16"
"5710","2313","call transfered but busy by his manager.","98","2025-07-03 18:36:08","2025-07-03 18:36:08"
"5711","2311","not answered","98","2025-07-03 18:37:39","2025-07-03 18:37:39"
"5712","2310","not answered","98","2025-07-03 18:39:14","2025-07-03 18:39:14"
"5713","2306","not responding","98","2025-07-03 18:40:11","2025-07-03 18:40:11"
"5714","2307","not answered","98","2025-07-03 18:41:51","2025-07-03 18:41:51"
"5715","2305","not responding","98","2025-07-03 18:44:19","2025-07-03 18:44:19"
"5716","2302","not responding","98","2025-07-03 18:47:05","2025-07-03 18:47:05"
"5717","2299","not responding","98","2025-07-03 18:47:43","2025-07-03 18:47:43"
"5718","2270","not answered","98","2025-07-03 18:52:07","2025-07-03 18:52:07"
"5719","2271","not responding","98","2025-07-03 18:52:49","2025-07-03 18:52:49"
"5720","2272","right now manager is not available , call at monday","98","2025-07-03 18:54:40","2025-07-03 18:54:40"
"5721","2341","not responding","98","2025-07-04 13:38:15","2025-07-04 13:38:15"
"5722","2342","ask to share the proposal , proposal shared","98","2025-07-04 13:43:20","2025-07-04 13:43:20"
"5723","2343","not answered","98","2025-07-04 13:45:09","2025-07-04 13:45:09"
"5724","2346","not answered","98","2025-07-04 13:53:36","2025-07-04 13:53:36"
"5725","2346","not answered","98","2025-07-04 13:53:36","2025-07-04 13:53:36"
"5726","2347","not responding","98","2025-07-04 13:54:20","2025-07-04 13:54:20"
"5727","2347","not responding","98","2025-07-04 13:54:20","2025-07-04 13:54:20"
"5728","2348","they are totally busy in closing, 2 months are packed  call after 2 months, and contact rizwan anwar.","98","2025-07-04 14:00:23","2025-07-04 14:00:23"
"5729","2349","not responding","98","2025-07-04 14:03:46","2025-07-04 14:03:46"
"5730","2349","not responding","98","2025-07-04 14:03:46","2025-07-04 14:03:46"
"5731","2350","not responding","98","2025-07-04 14:06:03","2025-07-04 14:06:03"
"5732","2351","not responding","98","2025-07-04 14:06:44","2025-07-04 14:06:44"
"5733","2352","not responding","98","2025-07-04 14:07:52","2025-07-04 14:07:52"
"5734","2352","not responding","98","2025-07-04 14:07:52","2025-07-04 14:07:52"
"5735","2353","right now managewr is budsy in meeting, call after 1 hour.","98","2025-07-04 14:11:37","2025-07-04 14:11:37"
"5736","2354","not responding","98","2025-07-04 14:12:59","2025-07-04 14:12:59"
"5737","2355","not responding","98","2025-07-04 14:14:02","2025-07-04 14:14:02"
"5738","2355","not responding","98","2025-07-04 14:14:02","2025-07-04 14:14:02"
"5739","2356","meeting scheduled for monday at 11:30 am","98","2025-07-04 14:26:48","2025-07-04 14:26:48"
"5740","2357","operators had not came yet, call at 2 pm","98","2025-07-04 14:29:27","2025-07-04 14:29:27"
"5741","2358","not answered","98","2025-07-04 14:31:05","2025-07-04 14:31:05"
"5742","2358","not answered","98","2025-07-04 14:31:05","2025-07-04 14:31:05"
"5743","2229","not answered","98","2025-07-04 14:32:38","2025-07-04 14:32:38"
"5744","1693","not answered","98","2025-07-04 14:34:56","2025-07-04 14:34:56"
"5745","1936","not answered","98","2025-07-04 14:36:42","2025-07-04 14:36:42"
"5746","1936","not answered","98","2025-07-04 14:36:42","2025-07-04 14:36:42"
"5747","2234","ask to come for physical meeting , they are located in dha phase 2 , call at wednesday for reminder, then he  will tell day and time for meeting.","98","2025-07-04 14:41:51","2025-07-04 14:41:51"
"5748","2247","not answered","98","2025-07-04 14:48:08","2025-07-04 14:48:08"
"5749","2256","line busy","98","2025-07-04 14:50:35","2025-07-04 14:50:35"
"5750","2267","not responding","98","2025-07-04 14:51:14","2025-07-04 14:51:14"
"5751","2277","not answered","98","2025-07-04 14:52:40","2025-07-04 14:52:40"
"5752","2281","not answered","98","2025-07-04 14:54:58","2025-07-04 14:54:58"
"5753","2285","not answered","98","2025-07-04 14:57:11","2025-07-04 14:57:11"
"5754","2293","Meeting scheduled for today at 4:15 pm","98","2025-07-04 15:02:37","2025-07-04 15:02:37"
"5755","2313","call at 2pm, right now busy in a meeting","98","2025-07-04 15:15:49","2025-07-04 15:15:49"
"5756","2315","other number is not responding","98","2025-07-04 15:18:39","2025-07-04 15:18:39"
"5757","2323","not answered","98","2025-07-04 15:20:07","2025-07-04 15:20:07"
"5758","2337","Meeting scheduled for today at 3:40 PM","98","2025-07-04 15:27:34","2025-07-04 15:27:34"
"5759","2344","manager is outside, call at 2nd half,","98","2025-07-04 17:03:05","2025-07-04 17:03:05"
"5760","2251","meeting completed, they are using oddo  ask to share the product proposal, he will go through and let us know about it, also refers our software to others client.","98","2025-07-04 18:24:15","2025-07-04 18:24:15"
"5761","2339","not responding","98","2025-07-04 18:36:39","2025-07-04 18:36:39"
"5762","2336","not answered","98","2025-07-04 18:38:13","2025-07-04 18:38:13"
"5763","2336","not answered","98","2025-07-04 18:38:13","2025-07-04 18:38:13"
"5764","2335","not answered","98","2025-07-04 18:41:23","2025-07-04 18:41:23"
"5765","2334","not interested,","98","2025-07-04 18:46:35","2025-07-04 18:46:35"
"5766","2333","call again after sometime, busy in a meeting now","98","2025-07-04 18:53:56","2025-07-04 18:53:56"
"5767","2332","ask to share the profile and proposal, contact at tuesday for meeting","98","2025-07-04 19:01:51","2025-07-04 19:01:51"
"5768","2337","Meeting not attented by client","98","2025-07-04 19:24:53","2025-07-04 19:24:53"
"5769","2293","meeting not attented by client","98","2025-07-04 19:41:30","2025-07-04 19:41:30"
"5770","2337","will discuss with his team and will let us know  about it on monday  , follow up","98","2025-07-04 19:56:59","2025-07-04 19:56:59"
"5771","2229","meeting scheduled for tomorrow at 3 pm","98","2025-07-07 13:37:25","2025-07-07 13:37:25"
"5772","2247","not answered","98","2025-07-07 13:40:27","2025-07-07 13:40:27"
"5773","2256","not responding","98","2025-07-07 13:41:36","2025-07-07 13:41:36"
"5774","2267","not  responding","98","2025-07-07 13:42:25","2025-07-07 13:42:25"
"5775","2267","not  responding","98","2025-07-07 13:42:25","2025-07-07 13:42:25"
"5776","2272","not  answered","98","2025-07-07 13:44:16","2025-07-07 13:44:16"
"5777","2277","not answered","98","2025-07-07 13:47:03","2025-07-07 13:47:03"
"5778","2281","not answered","98","2025-07-07 13:49:43","2025-07-07 13:49:43"
"5779","2356","call after 15 mins, not came yet","98","2025-07-07 13:51:16","2025-07-07 13:51:16"
"5780","2285","not answered","98","2025-07-07 13:53:19","2025-07-07 13:53:19"
"5781","2312","line busy with another call","98","2025-07-07 13:54:46","2025-07-07 13:54:46"
"5782","2312","not answered","98","2025-07-07 13:59:16","2025-07-07 13:59:16"
"5783","2313","Meeting scheduled for tomorrow at 12 pm","98","2025-07-07 14:08:42","2025-07-07 14:08:42"
"5784","2323","not answered","98","2025-07-07 14:10:16","2025-07-07 14:10:16"
"5785","2338","ask to share the detail , proposal shared","98","2025-07-07 14:15:57","2025-07-07 14:15:57"
"5786","2344","line busy with another call","98","2025-07-07 14:21:36","2025-07-07 14:21:36"
"5787","2356","Meeting reschedule for tomorrow at 11:15 am","98","2025-07-07 14:27:20","2025-07-07 14:27:20"
"5788","2353","call after 10 mins","98","2025-07-07 14:31:00","2025-07-07 14:31:00"
"5789","2357","call at 2 pm","98","2025-07-07 14:32:24","2025-07-07 14:32:24"
"5790","2359","not answered","98","2025-07-07 14:35:01","2025-07-07 14:35:01"
"5791","2235","not responding","98","2025-07-07 14:36:22","2025-07-07 14:36:22"
"5792","2343","not answered","98","2025-07-07 14:38:33","2025-07-07 14:38:33"
"5793","2314","not answered","98","2025-07-07 14:43:23","2025-07-07 14:43:23"
"5794","2316","not responding","98","2025-07-07 14:44:31","2025-07-07 14:44:31"
"5795","2318","not responding","98","2025-07-07 14:45:25","2025-07-07 14:45:25"
"5796","2318","not responding","98","2025-07-07 14:45:25","2025-07-07 14:45:25"
"5797","2319","not responding","98","2025-07-07 14:46:09","2025-07-07 14:46:09"
"5798","2319","not responding","98","2025-07-07 14:46:10","2025-07-07 14:46:10"
"5799","2320","not answered","98","2025-07-07 14:47:44","2025-07-07 14:47:44"
"5800","2321","not responding","98","2025-07-07 14:48:34","2025-07-07 14:48:34"
"5801","2322","not responding","98","2025-07-07 14:49:40","2025-07-07 14:49:40"
"5802","2324","not responding","98","2025-07-07 14:50:21","2025-07-07 14:50:21"
"5803","2328","line busy with another call","98","2025-07-07 14:51:16","2025-07-07 14:51:16"
"5804","1693","not answered","98","2025-07-07 14:53:40","2025-07-07 14:53:40"
"5805","2329","not answered","98","2025-07-07 14:56:10","2025-07-07 14:56:10"
"5806","2329","not answered","98","2025-07-07 14:56:10","2025-07-07 14:56:10"
"5807","2333","3 times transfered but not answered,","98","2025-07-07 15:06:14","2025-07-07 15:06:14"
"5808","1679","he is in  a meeting, call later","98","2025-07-07 15:10:28","2025-07-07 15:10:28"
"5809","2335","not answered","98","2025-07-07 15:13:30","2025-07-07 15:13:30"
"5810","2336","not answered","98","2025-07-07 15:15:07","2025-07-07 15:15:07"
"5811","2339","not responding","98","2025-07-07 15:22:08","2025-07-07 15:22:08"
"5812","2341","not responding","98","2025-07-07 15:24:27","2025-07-07 15:24:27"
"5813","2346","not interested","98","2025-07-07 15:26:04","2025-07-07 15:26:04"
"5814","2347","not responding","98","2025-07-07 15:27:51","2025-07-07 15:27:51"
"5815","2350","not responding","98","2025-07-07 15:28:49","2025-07-07 15:28:49"
"5816","2351","call afetr 1 hour, then will decide the time of meeting","98","2025-07-07 15:32:12","2025-07-07 15:32:12"
"5817","2352","not responding","98","2025-07-07 15:46:18","2025-07-07 15:46:18"
"5818","2354","not responding","98","2025-07-07 15:47:06","2025-07-07 15:47:06"
"5819","2355","not responding","98","2025-07-07 15:48:04","2025-07-07 15:48:04"
"5820","2358","not answered","98","2025-07-07 15:49:29","2025-07-07 15:49:29"
"5821","2360","not answered","98","2025-07-07 17:34:32","2025-07-07 17:34:32"
"5822","2279","not answered","98","2025-07-07 17:36:03","2025-07-07 17:36:03"
"5823","2282","not answered","98","2025-07-07 17:38:15","2025-07-07 17:38:15"
"5824","2288","he is in a meeting now, call any other time.","98","2025-07-07 17:41:19","2025-07-07 17:41:19"
"5825","2326","havent check, call again, follow up.","98","2025-07-07 17:43:52","2025-07-07 17:43:52"
"5826","2342","not responding","98","2025-07-07 17:45:06","2025-07-07 17:45:06"
"5827","2361","not responding","98","2025-07-07 17:46:36","2025-07-07 17:46:36"
"5828","2362","not responding","98","2025-07-07 17:47:49","2025-07-07 17:47:49"
"5829","2362","not responding","98","2025-07-07 17:47:49","2025-07-07 17:47:49"
"5830","2363","not answered","98","2025-07-07 17:49:40","2025-07-07 17:49:40"
"5831","2365","not responding","98","2025-07-07 18:02:30","2025-07-07 18:02:30"
"5832","2366","he will contact us,","98","2025-07-07 18:08:12","2025-07-07 18:08:12"
"5833","2367","not responding","98","2025-07-07 18:09:56","2025-07-07 18:09:56"
"5834","2368","proposal shared","98","2025-07-07 18:13:46","2025-07-07 18:13:46"
"5835","2369","ask to share detail at email. our c.e.o will reply","98","2025-07-07 18:18:02","2025-07-07 18:18:02"
"5836","2370","he is busy , call after some time","98","2025-07-07 18:20:40","2025-07-07 18:20:40"
"5837","2371","not answered","98","2025-07-07 18:22:17","2025-07-07 18:22:17"
"5838","2372","not responding","98","2025-07-07 18:23:44","2025-07-07 18:23:44"
"5839","2374","not interested","98","2025-07-07 18:33:25","2025-07-07 18:33:25"
"5840","2375","not answered","98","2025-07-07 18:35:25","2025-07-07 18:35:25"
"5841","2375","not answered","98","2025-07-07 18:35:25","2025-07-07 18:35:25"
"5842","2376","not required, they are 4 members in office","98","2025-07-07 18:42:10","2025-07-07 18:42:10"
"5843","2377","not answered","98","2025-07-07 18:47:21","2025-07-07 18:47:21"
"5844","2378","not responding","98","2025-07-07 18:49:03","2025-07-07 18:49:03"
"5845","2332","havent check the proposal, follow up tomorrow.","98","2025-07-08 13:41:45","2025-07-08 13:41:45"
"5846","2282","not answered","98","2025-07-08 13:43:35","2025-07-08 13:43:35"
"5847","2288","he is in a meeting now, call after sometime","98","2025-07-08 13:47:55","2025-07-08 13:47:55"
"5848","2338","he is in gujrat now, call at monday for meeting","98","2025-07-08 13:51:26","2025-07-08 13:51:26"
"5849","2342","busy in a projects, will let us know through email","98","2025-07-08 13:56:25","2025-07-08 13:56:25"
"5850","2246","call transfered but not answered.","98","2025-07-08 14:01:04","2025-07-08 14:01:04"
"5851","2247","not answered","98","2025-07-08 14:02:55","2025-07-08 14:02:55"
"5852","2256","not answered","98","2025-07-08 14:05:05","2025-07-08 14:05:05"
"5853","2267","not responding","98","2025-07-08 14:05:52","2025-07-08 14:05:52"
"5854","2272","not answered","98","2025-07-08 14:07:37","2025-07-08 14:07:37"
"5855","2277","call at 2nd half","98","2025-07-08 14:15:43","2025-07-08 14:15:43"
"5856","2313","call at 2 pm , right now he is very busy","98","2025-07-08 15:04:01","2025-07-08 15:04:01"
"5857","2356","he is busy in  a meeting , call at 2nd half","98","2025-07-08 15:10:43","2025-07-08 15:10:43"
"5858","2281","line busy with another call","98","2025-07-08 15:19:46","2025-07-08 15:19:46"
"5859","2285","line with another call","98","2025-07-08 15:21:36","2025-07-08 15:21:36"
"5860","2312","not answered","98","2025-07-08 15:30:26","2025-07-08 15:30:26"
"5861","2323","line busy with another call","98","2025-07-08 15:33:51","2025-07-08 15:33:51"
"5862","2344","call at 2nd half . right now manager is not available","98","2025-07-08 15:39:08","2025-07-08 15:39:08"
"5863","2361","not responding","98","2025-07-08 15:46:13","2025-07-08 15:46:13"
"5864","2362","not responding","98","2025-07-08 15:47:04","2025-07-08 15:47:04"
"5865","2367","not responding","98","2025-07-08 15:48:35","2025-07-08 15:48:35"
"5866","2367","not responding","98","2025-07-08 15:48:36","2025-07-08 15:48:36"
"5867","2372","not responding","98","2025-07-08 15:49:27","2025-07-08 15:49:27"
"5868","2235","not responding","98","2025-07-08 15:50:28","2025-07-08 15:50:28"
"5869","2316","not responding","98","2025-07-08 15:53:28","2025-07-08 15:53:28"
"5870","2318","not responding","98","2025-07-08 15:54:24","2025-07-08 15:54:24"
"5871","2318","not responding","98","2025-07-08 15:54:24","2025-07-08 15:54:24"
"5872","2319","not responding","98","2025-07-08 15:55:02","2025-07-08 15:55:02"
"5873","2229","Meeting completed, business of food, restaurants, require, point of sales, inventory  system,he will  let us know about the requirments and details,","98","2025-07-08 18:12:11","2025-07-08 18:12:11"
"5874","2313","not answered","98","2025-07-08 18:16:07","2025-07-08 18:16:07"
"5875","2313","not answered","98","2025-07-08 18:16:07","2025-07-08 18:16:07"
"5876","2356","not answered","98","2025-07-09 13:38:22","2025-07-09 13:38:22"
"5877","2289","he is out of station, call at  next week, then will reschedule","98","2025-07-09 13:42:29","2025-07-09 13:42:29"
"5878","1679","not answered","98","2025-07-09 13:46:29","2025-07-09 13:46:29"
"5879","1693","fully occupied this week, because of administrative work, so call at 21 of july then we can schedule a physical meeting.","98","2025-07-09 13:51:42","2025-07-09 13:51:42"
"5880","1936","he said, i ask my team to check, but he will inform today, call at 2 pm ,","98","2025-07-09 13:57:08","2025-07-09 13:57:08"
"5881","2377","not answered","98","2025-07-09 14:07:47","2025-07-09 14:07:47"
"5882","2378","not responding","98","2025-07-09 14:09:58","2025-07-09 14:09:58"
"5883","2378","not responding","98","2025-07-09 14:11:29","2025-07-09 14:11:29"
"5884","2361","not responding","98","2025-07-09 14:12:25","2025-07-09 14:12:25"
"5885","2379","not responding","98","2025-07-09 14:14:32","2025-07-09 14:14:32"
"5886","2362","not responding","98","2025-07-09 14:16:00","2025-07-09 14:16:00"
"5887","2363","not answered","98","2025-07-09 14:18:24","2025-07-09 14:18:24"
"5888","2365","mamager had not came yet, call at 2nd half","98","2025-07-09 14:21:01","2025-07-09 14:21:01"
"5889","2367","not responding.","98","2025-07-09 14:23:49","2025-07-09 14:23:49"
"5890","2371","not answered","98","2025-07-09 14:26:42","2025-07-09 14:26:42"
"5891","2372","not responding","98","2025-07-09 14:29:31","2025-07-09 14:29:31"
"5892","2375","not interested","98","2025-07-09 14:32:44","2025-07-09 14:32:44"
"5893","2343","not answered","98","2025-07-09 14:35:49","2025-07-09 14:35:49"
"5894","2297","not answering","98","2025-07-09 14:38:46","2025-07-09 14:38:46"
"5895","2316","not responding","98","2025-07-09 14:40:27","2025-07-09 14:40:27"
"5896","2319","not responding","98","2025-07-09 14:42:25","2025-07-09 14:42:25"
"5897","2320","not answered","98","2025-07-09 14:44:12","2025-07-09 14:44:12"
"5898","2234","meeting scheduled for next week at tuesday.for confirmation call at monday ,  a reminder call, he will send the location at whatsapp.","98","2025-07-09 14:50:04","2025-07-09 14:50:04"
"5899","2356","call att 2nd half, not came yet","98","2025-07-09 14:53:50","2025-07-09 14:53:50"
"5900","2313","not answered","98","2025-07-09 14:56:22","2025-07-09 14:56:22"
"5901","2256","not answered","98","2025-07-09 14:59:11","2025-07-09 14:59:11"
"5902","2285","not  answered","98","2025-07-09 15:03:44","2025-07-09 15:03:44"
"5903","2312","meeting scheduled todat at 12 :30 pm.","98","2025-07-09 16:18:04","2025-07-09 16:18:04"
"5904","2312","meeting completed today, ask for hr managment , demo acount has been  shared,","98","2025-07-09 16:19:01","2025-07-09 16:19:01"
"5905","2356","he is outside for meeting, call after 1 hour","98","2025-07-09 17:32:44","2025-07-09 17:32:44"
"5906","2323","not answered","98","2025-07-09 17:41:31","2025-07-09 17:41:31"
"5907","2344","line busy.","98","2025-07-09 17:43:23","2025-07-09 17:43:23"
"5908","2353","call at morning at 9:30 for detailed discussion.","98","2025-07-09 17:49:22","2025-07-09 17:49:22"
"5909","2357","ask to share the detail on whatsapp.","98","2025-07-09 17:52:43","2025-07-09 17:52:43"
"5910","2357","proposal sent","98","2025-07-09 17:55:22","2025-07-09 17:55:22"
"5911","2321","not responding","98","2025-07-09 18:00:05","2025-07-09 18:00:05"
"5912","2322","not responding","98","2025-07-09 18:01:05","2025-07-09 18:01:05"
"5913","2324","not responding","98","2025-07-09 18:02:03","2025-07-09 18:02:03"
"5914","2329","not repondinng","98","2025-07-09 18:04:26","2025-07-09 18:04:26"
"5915","2335","not answered","98","2025-07-09 18:09:08","2025-07-09 18:09:08"
"5916","2339","not responding","98","2025-07-09 18:10:08","2025-07-09 18:10:08"
"5917","2350","not answered","98","2025-07-09 18:11:19","2025-07-09 18:11:19"
"5918","2350","not answered","98","2025-07-09 18:11:19","2025-07-09 18:11:19"
"5919","2351","not answered","98","2025-07-09 18:13:01","2025-07-09 18:13:01"
"5920","2354","not responding","98","2025-07-09 18:14:03","2025-07-09 18:14:03"
"5921","2355","not responding","98","2025-07-09 18:15:01","2025-07-09 18:15:01"
"5922","2358","not answered","98","2025-07-09 18:16:41","2025-07-09 18:16:41"
"5923","2380","call after 20 mins","98","2025-07-09 18:18:17","2025-07-09 18:18:17"
"5924","2381","not responding","98","2025-07-09 18:19:19","2025-07-09 18:19:19"
"5925","2382","not interested","98","2025-07-09 18:22:27","2025-07-09 18:22:27"
"5926","2383","already using software, call  another time , right now busy","98","2025-07-09 18:25:35","2025-07-09 18:25:35"
"5927","2384","he will talk to his team then tell, but they are already using a software. call at friday.","98","2025-07-09 18:33:09","2025-07-09 18:33:09"
"5928","2385","not answered","98","2025-07-09 18:50:42","2025-07-09 18:50:42"
"5929","2386","call after 15 mins","98","2025-07-09 18:52:42","2025-07-09 18:52:42"
"5930","2386","busy with another call","98","2025-07-09 19:11:40","2025-07-09 19:11:40"
"5931","2279","ask to share the proposal again. too much busy schedule .","98","2025-07-09 19:19:58","2025-07-09 19:19:58"
"5932","2282","call at monday , for meeting","98","2025-07-09 19:23:40","2025-07-09 19:23:40"
"5933","2332","not answered","98","2025-07-09 19:27:09","2025-07-09 19:27:09"
"5934","2353","client says extremely busy schedule , but u can call next week, may be we can find some  time for meeting.","98","2025-07-10 12:56:35","2025-07-10 12:56:35"
"5935","2228","not answered","98","2025-07-10 13:32:20","2025-07-10 13:32:20"
"5936","2228","not answered","98","2025-07-10 13:32:20","2025-07-10 13:32:20"
"5937","2233","call at tuesday, still he is  out of station.","98","2025-07-10 13:35:26","2025-07-10 13:35:26"
"5938","2246","not answered","98","2025-07-10 13:39:17","2025-07-10 13:39:17"
"5939","2247","manager has not came yet, call after sometime","98","2025-07-10 13:43:30","2025-07-10 13:43:30"
"5940","2256","not answered","98","2025-07-10 13:45:19","2025-07-10 13:45:19"
"5941","2267","not responding","98","2025-07-10 13:46:05","2025-07-10 13:46:05"
"5942","2272","right now no one is available. call after 1 pm","98","2025-07-10 13:48:06","2025-07-10 13:48:06"
"5943","2272","right now no one is available. call after 1 pm","98","2025-07-10 13:48:07","2025-07-10 13:48:07"
"5944","2277","not answered","98","2025-07-10 13:49:20","2025-07-10 13:49:20"
"5945","2281","not answered","98","2025-07-10 13:50:52","2025-07-10 13:50:52"
"5946","2285","meeting scheduled for monday at 11:30 am","98","2025-07-10 13:59:59","2025-07-10 13:59:59"
"5947","2323","not answered","98","2025-07-10 14:03:10","2025-07-10 14:03:10"
"5948","2368","not answered","98","2025-07-10 14:06:45","2025-07-10 14:06:45"
"5949","2370","already using a sofware, his boss has not came yet, call at 2nd half","98","2025-07-10 14:10:03","2025-07-10 14:10:03"
"5950","2380","not answered","98","2025-07-10 14:12:07","2025-07-10 14:12:07"
"5951","2381","not responding","98","2025-07-10 14:13:36","2025-07-10 14:13:36"
"5952","1867","still they are busy in other projects, but he will surely contact when he will move to coworking space,contact saved.","98","2025-07-10 14:19:05","2025-07-10 14:19:05"
"5953","2385","not answered","98","2025-07-10 14:21:13","2025-07-10 14:21:13"
"5954","2386","very tough schedule right now, call after 12 day, call 25th of july. then will do a meeting","98","2025-07-10 14:25:29","2025-07-10 14:25:29"
"5955","2387","not answered","98","2025-07-10 14:28:07","2025-07-10 14:28:07"
"5956","2389","not answered","98","2025-07-10 15:00:51","2025-07-10 15:00:51"
"5957","2337","he had discussed with his team, right now they are using their current software, but in coming months , if he wants to chamge that software, he will contact us..","98","2025-07-10 15:05:07","2025-07-10 15:05:07"
"5958","2312","not answered","98","2025-07-10 15:09:42","2025-07-10 15:09:42"
"5959","2391","meeting scheduled for monday.","98","2025-07-10 15:16:59","2025-07-10 15:16:59"
"5960","2351","not answered","98","2025-07-10 15:27:11","2025-07-10 15:27:11"
"5961","2392","not answered","98","2025-07-10 15:31:56","2025-07-10 15:31:56"
"5962","2394","not responding","98","2025-07-10 15:35:38","2025-07-10 15:35:38"
"5963","2395","not responding","98","2025-07-10 15:36:48","2025-07-10 15:36:48"
"5964","2396","not responding","98","2025-07-10 15:37:49","2025-07-10 15:37:49"
"5965","2396","not responding","98","2025-07-10 15:37:49","2025-07-10 15:37:49"
"5966","2397","not responding","98","2025-07-10 15:38:30","2025-07-10 15:38:30"
"5967","2356","he will call us...","98","2025-07-10 15:40:15","2025-07-10 15:40:15"
"5968","2313","Meeting scheduled for tomorrow at 3 : 30 pm","98","2025-07-10 15:43:54","2025-07-10 15:43:54"
"5969","2359","not answered","98","2025-07-10 17:41:42","2025-07-10 17:41:42"
"5970","2359","not answered","98","2025-07-10 17:41:42","2025-07-10 17:41:42"
"5971","2279","he will confirm on saturday.","98","2025-07-10 17:44:21","2025-07-10 17:44:21"
"5972","2288","he is in a meeting now.","98","2025-07-10 17:47:39","2025-07-10 17:47:39"
"5973","2326","not answered","98","2025-07-10 17:49:51","2025-07-10 17:49:51"
"5974","2332","not required now","98","2025-07-10 17:51:45","2025-07-10 17:51:45"
"5975","2357","not responding","98","2025-07-10 17:53:44","2025-07-10 17:53:44"
"5976","2377","not answered","98","2025-07-10 17:55:20","2025-07-10 17:55:20"
"5977","2400","Line is busy he cut the call","11","2025-07-10 18:04:03","2025-07-10 18:04:03"
"5978","2378","not responding","98","2025-07-10 18:10:43","2025-07-10 18:10:43"
"5979","2360","call tomorrow then will schedule.","98","2025-07-10 18:13:28","2025-07-10 18:13:28"
"5980","2361","not answered","98","2025-07-10 18:14:21","2025-07-10 18:14:21"
"5981","2379","not responding","98","2025-07-10 18:15:19","2025-07-10 18:15:19"
"5982","2379","not responding","98","2025-07-10 18:16:38","2025-07-10 18:16:38"
"5983","2362","not responding","98","2025-07-10 18:17:25","2025-07-10 18:17:25"
"5984","2363","not answered","98","2025-07-10 18:19:02","2025-07-10 18:19:02"
"5985","2365","not answered","98","2025-07-10 18:22:08","2025-07-10 18:22:08"
"5986","2367","not responding","98","2025-07-10 18:23:11","2025-07-10 18:23:11"
"5987","2401","Said call after 15 mins but we will call tomorrow","11","2025-07-10 18:24:18","2025-07-10 18:24:18"
"5988","2371","ask to share th proposal on whatsapp.","98","2025-07-10 18:25:50","2025-07-10 18:25:50"
"5989","2371","proposal sent","98","2025-07-10 18:27:24","2025-07-10 18:27:24"
"5990","2402","Wrong Number","11","2025-07-10 18:28:57","2025-07-10 18:28:57"
"5991","2403","he gave me the number of his manager","11","2025-07-10 18:33:44","2025-07-10 18:33:44"
"5992","2404","Not answering","11","2025-07-10 18:38:51","2025-07-10 18:38:51"
"5993","2405","Not Answering","11","2025-07-10 18:40:32","2025-07-10 18:40:32"
"5994","2359","today is off, call at monday","98","2025-07-11 13:34:52","2025-07-11 13:34:52"
"5995","2377","not answered","98","2025-07-11 13:36:27","2025-07-11 13:36:27"
"5996","2377","not answered","98","2025-07-11 13:36:27","2025-07-11 13:36:27"
"5997","2385","not answered","98","2025-07-11 13:38:01","2025-07-11 13:38:01"
"5998","2387","not answered","98","2025-07-11 13:40:12","2025-07-11 13:40:12"
"5999","2388","not answered","98","2025-07-11 13:40:57","2025-07-11 13:40:57"
"6000","2389","not answered","98","2025-07-11 13:42:34","2025-07-11 13:42:34"
"6001","2392","not answered","98","2025-07-11 13:44:07","2025-07-11 13:44:07"
"6002","2394","not answered","98","2025-07-11 13:44:46","2025-07-11 13:44:46"
"6003","2395","not responding","98","2025-07-11 13:45:33","2025-07-11 13:45:33"
"6004","2363","not answered","98","2025-07-11 13:47:18","2025-07-11 13:47:18"
"6005","2363","not answered","98","2025-07-11 13:47:18","2025-07-11 13:47:18"
"6006","2343","not answered","98","2025-07-11 13:49:50","2025-07-11 13:49:50"
"6007","2343","not answered","98","2025-07-11 13:49:50","2025-07-11 13:49:50"
"6008","2288","he is out of station, call after 8 to 10 days","98","2025-07-11 14:05:57","2025-07-11 14:05:57"
"6009","2326","call after jumma, right now he is not in the office","98","2025-07-11 14:08:10","2025-07-11 14:08:10"
"6010","2357","not responding","98","2025-07-11 14:09:46","2025-07-11 14:09:46"
"6011","2371","right now no on has come yet, call againafter 2 pm","98","2025-07-11 14:12:06","2025-07-11 14:12:06"
"6012","2228","he declined, line busy","98","2025-07-11 14:13:25","2025-07-11 14:13:25"
"6013","2247","call at saturday for meeting","98","2025-07-11 14:16:36","2025-07-11 14:16:36"
"6014","2277","not answered","98","2025-07-11 14:22:23","2025-07-11 14:22:23"
"6015","2281","not answered","98","2025-07-11 14:24:41","2025-07-11 14:24:41"
"6016","2323","not answered","98","2025-07-11 14:26:56","2025-07-11 14:26:56"
"6017","2344","right now relevant person is not available today , call at monday","98","2025-07-11 14:29:45","2025-07-11 14:29:45"
"6018","2368","not required","98","2025-07-11 14:32:24","2025-07-11 14:32:24"
"6019","2370","ask to share the proposal on email, proposal shared","98","2025-07-11 14:36:09","2025-07-11 14:36:09"
"6020","2380","ask to call after some time, his manager has not came yet","98","2025-07-11 14:57:01","2025-07-11 14:57:01"
"6021","2384","ask to share the proposal on email.","98","2025-07-11 15:02:26","2025-07-11 15:02:26"
"6022","2384","very busy schedule right now.closing time .follow up after some time","98","2025-07-11 15:03:44","2025-07-11 15:03:44"
"6023","2393","owner is not available now, call at monday","98","2025-07-11 15:06:13","2025-07-11 15:06:13"
"6024","2360","not answered","98","2025-07-11 15:07:43","2025-07-11 15:07:43"
"6025","2365","not answered","98","2025-07-11 15:09:21","2025-07-11 15:09:21"
"6026","2351","not answered","98","2025-07-11 15:11:08","2025-07-11 15:11:08"
"6027","2352","not responding","98","2025-07-11 15:12:06","2025-07-11 15:12:06"
"6028","2396","not responding.","98","2025-07-11 15:18:58","2025-07-11 15:18:58"
"6029","2397","not responding","98","2025-07-11 15:19:38","2025-07-11 15:19:38"
"6030","2397","not responding","98","2025-07-11 15:19:38","2025-07-11 15:19:38"
"6031","2398","not responding","98","2025-07-11 15:20:22","2025-07-11 15:20:22"
"6032","2399","c.e.o is not available now, call at 2nd half","98","2025-07-11 15:22:23","2025-07-11 15:22:23"
"6033","2400","not responding","98","2025-07-11 15:23:06","2025-07-11 15:23:06"
"6034","2401","meeting scheduled for tuesday at 3 pm","98","2025-07-11 15:29:28","2025-07-11 15:29:28"
"6035","2402","invalid number","98","2025-07-11 15:30:24","2025-07-11 15:30:24"
"6036","2312","not answered","98","2025-07-11 15:34:11","2025-07-11 15:34:11"
"6037","2312","demo acount follow up message sent at whatsapp","98","2025-07-11 15:38:28","2025-07-11 15:38:28"
"6038","2313","line busy","98","2025-07-11 17:26:16","2025-07-11 17:26:16"
"6039","1679","tehy are very  busy in internal projects , he will let us kknow about us after 1 month, they like our software,","98","2025-07-11 17:32:13","2025-07-11 17:32:13"
"6040","2403","ask for physical meeting at imtiaz city, he wants to make a software for management.","98","2025-07-11 17:43:05","2025-07-11 17:43:05"
"6041","2403","physical meeting scheduled for tomorrow at 1 pm.","98","2025-07-11 17:55:46","2025-07-11 17:55:46"
"6042","2313","mr.amjad is on leave today","98","2025-07-11 18:04:18","2025-07-11 18:04:18"
"6043","2404","call at tuesday , then will decide a time for meeting ,","98","2025-07-11 18:08:15","2025-07-11 18:08:15"
"6044","2405","not responding","98","2025-07-11 18:09:54","2025-07-11 18:09:54"
"6045","2407","not responding","98","2025-07-11 18:12:52","2025-07-11 18:12:52"
"6046","2408","not answered","98","2025-07-11 18:14:39","2025-07-11 18:14:39"
"6047","2409","not responding","98","2025-07-11 18:30:57","2025-07-11 18:30:57"
"6048","2411","declined, line busy","98","2025-07-11 18:36:33","2025-07-11 18:36:33"
"6049","2413","ask to share the proposal , proposal sent","98","2025-07-11 18:41:33","2025-07-11 18:41:33"
"6050","2410","she will talk to her managment team , will let us know","98","2025-07-11 18:44:18","2025-07-11 18:44:18"
"6051","2384","proposal sent","98","2025-07-11 20:43:33","2025-07-11 20:43:33"
"6052","2413","call at monday for meeting","98","2025-07-11 20:47:45","2025-07-11 20:47:45"
"6053","2228","declined,line busy","98","2025-07-14 13:33:06","2025-07-14 13:33:06"
"6054","2246","not answered","98","2025-07-14 13:36:29","2025-07-14 13:36:29"
"6055","2247","call tomorrow , will let us know about meeting","98","2025-07-14 13:40:55","2025-07-14 13:40:55"
"6056","2256","declined, line busy","98","2025-07-14 13:42:27","2025-07-14 13:42:27"
"6057","2272","not answered","98","2025-07-14 13:45:56","2025-07-14 13:45:56"
"6058","2277","not answered","98","2025-07-14 13:49:43","2025-07-14 13:49:43"
"6059","2281","not answered","98","2025-07-14 13:51:36","2025-07-14 13:51:36"
"6060","2323","not answered","98","2025-07-14 14:01:53","2025-07-14 14:01:53"
"6061","2344","call tomorrow, right person is not available today","98","2025-07-14 14:04:43","2025-07-14 14:04:43"
"6062","2353","Meeting scheduled for thursday at 3 :pm","98","2025-07-14 14:12:42","2025-07-14 14:12:42"
"6063","2359","not answered","98","2025-07-14 14:14:30","2025-07-14 14:14:30"
"6064","2380","not answered","98","2025-07-14 14:18:33","2025-07-14 14:18:33"
"6065","2393","meeting scheduled for wednesday at 3 pm.","98","2025-07-14 14:28:05","2025-07-14 14:28:05"
"6066","2360","Not answered","98","2025-07-14 14:37:21","2025-07-14 14:37:21"
"6067","2365","not answered","98","2025-07-14 14:38:59","2025-07-14 14:38:59"
"6068","2317","call after some day,, still busy","98","2025-07-14 14:41:22","2025-07-14 14:41:22"
"6069","2351","deeclined, line busy","98","2025-07-14 14:46:09","2025-07-14 14:46:09"
"6070","2352","not responding","98","2025-07-14 14:47:08","2025-07-14 14:47:08"
"6071","2414","not responding","98","2025-07-14 14:49:51","2025-07-14 14:49:51"
"6072","2415","line busy with another call","98","2025-07-14 14:50:42","2025-07-14 14:50:42"
"6073","2417","not answered","98","2025-07-14 14:56:49","2025-07-14 14:56:49"
"6074","2418","Meeting scheduled for friday at 3 pm.","98","2025-07-14 15:05:21","2025-07-14 15:05:21"
"6075","2242","call at next monday, busy on sites.","98","2025-07-14 15:29:46","2025-07-14 15:29:46"
"6076","2312","not answered","98","2025-07-14 15:32:03","2025-07-14 15:32:03"
"6077","2421","Not Responding","11","2025-07-14 15:40:56","2025-07-14 15:40:56"
"6078","2422","not responding","11","2025-07-14 15:44:57","2025-07-14 15:44:57"
"6079","2423","03127703328 call on whatsapp","11","2025-07-14 16:03:14","2025-07-14 16:03:14"
"6080","2285","Meeting completed, ask for inventory managment,ask to share the requirment proposal , required customized software,","98","2025-07-14 16:03:29","2025-07-14 16:03:29"
"6081","2279","call again at saturday for meeting","98","2025-07-14 18:17:28","2025-07-14 18:17:28"
"6082","2424","Not responding","11","2025-07-14 18:26:52","2025-07-14 18:26:52"
"6083","2338","Meeting scheduled for tomorrow at 4 pm","98","2025-07-14 18:26:53","2025-07-14 18:26:53"
"6084","2413","not answered","98","2025-07-14 18:29:00","2025-07-14 18:29:00"
"6085","2426","Not Responding","11","2025-07-14 18:31:25","2025-07-14 18:31:25"
"6086","2430","will contact us..","98","2025-07-15 13:37:40","2025-07-15 13:37:40"
"6087","2441","ask to share the  websites which we have designed,follow up","98","2025-07-15 14:44:44","2025-07-15 14:44:44"
"6088","2449","not responding","98","2025-07-15 14:54:12","2025-07-15 14:54:12"
"6089","2461","line busy with another call","98","2025-07-15 15:05:07","2025-07-15 15:05:07"
"6090","2465","not answered","98","2025-07-15 15:09:31","2025-07-15 15:09:31"
"6091","2469","not responding","98","2025-07-15 15:14:16","2025-07-15 15:14:16"
"6092","2471","not responding","98","2025-07-15 15:16:15","2025-07-15 15:16:15"
"6093","2472","invalid number","98","2025-07-15 15:17:37","2025-07-15 15:17:37"
"6094","2472","othr number is  not responding","98","2025-07-15 15:19:14","2025-07-15 15:19:14"
"6095","2473","call after sometime, owner is not available now.","98","2025-07-15 15:26:17","2025-07-15 15:26:17"
"6096","2474","not asnwered","98","2025-07-15 15:30:43","2025-07-15 15:30:43"
"6097","2475","not responding","98","2025-07-15 15:32:01","2025-07-15 15:32:01"
"6098","2478","line busy","98","2025-07-15 15:34:04","2025-07-15 15:34:04"
"6099","2486","not responding","98","2025-07-15 15:42:35","2025-07-15 15:42:35"
"6100","2492","call at evening , he will talk to his organizatio team,","98","2025-07-15 17:51:25","2025-07-15 17:51:25"
"6101","2494","not responding","98","2025-07-15 17:52:29","2025-07-15 17:52:29"
"6102","2495","ask to share the portfolio, sent","98","2025-07-15 17:57:03","2025-07-15 17:57:03"
"6103","2496","not answered","98","2025-07-15 17:58:35","2025-07-15 17:58:35"
"6104","2497","call after 25 mins","98","2025-07-15 18:00:30","2025-07-15 18:00:30"
"6105","2497","call after 25 mins","98","2025-07-15 18:00:31","2025-07-15 18:00:31"
"6106","2499","call at 5 pm","98","2025-07-15 18:02:11","2025-07-15 18:02:11"
"6107","2501","not responding","98","2025-07-15 18:06:48","2025-07-15 18:06:48"
"6108","2502","not responding","98","2025-07-15 18:07:38","2025-07-15 18:07:38"
"6109","2503","not  interested","98","2025-07-15 18:13:21","2025-07-15 18:13:21"
"6110","2507","not answered","98","2025-07-15 18:21:41","2025-07-15 18:21:41"
"6111","2508","call after sometime, right person is not available,","98","2025-07-15 18:23:25","2025-07-15 18:23:25"
"6112","2510","not answered","98","2025-07-16 13:36:24","2025-07-16 13:36:24"
"6113","2510","not responding","98","2025-07-16 13:36:36","2025-07-16 13:36:36"
"6114","2511","not responding","98","2025-07-16 13:37:38","2025-07-16 13:37:38"
"6115","2513","not answered","98","2025-07-16 13:43:34","2025-07-16 13:43:34"
"6116","2523","not responding","98","2025-07-16 13:55:37","2025-07-16 13:55:37"
"6117","2525","not responding","98","2025-07-16 13:56:19","2025-07-16 13:56:19"
"6118","2526","not responding","98","2025-07-16 14:18:07","2025-07-16 14:18:07"
"6119","2527","other perosn said, owner has not came yet, call after 1 pm","98","2025-07-16 14:20:27","2025-07-16 14:20:27"
"6120","2528","not answered","98","2025-07-16 14:22:02","2025-07-16 14:22:02"
"6121","2533","not answered","98","2025-07-16 14:27:04","2025-07-16 14:27:04"
"6122","2536","not responding","98","2025-07-16 14:27:44","2025-07-16 14:27:44"
"6123","2536","not responding","98","2025-07-16 14:27:45","2025-07-16 14:27:45"
"6124","2549","not responding","98","2025-07-16 14:28:23","2025-07-16 14:28:23"
"6125","2554","not answered","98","2025-07-16 14:39:23","2025-07-16 14:39:23"
"6126","2557","not answered","98","2025-07-16 14:42:58","2025-07-16 14:42:58"
"6127","2561","not responding","98","2025-07-16 14:52:07","2025-07-16 14:52:07"
"6128","2573","right now not required","98","2025-07-16 15:02:15","2025-07-16 15:02:15"
"6129","2574","already have, not required","98","2025-07-16 15:11:36","2025-07-16 15:11:36"
"6130","6492","ask to share the proposal, proposal shared","98","2025-07-16 17:35:20","2025-07-16 17:35:20"
"6131","6519","not answered","98","2025-07-16 18:24:55","2025-07-16 18:24:55"
"6132","6519","not answered","98","2025-07-16 18:24:55","2025-07-16 18:24:55"
"6133","2285","proposal shared","98","2025-07-16 18:44:57","2025-07-16 18:44:57"
"6134","6489","not required","98","2025-07-18 13:47:39","2025-07-18 13:47:39"
"6135","6514","not responding","98","2025-07-18 13:52:54","2025-07-18 13:52:54"
"6136","6516","not responding","98","2025-07-18 13:53:49","2025-07-18 13:53:49"
"6137","6519","not answered","98","2025-07-18 13:55:13","2025-07-18 13:55:13"
"6138","6531","not answered","98","2025-07-18 13:57:10","2025-07-18 13:57:10"
"6139","6534","line busy with another call","98","2025-07-18 13:58:18","2025-07-18 13:58:18"
"6140","6536","not responding","98","2025-07-18 13:59:33","2025-07-18 13:59:33"
"6141","6540","not responding","98","2025-07-18 14:00:40","2025-07-18 14:00:40"
"6142","6548","not interested","98","2025-07-18 14:10:30","2025-07-18 14:10:30"
"6143","6549","not answered","98","2025-07-18 14:12:15","2025-07-18 14:12:15"
"6144","6554","not required,","98","2025-07-18 14:15:30","2025-07-18 14:15:30"
"6145","6563","they rent out others, i asked him to send others number.","98","2025-07-18 14:20:42","2025-07-18 14:20:42"
"6146","6568","not responding","98","2025-07-18 14:28:06","2025-07-18 14:28:06"
"6147","6535","right now they dont want to make a website ,, infuture , he will contact","98","2025-07-18 14:53:12","2025-07-18 14:53:12"
"6148","2285","proposal was shared to their team. they will provide a feedback,, after 2 3 days, but according to him, its very expensive , ....","98","2025-07-18 15:01:14","2025-07-18 15:01:14"
"6149","2234","not properly reviewd,,, he wil provide feedback at monday,","98","2025-07-18 15:02:05","2025-07-18 15:02:05"
"6150","6488","not responding","98","2025-07-18 15:04:30","2025-07-18 15:04:30"
"6151","6490","not responding","98","2025-07-18 15:05:25","2025-07-18 15:05:25"
"6152","2353","call at tuesday for meeting.","98","2025-07-18 15:11:55","2025-07-18 15:11:55"
"6153","2353","Meeting scheduled for tuesdat 3 : 30 pm","98","2025-07-18 15:13:15","2025-07-18 15:13:15"
"6154","6493","not responding","98","2025-07-18 15:17:38","2025-07-18 15:17:38"
"6155","6504","not required","98","2025-07-18 15:20:21","2025-07-18 15:20:21"
"6156","6510","client says that,our business are totally closed, no need of any services.","98","2025-07-18 15:24:24","2025-07-18 15:24:24"
"6157","6513","during the disscussion, he cut the call","98","2025-07-18 15:26:46","2025-07-18 15:26:46"
"6158","6513","not answered","98","2025-07-18 15:27:56","2025-07-18 15:27:56"
"6159","6522","call at 2nd half, he will provide a number of relevant person","98","2025-07-18 15:31:35","2025-07-18 15:31:35"
"6160","6541","he said right now going for jumma, call at 3 pm","98","2025-07-18 15:34:34","2025-07-18 15:34:34"
"6161","6550","powered off","98","2025-07-18 15:36:37","2025-07-18 15:36:37"
"6162","6552","not answered","98","2025-07-18 15:38:20","2025-07-18 15:38:20"
"6163","6555","powered off","98","2025-07-18 15:40:06","2025-07-18 15:40:06"
"6164","6556","not answered","98","2025-07-18 15:41:27","2025-07-18 15:41:27"
"6165","6558","not answered","98","2025-07-18 15:42:48","2025-07-18 15:42:48"
"6166","6561","not required","98","2025-07-18 15:44:24","2025-07-18 15:44:24"
"6167","6562","not required","98","2025-07-18 15:48:26","2025-07-18 15:48:26"
"6168","6574","not answered","98","2025-07-18 15:50:00","2025-07-18 15:50:00"
"6169","6565","line busy with another call","98","2025-07-18 17:31:29","2025-07-18 17:31:29"
"6170","6566","not asnwered","98","2025-07-18 17:33:22","2025-07-18 17:33:22"
"6171","6572","powered off","98","2025-07-18 17:38:09","2025-07-18 17:38:09"
"6172","6573","not responding","98","2025-07-18 17:40:16","2025-07-18 17:40:16"
"6173","6577","ask to share deatil on whatsapp,will contact","98","2025-07-18 17:44:13","2025-07-18 17:44:13"
"6174","6579","ask to share detail on whatsappp","98","2025-07-18 17:52:22","2025-07-18 17:52:22"
"6175","6580","not required","98","2025-07-18 17:54:35","2025-07-18 17:54:35"
"6176","6584","not interested","98","2025-07-18 17:56:57","2025-07-18 17:56:57"
"6177","6585","not responding","98","2025-07-18 17:58:14","2025-07-18 17:58:14"
"6178","6588","not interested","98","2025-07-18 18:05:07","2025-07-18 18:05:07"
"6179","6593","he declined the call dusring the discussion.","98","2025-07-18 18:07:40","2025-07-18 18:07:40"
"6180","6594","powered off","98","2025-07-18 18:08:42","2025-07-18 18:08:42"
"6181","6491","not interested","98","2025-07-18 18:10:28","2025-07-18 18:10:28"
"6182","6488","not interested","98","2025-07-21 13:34:32","2025-07-21 13:34:32"
"6183","6490","powered off","98","2025-07-21 13:35:38","2025-07-21 13:35:38"
"6184","6493","not responding","98","2025-07-21 13:36:59","2025-07-21 13:36:59"
"6185","6514","share the number of GM","98","2025-07-21 14:00:44","2025-07-21 14:00:44"
"6186","6516","shared the number of gm.","98","2025-07-21 14:01:40","2025-07-21 14:01:40"
"6187","6514","ask to share the proposal on whatsapp","98","2025-07-21 14:02:31","2025-07-21 14:02:31"
"6188","6519","not answered","98","2025-07-21 14:04:23","2025-07-21 14:04:23"
"6189","6522","not  responding","98","2025-07-21 14:05:57","2025-07-21 14:05:57"
"6190","6522","not  responding","98","2025-07-21 14:05:57","2025-07-21 14:05:57"
"6191","6531","not answered","98","2025-07-21 14:07:19","2025-07-21 14:07:19"
"6192","6531","not answered","98","2025-07-21 14:07:19","2025-07-21 14:07:19"
"6193","6534","the  person is not answering properly and seems to have trouble understanding the things we’re discussing. It’s getting a bit difficult to move forward because of that.","98","2025-07-21 14:14:13","2025-07-21 14:14:13"
"6194","6536","not responding","98","2025-07-21 14:14:56","2025-07-21 14:14:56"
"6195","6540","not answered","98","2025-07-21 14:29:47","2025-07-21 14:29:47"
"6196","6549","not  answered","98","2025-07-21 14:31:19","2025-07-21 14:31:19"
"6197","6550","powered off","98","2025-07-21 14:32:29","2025-07-21 14:32:29"
"6198","6552","not answered","98","2025-07-21 14:34:16","2025-07-21 14:34:16"
"6199","6555","in a meeting, call after sometime,","98","2025-07-21 14:35:49","2025-07-21 14:35:49"
"6200","6556","not answered","98","2025-07-21 14:37:12","2025-07-21 14:37:12"
"6201","6558","not answered","98","2025-07-21 14:40:38","2025-07-21 14:40:38"
"6202","6565","during the discussion , he cut the call, i cll again but he declined","98","2025-07-21 14:43:26","2025-07-21 14:43:26"
"6203","6566","line busy","98","2025-07-21 14:44:37","2025-07-21 14:44:37"
"6204","6566","line busy","98","2025-07-21 14:44:37","2025-07-21 14:44:37"
"6205","6568","no answered","98","2025-07-21 14:48:56","2025-07-21 14:48:56"
"6206","2234","he will review today, but he said he have a price issue.","98","2025-07-21 14:54:17","2025-07-21 14:54:17"
"6207","6572","powered off","98","2025-07-21 15:23:25","2025-07-21 15:23:25"
"6208","6572","powered off","98","2025-07-21 15:23:25","2025-07-21 15:23:25"
"6209","6573","not responding","98","2025-07-21 15:24:21","2025-07-21 15:24:21"
"6210","6573","not responding","98","2025-07-21 15:24:22","2025-07-21 15:24:22"
"6211","6574","not responding","98","2025-07-21 15:25:44","2025-07-21 15:25:44"
"6212","6574","not responding","98","2025-07-21 15:25:44","2025-07-21 15:25:44"
"6213","6574","not responding","98","2025-07-21 15:25:44","2025-07-21 15:25:44"
"6214","6585","busy with another call","98","2025-07-21 15:29:48","2025-07-21 15:29:48"
"6215","6594","powered off","98","2025-07-21 15:30:47","2025-07-21 15:30:47"
"6216","6596","not required for this..","98","2025-07-21 15:33:32","2025-07-21 15:33:32"
"6217","6600","powered off","98","2025-07-21 15:34:30","2025-07-21 15:34:30"
"6218","6541","meeting completed, he wants to revamp their website....","98","2025-07-21 15:37:20","2025-07-21 15:37:20"
"6219","6601","he is outside, call later","98","2025-07-21 15:40:09","2025-07-21 15:40:09"
"6220","2242","call tomorrow for the feedback of their team, he will discuss today","98","2025-07-21 15:45:52","2025-07-21 15:45:52"
"6221","2312","havent check the demo, he will check in 2 days , call at wednesday,","98","2025-07-21 15:48:20","2025-07-21 15:48:20"
"6222","6605","not answered","98","2025-07-21 17:38:25","2025-07-21 17:38:25"
"6223","6608","ask to share the proposals , proposal shared","98","2025-07-21 17:45:48","2025-07-21 17:45:48"
"6224","6608","ask to share the proposals , proposal shared","98","2025-07-21 17:45:49","2025-07-21 17:45:49"
"6225","6614","powered off","98","2025-07-21 17:48:32","2025-07-21 17:48:32"
"6226","6616","firstly he pic, but he cut the call, i called again, but  not responding","98","2025-07-21 17:55:03","2025-07-21 17:55:03"
"6227","6618","not responding","98","2025-07-21 17:58:40","2025-07-21 17:58:40"
"6228","6619","not ressponding","98","2025-07-21 18:00:49","2025-07-21 18:00:49"
"6229","6622","line busy","98","2025-07-21 18:02:07","2025-07-21 18:02:07"
"6230","6577","powered off","98","2025-07-21 18:13:13","2025-07-21 18:13:13"
"6231","6579","havent check yet, in  a meeting now","98","2025-07-21 18:15:03","2025-07-21 18:15:03"
"6232","6492","proposal sent again","98","2025-07-21 18:18:11","2025-07-21 18:18:11"
"6233","6629","meeting scheduled for tomorrow at 11 am","98","2025-07-21 18:26:23","2025-07-21 18:26:23"
"6234","6632","not answered","98","2025-07-21 18:30:17","2025-07-21 18:30:17"
"6235","6633","not interested","98","2025-07-21 18:39:47","2025-07-21 18:39:47"
"6236","6636","powered off","98","2025-07-21 18:40:54","2025-07-21 18:40:54"
"6237","6637","not interested","98","2025-07-21 18:43:25","2025-07-21 18:43:25"
"6238","6638","call again after some time , he is in  a  meeting,","98","2025-07-21 18:47:33","2025-07-21 18:47:33"
"6239","6639","not responding","98","2025-07-21 18:48:41","2025-07-21 18:48:41"
"6240","6641","call tomorrow for detail discussion.","98","2025-07-21 18:52:06","2025-07-21 18:52:06"
"6241","6638","line busy with another call","98","2025-07-21 19:33:10","2025-07-21 19:33:10"
"6242","6644","not answered","98","2025-07-22 13:31:15","2025-07-22 13:31:15"
"6243","6645","he declined, line busy","98","2025-07-22 13:34:10","2025-07-22 13:34:10"
"6244","6652","not interested","98","2025-07-22 13:36:58","2025-07-22 13:36:58"
"6245","6654","not required","98","2025-07-22 13:39:57","2025-07-22 13:39:57"
"6246","6659","not answered","98","2025-07-22 13:41:58","2025-07-22 13:41:58"
"6247","6663","declined, line busy","98","2025-07-22 13:43:42","2025-07-22 13:43:42"
"6248","6665","They are already in the process of developing a website.","98","2025-07-22 13:47:56","2025-07-22 13:47:56"
"6249","6670","not required","98","2025-07-22 13:51:47","2025-07-22 13:51:47"
"6250","6673","not required","98","2025-07-22 13:53:49","2025-07-22 13:53:49"
"6251","6676","line busy","98","2025-07-22 13:54:52","2025-07-22 13:54:52"
"6252","6678","not required","98","2025-07-22 13:56:47","2025-07-22 13:56:47"
"6253","6680","right now in a meeting, ask to sent a message on whatssapp.","98","2025-07-22 14:11:58","2025-07-22 14:11:58"
"6254","6681","right now not required, but if required he will contact .","98","2025-07-22 14:17:30","2025-07-22 14:17:30"
"6255","6682","call tomorrow ,,he will provide the number of other relevant person","98","2025-07-22 14:21:29","2025-07-22 14:21:29"
"6256","6687","not answered","98","2025-07-22 14:48:02","2025-07-22 14:48:02"
"6257","6694","not required","98","2025-07-22 14:50:44","2025-07-22 14:50:44"
"6258","6697","not required","98","2025-07-22 15:02:01","2025-07-22 15:02:01"
"6259","6701","They are already in the process of developing a website.","98","2025-07-22 15:08:55","2025-07-22 15:08:55"
"6260","6703","ask to share the detail on whatsapp. shared","98","2025-07-22 15:11:45","2025-07-22 15:11:45"
"6261","2285","they are waiting for the c.e.o response, but all team members are also have an issue on price, , he ask for 1 week time, then we will discuss further, contact after 1 week.","98","2025-07-22 15:24:58","2025-07-22 15:24:58"
"6262","2234","ask to minimize the price,","98","2025-07-22 15:30:06","2025-07-22 15:30:06"
"6263","2242","line busy","98","2025-07-22 15:32:26","2025-07-22 15:32:26"
"6264","6605","not responding","98","2025-07-22 15:34:02","2025-07-22 15:34:02"
"6265","6614","powered off","98","2025-07-22 15:35:00","2025-07-22 15:35:00"
"6266","6619","line busy with another call","98","2025-07-22 15:38:08","2025-07-22 15:38:08"
"6267","6622","ask to share the detail, he will contact , when required.","98","2025-07-22 15:46:02","2025-07-22 15:46:02"
"6268","6623","not answered","98","2025-07-22 15:47:41","2025-07-22 15:47:41"
"6269","6632","not answered","98","2025-07-22 15:49:06","2025-07-22 15:49:06"
"6270","6636","not responding","98","2025-07-22 15:49:58","2025-07-22 15:49:58"
"6271","6639","not responding","98","2025-07-22 15:50:57","2025-07-22 15:50:57"
"6272","6639","not responding","98","2025-07-22 15:50:57","2025-07-22 15:50:57"
"6273","6601","too much noise distortion,","98","2025-07-22 17:40:50","2025-07-22 17:40:50"
"6274","6638","not answered","98","2025-07-22 17:42:54","2025-07-22 17:42:54"
"6275","6641","line busy with another call","98","2025-07-22 17:44:02","2025-07-22 17:44:02"
"6276","6704","not responding 
not responding","11","2025-07-22 17:47:11","2025-07-22 17:47:11"
"6277","6492","not answered","98","2025-07-22 17:48:07","2025-07-22 17:48:07"
"6278","6514","line busy with another call","98","2025-07-22 17:50:11","2025-07-22 17:50:11"
"6279","6706","Not responding","11","2025-07-22 17:50:25","2025-07-22 17:50:25"
"6280","6706","Not responding","11","2025-07-22 17:50:44","2025-07-22 17:50:44"
"6281","6577","powered off","98","2025-07-22 17:51:07","2025-07-22 17:51:07"
"6282","6709","not interested","11","2025-07-22 17:53:33","2025-07-22 17:53:33"
"6283","6579","declined. line busy","98","2025-07-22 17:54:46","2025-07-22 17:54:46"
"6284","6608","not answered","98","2025-07-22 17:57:29","2025-07-22 17:57:29"
"6285","6716","not answered","98","2025-07-22 18:04:43","2025-07-22 18:04:43"
"6286","6717","ask to share the detail on whatsapp, will contact if need","98","2025-07-22 18:07:06","2025-07-22 18:07:06"
"6287","6719","line busy with another call","98","2025-07-22 18:11:01","2025-07-22 18:11:01"
"6288","6720","not required","98","2025-07-22 18:13:51","2025-07-22 18:13:51"
"6289","6721","line busy  with another call","98","2025-07-22 18:15:29","2025-07-22 18:15:29"
"6290","6725","not responding","98","2025-07-22 18:18:53","2025-07-22 18:18:53"
"6291","6710","not responding","11","2025-07-22 18:20:30","2025-07-22 18:20:30"
"6292","6726","not a company","98","2025-07-22 18:21:24","2025-07-22 18:21:24"
"6293","6728","ask to share the details on whatsapp, detailed shared","98","2025-07-22 18:24:36","2025-07-22 18:24:36"
"6294","6729","Call next week for meeting","11","2025-07-22 18:28:56","2025-07-22 18:28:56"
"6295","6733","when they need services they will contact us","11","2025-07-22 18:40:01","2025-07-22 18:40:01"
"6296","2353","using a complete microsoft solution  ,,Ask to share the demo acount , will discuss and , will do a meeting again...","98","2025-07-22 18:45:08","2025-07-22 18:45:08"
"6297","2353","using a complete microsoft solution  ,,Ask to share the demo acount , will discuss and , will do a meeting again...","98","2025-07-22 18:45:12","2025-07-22 18:45:12"
"6298","6738","not responding","11","2025-07-22 18:46:55","2025-07-22 18:46:55"
"6299","6741","they asked us to send the proposal","11","2025-07-22 18:50:16","2025-07-22 18:50:16"
"6300","6738","he cut the call midway","11","2025-07-22 18:54:38","2025-07-22 18:54:38"
"6301","2353","demo acount has been sent..","98","2025-07-22 19:00:28","2025-07-22 19:00:28"
"6302","6742","they will contact us when they need our services","11","2025-07-22 19:00:44","2025-07-22 19:00:44"
"6303","6741","proposal shared","98","2025-07-22 19:57:38","2025-07-22 19:57:38"
"6304","6629","meeting completed .","98","2025-07-22 20:32:18","2025-07-22 20:32:18"
"6305","6682","not answered","98","2025-07-23 13:44:02","2025-07-23 13:44:02"
"6306","6728","he wants to upgrade his website , right now he is busy , he will call when he get free","98","2025-07-23 13:46:42","2025-07-23 13:46:42"
"6307","6811","Powered off","11","2025-07-23 13:50:05","2025-07-23 13:50:05"
"6308","6516","the shared he shared is invalid","98","2025-07-23 13:53:14","2025-07-23 13:53:14"
"6309","6812","they asked us to send proposal","11","2025-07-23 13:54:53","2025-07-23 13:54:53"
"6310","6516","not responding","98","2025-07-23 13:56:38","2025-07-23 13:56:38"
"6311","6516","not responding","98","2025-07-23 13:56:38","2025-07-23 13:56:38"
"6312","6813","Not interested","11","2025-07-23 14:00:41","2025-07-23 14:00:41"
"6313","6812","proposal sent","98","2025-07-23 14:02:21","2025-07-23 14:02:21"
"6314","6638","not answered","98","2025-07-23 14:05:18","2025-07-23 14:05:18"
"6315","6641","not required now,","98","2025-07-23 14:07:08","2025-07-23 14:07:08"
"6316","6814","Not Interested","11","2025-07-23 14:07:46","2025-07-23 14:07:46"
"6317","6644","not required","98","2025-07-23 14:09:31","2025-07-23 14:09:31"
"6318","6645","not answered","98","2025-07-23 14:11:04","2025-07-23 14:11:04"
"6319","6659","not required","98","2025-07-23 14:12:35","2025-07-23 14:12:35"
"6320","6663","he will coordinate in future, ask to sent a message on whatsapp","98","2025-07-23 14:16:15","2025-07-23 14:16:15"
"6321","6676","not required","98","2025-07-23 14:20:47","2025-07-23 14:20:47"
"6322","6687","ask to share the proposal ,  call at 2nd half","98","2025-07-23 14:23:32","2025-07-23 14:23:32"
"6323","6687","proposal sent","98","2025-07-23 14:25:05","2025-07-23 14:25:05"
"6324","6815","powered off","11","2025-07-23 14:30:10","2025-07-23 14:30:10"
"6325","6816","not interested","11","2025-07-23 14:32:21","2025-07-23 14:32:21"
"6326","6824","not responding","11","2025-07-23 14:36:08","2025-07-23 14:36:08"
"6327","6695","not answered","98","2025-07-23 14:38:29","2025-07-23 14:38:29"
"6328","6828","they already have a website","11","2025-07-23 14:38:38","2025-07-23 14:38:38"
"6329","6719","not answered","98","2025-07-23 14:40:47","2025-07-23 14:40:47"
"6330","6829","powered off","11","2025-07-23 14:41:20","2025-07-23 14:41:20"
"6331","6833","powered of","11","2025-07-23 14:42:41","2025-07-23 14:42:41"
"6332","6835","powered off","11","2025-07-23 14:44:48","2025-07-23 14:44:48"
"6333","6721","not answered","98","2025-07-23 14:46:18","2025-07-23 14:46:18"
"6334","6838","Not Responding","11","2025-07-23 14:47:53","2025-07-23 14:47:53"
"6335","6721","call afte sometine, he is in a meeting","98","2025-07-23 14:48:41","2025-07-23 14:48:41"
"6336","6725","not responding","98","2025-07-23 14:49:21","2025-07-23 14:49:21"
"6337","6840","he cut the call","11","2025-07-23 14:51:25","2025-07-23 14:51:25"
"6338","6743","ask to share the details on whatsapp","98","2025-07-23 14:52:02","2025-07-23 14:52:02"
"6339","6846","not interested","11","2025-07-23 14:53:33","2025-07-23 14:53:33"
"6340","6755","not answered","98","2025-07-23 14:56:20","2025-07-23 14:56:20"
"6341","6755","not answered","98","2025-07-23 14:56:20","2025-07-23 14:56:20"
"6342","6848","not answered","11","2025-07-23 14:57:54","2025-07-23 14:57:54"
"6343","6852","not responding","11","2025-07-23 15:02:40","2025-07-23 15:02:40"
"6344","6756","not interested","98","2025-07-23 15:05:12","2025-07-23 15:05:12"
"6345","6854","not answered","11","2025-07-23 15:05:23","2025-07-23 15:05:23"
"6346","6856","not responding","11","2025-07-23 15:06:35","2025-07-23 15:06:35"
"6347","6761","They already have a website","98","2025-07-23 15:07:43","2025-07-23 15:07:43"
"6348","6767","not interested","98","2025-07-23 15:09:28","2025-07-23 15:09:28"
"6349","6848","ask to share the details, detail shared","98","2025-07-23 15:11:38","2025-07-23 15:11:38"
"6350","6772","not answered","98","2025-07-23 15:13:46","2025-07-23 15:13:46"
"6351","6775","not required now, company is temporarily closed","98","2025-07-23 15:16:50","2025-07-23 15:16:50"
"6352","6859","not interested","11","2025-07-23 15:17:42","2025-07-23 15:17:42"
"6353","6777","line busy with another call","98","2025-07-23 15:18:25","2025-07-23 15:18:25"
"6354","6862","not responding","11","2025-07-23 15:20:10","2025-07-23 15:20:10"
"6355","6782","line busy with another call","98","2025-07-23 15:20:25","2025-07-23 15:20:25"
"6356","6783","not responding","98","2025-07-23 15:22:47","2025-07-23 15:22:47"
"6357","6783","not responding","98","2025-07-23 15:22:48","2025-07-23 15:22:48"
"6358","6865","not interested","11","2025-07-23 15:23:49","2025-07-23 15:23:49"
"6359","6786","not answered","98","2025-07-23 15:24:48","2025-07-23 15:24:48"
"6360","6788","line busy with another call","98","2025-07-23 15:27:07","2025-07-23 15:27:07"
"6361","6795","he cut the call, duing the discussion, in a meeting","98","2025-07-23 15:29:27","2025-07-23 15:29:27"
"6362","6866","not interested","11","2025-07-23 15:30:39","2025-07-23 15:30:39"
"6363","6800","not interested","98","2025-07-23 15:32:00","2025-07-23 15:32:00"
"6364","6807","he will contact, when required, not required now","98","2025-07-23 15:34:11","2025-07-23 15:34:11"
"6365","6808","they already have a website","98","2025-07-23 15:36:22","2025-07-23 15:36:22"
"6366","6809","he will call back..","98","2025-07-23 15:38:47","2025-07-23 15:38:47"
"6367","6493","not responding","98","2025-07-23 15:39:39","2025-07-23 15:39:39"
"6368","6867","not interested","11","2025-07-23 15:40:20","2025-07-23 15:40:20"
"6369","6536","not responding","98","2025-07-23 15:40:21","2025-07-23 15:40:21"
"6370","6540","line busy","98","2025-07-23 15:41:14","2025-07-23 15:41:14"
"6371","6549","call at  2nd half","98","2025-07-23 15:43:23","2025-07-23 15:43:23"
"6372","6868","not responding","11","2025-07-23 15:43:51","2025-07-23 15:43:51"
"6373","6550","powered off","98","2025-07-23 15:44:14","2025-07-23 15:44:14"
"6374","6869","he picked the call 1st time but there was to much noise distortion i called again and he cut the call","11","2025-07-23 15:52:38","2025-07-23 15:52:38"
"6375","6870","not responding","11","2025-07-23 15:54:39","2025-07-23 15:54:39"
"6376","6704","he cut the call","98","2025-07-23 17:23:48","2025-07-23 17:23:48"
"6377","6871","Not responding","11","2025-07-23 17:24:11","2025-07-23 17:24:11"
"6378","6706","not responding","98","2025-07-23 17:25:22","2025-07-23 17:25:22"
"6379","6710","not responding","98","2025-07-23 17:26:51","2025-07-23 17:26:51"
"6380","6556","not responding","98","2025-07-23 17:28:44","2025-07-23 17:28:44"
"6381","6558","they already have a website","98","2025-07-23 17:30:28","2025-07-23 17:30:28"
"6382","6872","not responding","11","2025-07-23 17:30:34","2025-07-23 17:30:34"
"6383","6555","not interested","98","2025-07-23 17:32:35","2025-07-23 17:32:35"
"6384","6873","not interested","11","2025-07-23 17:34:24","2025-07-23 17:34:24"
"6385","6874","line busy with another call","11","2025-07-23 17:36:13","2025-07-23 17:36:13"
"6386","6492","shared the number of other person, talk to him","98","2025-07-23 17:37:33","2025-07-23 17:37:33"
"6387","6877","not responding","11","2025-07-23 17:39:36","2025-07-23 17:39:36"
"6388","6878","not interested","11","2025-07-23 17:51:02","2025-07-23 17:51:02"
"6389","6879","not interested","11","2025-07-23 17:55:01","2025-07-23 17:55:01"
"6390","6600","not responding","98","2025-07-23 17:55:37","2025-07-23 17:55:37"
"6391","6883","not interested","11","2025-07-23 18:00:46","2025-07-23 18:00:46"
"6392","6605","not answered","98","2025-07-23 18:06:23","2025-07-23 18:06:23"
"6393","6877","he gave us the contact of the concerned person 
phone no: 0514852511 12","11","2025-07-23 18:13:14","2025-07-23 18:13:14"
"6394","6877","he cut the call","11","2025-07-23 18:14:25","2025-07-23 18:14:25"
"6395","6618","not answered","98","2025-07-23 18:19:54","2025-07-23 18:19:54"
"6396","6618","not answered","98","2025-07-23 18:19:56","2025-07-23 18:19:56"
"6397","6884","not interested","11","2025-07-23 18:20:54","2025-07-23 18:20:54"
"6398","6619","asking for price, i ask  him for meeing, but he declined the call","98","2025-07-23 18:23:47","2025-07-23 18:23:47"
"6399","6886","He is busy","11","2025-07-23 18:25:23","2025-07-23 18:25:23"
"6400","6623","not answered","98","2025-07-23 18:25:30","2025-07-23 18:25:30"
"6401","6632","not answered","98","2025-07-23 18:27:38","2025-07-23 18:27:38"
"6402","6636","share details on whatsapp.","98","2025-07-23 18:29:23","2025-07-23 18:29:23"
"6403","6887","not responding","11","2025-07-23 18:31:13","2025-07-23 18:31:13"
"6404","6703","busy , havent check.","98","2025-07-23 18:34:03","2025-07-23 18:34:03"
"6405","6890","he cut the call","11","2025-07-23 18:34:34","2025-07-23 18:34:34"
"6406","6892","he asked us to send the proposal","11","2025-07-23 18:38:56","2025-07-23 18:38:56"
"6407","6741","he is occupied now, will check and contact","98","2025-07-23 18:39:22","2025-07-23 18:39:22"
"6408","6514","not answered","98","2025-07-23 18:41:24","2025-07-23 18:41:24"
"6409","6579","not answered","98","2025-07-23 18:43:01","2025-07-23 18:43:01"
"6410","6608","havent check. will check and contact","98","2025-07-23 18:46:06","2025-07-23 18:46:06"
"6411","2242","line busy","98","2025-07-23 18:49:32","2025-07-23 18:49:32"
"6412","2242","line busy","98","2025-07-23 18:49:32","2025-07-23 18:49:32"
"6413","6721","Meeting completed ,  Ask to share the proposals..","98","2025-07-23 19:52:04","2025-07-23 19:52:04"
"6414","6721","Meeting completed ,  Ask to share the proposals..","98","2025-07-23 19:52:05","2025-07-23 19:52:05"
"6415","6728","line busy","98","2025-07-24 14:26:50","2025-07-24 14:26:50"
"6416","6680","meeting was scheduled with them, but he didnt attend the meeting,","98","2025-07-24 14:28:02","2025-07-24 14:28:02"
"6417","6680","Meeting scheduled again,","98","2025-07-24 14:32:32","2025-07-24 14:32:32"
"6418","6682","busy now , call after sometime","98","2025-07-24 14:35:39","2025-07-24 14:35:39"
"6419","6877","not responding","98","2025-07-24 14:38:03","2025-07-24 14:38:03"
"6420","6886","ask to share the detail on whatsapp","98","2025-07-24 14:41:33","2025-07-24 14:41:33"
"6421","6645","not answered","98","2025-07-24 14:47:18","2025-07-24 14:47:18"
"6422","6695","wrong info, not a company","98","2025-07-24 14:48:46","2025-07-24 14:48:46"
"6423","6704","he cut the call, not interested","98","2025-07-24 14:50:19","2025-07-24 14:50:19"
"6424","6710","not responding","98","2025-07-24 14:51:15","2025-07-24 14:51:15"
"6425","6719","they already have a website","98","2025-07-24 14:53:44","2025-07-24 14:53:44"
"6426","6725","not responding","98","2025-07-24 14:54:52","2025-07-24 14:54:52"
"6427","6753","not answered","98","2025-07-24 14:57:07","2025-07-24 14:57:07"
"6428","6755","he cut the call during the discussion","98","2025-07-24 14:59:48","2025-07-24 14:59:48"
"6429","6772","not responding","98","2025-07-24 15:02:37","2025-07-24 15:02:37"
"6430","6777","not answered","98","2025-07-24 15:04:05","2025-07-24 15:04:05"
"6431","6782","line busy with another call","98","2025-07-24 15:05:00","2025-07-24 15:05:00"
"6432","6783","ask to share the proposal , proposal sent","98","2025-07-24 15:08:16","2025-07-24 15:08:16"
"6433","6788","not interested","98","2025-07-24 15:24:22","2025-07-24 15:24:22"
"6434","6786","not answered","98","2025-07-24 15:26:28","2025-07-24 15:26:28"
"6435","6811","powered off","98","2025-07-24 15:27:52","2025-07-24 15:27:52"
"6436","7048","he is busy call later","11","2025-07-24 15:28:01","2025-07-24 15:28:01"
"6437","6815","powered off","98","2025-07-24 15:28:48","2025-07-24 15:28:48"
"6438","6815","powered off","98","2025-07-24 15:28:49","2025-07-24 15:28:49"
"6439","6824","line busy","98","2025-07-24 15:30:24","2025-07-24 15:30:24"
"6440","6829","not answered","98","2025-07-24 15:32:37","2025-07-24 15:32:37"
"6441","6833","powered off","98","2025-07-24 15:33:30","2025-07-24 15:33:30"
"6442","6835","not answered","98","2025-07-24 15:35:31","2025-07-24 15:35:31"
"6443","6838","not answered","98","2025-07-24 15:37:21","2025-07-24 15:37:21"
"6444","6840","not responding","98","2025-07-24 15:38:33","2025-07-24 15:38:33"
"6445","6840","not responding","98","2025-07-24 15:38:33","2025-07-24 15:38:33"
"6446","6852","call again after sometime, he is driving now","98","2025-07-24 15:40:36","2025-07-24 15:40:36"
"6447","6854","not interested","98","2025-07-24 15:44:33","2025-07-24 15:44:33"
"6448","6856","not responding","98","2025-07-24 15:46:16","2025-07-24 15:46:16"
"6449","6862","not responding","98","2025-07-24 15:47:52","2025-07-24 15:47:52"
"6450","6868","not interested","98","2025-07-24 15:49:40","2025-07-24 15:49:40"
"6451","7060","permanently closed","11","2025-07-24 16:07:56","2025-07-24 16:07:56"
"6452","6870","not responding","98","2025-07-24 17:36:07","2025-07-24 17:36:07"
"6453","6871","client says , its closed","98","2025-07-24 17:39:49","2025-07-24 17:39:49"
"6454","6874","busy with another call","98","2025-07-24 17:40:50","2025-07-24 17:40:50"
"6455","6687","Meeting scheduled for tomorrow at 3:30","98","2025-07-24 17:56:47","2025-07-24 17:56:47"
"6456","6872","Not responding","98","2025-07-24 18:05:33","2025-07-24 18:05:33"
"6457","6887","not answered","98","2025-07-24 18:07:42","2025-07-24 18:07:42"
"6458","6703","not required","98","2025-07-24 18:10:12","2025-07-24 18:10:12"
"6459","6743","not answered","98","2025-07-24 18:12:02","2025-07-24 18:12:02"
"6460","6783","not answered","98","2025-07-24 18:14:19","2025-07-24 18:14:19"
"6461","6812","not responding","98","2025-07-24 18:15:53","2025-07-24 18:15:53"
"6462","6848","not answered","98","2025-07-24 18:17:11","2025-07-24 18:17:11"
"6463","6848","not answered","98","2025-07-24 18:17:12","2025-07-24 18:17:12"
"6464","6886","will let us know on monday, call at monday ,","98","2025-07-24 18:19:28","2025-07-24 18:19:28"
"6465","6892","not answered","98","2025-07-24 18:21:38","2025-07-24 18:21:38"
"6466","6514","havent check yet","98","2025-07-24 18:24:56","2025-07-24 18:24:56"
"6467","6577","powered off","98","2025-07-24 18:25:45","2025-07-24 18:25:45"
"6468","6636","not required","98","2025-07-24 18:27:44","2025-07-24 18:27:44"
"6469","6893","ask to share the proposal, proposal sent","98","2025-07-24 18:40:46","2025-07-24 18:40:46"
"6470","6680","he is occupied","98","2025-07-24 19:06:18","2025-07-24 19:06:18"
"6471","6896","not answered","98","2025-07-25 13:33:50","2025-07-25 13:33:50"
"6472","6898","ask to sent a message on whatsapp, he will contact soon..","98","2025-07-25 13:40:13","2025-07-25 13:40:13"
"6473","6903","not required","98","2025-07-25 13:45:32","2025-07-25 13:45:32"
"6474","6905","not answered","98","2025-07-25 13:48:53","2025-07-25 13:48:53"
"6475","6906","ask to share the details on whatsapp.","98","2025-07-25 13:52:54","2025-07-25 13:52:54"
"6476","6909","not answered","98","2025-07-25 13:55:09","2025-07-25 13:55:09"
"6477","6912","line busy","98","2025-07-25 13:56:52","2025-07-25 13:56:52"
"6478","6913","not interested","98","2025-07-25 13:58:23","2025-07-25 13:58:23"
"6479","6914","they already have  a website","98","2025-07-25 13:59:59","2025-07-25 13:59:59"
"6480","6918","not required now","98","2025-07-25 14:01:48","2025-07-25 14:01:48"
"6481","6930","not requireed now","98","2025-07-25 14:05:18","2025-07-25 14:05:18"
"6482","6931","not answered","98","2025-07-25 14:20:35","2025-07-25 14:20:35"
"6483","6939","they are availing services from another company.not required now","98","2025-07-25 14:23:12","2025-07-25 14:23:12"
"6484","6942","he says that we  haven’t started the company yet.","98","2025-07-25 14:26:51","2025-07-25 14:26:51"
"6485","6942","he says that we  haven’t started the company yet.","98","2025-07-25 14:26:52","2025-07-25 14:26:52"
"6486","6944","they already have a website","98","2025-07-25 14:29:29","2025-07-25 14:29:29"
"6487","6490","powered off","98","2025-07-25 14:33:24","2025-07-25 14:33:24"
"6488","6549","not required","98","2025-07-25 14:35:32","2025-07-25 14:35:32"
"6489","6568","not answered","98","2025-07-25 14:37:43","2025-07-25 14:37:43"
"6490","6585","not answered","98","2025-07-25 14:39:27","2025-07-25 14:39:27"
"6491","6594","powered off","98","2025-07-25 14:40:35","2025-07-25 14:40:35"
"6492","6600","powered off","98","2025-07-25 14:41:43","2025-07-25 14:41:43"
"6493","6603","not required","98","2025-07-25 14:43:15","2025-07-25 14:43:15"
"6494","6614","powered off","98","2025-07-25 14:44:15","2025-07-25 14:44:15"
"6495","6623","not answered","98","2025-07-25 14:46:03","2025-07-25 14:46:03"
"6496","6772","not answered","98","2025-07-25 15:00:25","2025-07-25 15:00:25"
"6497","6777","ask to share the details on whatsapp.","98","2025-07-25 15:03:20","2025-07-25 15:03:20"
"6498","6750","line busy with another call","98","2025-07-25 15:05:03","2025-07-25 15:05:03"
"6499","6782","meeting scheduled for today at 4 pm.","98","2025-07-25 15:14:51","2025-07-25 15:14:51"
"6500","6786","line busy with another call","98","2025-07-25 15:19:15","2025-07-25 15:19:15"
"6501","6796","busy on another call","98","2025-07-25 15:20:31","2025-07-25 15:20:31"
"6502","6811","Ask to share the detail on whatsapp","98","2025-07-25 15:23:28","2025-07-25 15:23:28"
"6503","6824","line busy","98","2025-07-25 15:24:25","2025-07-25 15:24:25"
"6504","6829","not answered","98","2025-07-25 15:26:34","2025-07-25 15:26:34"
"6505","6833","powered off","98","2025-07-25 15:27:30","2025-07-25 15:27:30"
"6506","6835","powered off","98","2025-07-25 15:29:01","2025-07-25 15:29:01"
"6507","6838","not answered","98","2025-07-25 15:30:43","2025-07-25 15:30:43"
"6508","6862","the person was unable to fully understand the details .  ask to call another time","98","2025-07-25 15:35:54","2025-07-25 15:35:54"
"6509","6870","not responding","98","2025-07-25 15:37:18","2025-07-25 15:37:18"
"6510","6874","line busy","98","2025-07-25 15:38:40","2025-07-25 15:38:40"
"6511","6887","line busy","98","2025-07-25 15:40:15","2025-07-25 15:40:15"
"6512","6887","line busy","98","2025-07-25 15:40:15","2025-07-25 15:40:15"
"6513","6896","not answering","98","2025-07-25 15:42:10","2025-07-25 15:42:10"
"6514","6687","not  answered","98","2025-07-25 17:17:29","2025-07-25 17:17:29"
"6515","6728","if required, he will contact","98","2025-07-25 17:36:47","2025-07-25 17:36:47"
"6516","6809","line busy","98","2025-07-25 17:41:39","2025-07-25 17:41:39"
"6517","6852","already have ., not required","98","2025-07-25 17:44:04","2025-07-25 17:44:04"
"6518","6601","too much noise distortion","98","2025-07-25 17:50:51","2025-07-25 17:50:51"
"6519","6743","not answered","98","2025-07-25 17:53:40","2025-07-25 17:53:40"
"6520","6783","busy with another call","98","2025-07-25 17:55:09","2025-07-25 17:55:09"
"6521","6812","not  responding","98","2025-07-25 17:56:43","2025-07-25 17:56:43"
"6522","6848","not answered","98","2025-07-25 17:58:03","2025-07-25 17:58:03"
"6523","6892","proposal shared today","98","2025-07-25 18:00:30","2025-07-25 18:00:30"
"6524","6893","not answered","98","2025-07-25 18:01:41","2025-07-25 18:01:41"
"6525","6514","he is busy right now","98","2025-07-25 18:04:06","2025-07-25 18:04:06"
"6526","6577","powered off","98","2025-07-25 18:04:49","2025-07-25 18:04:49"
"6527","6782","Meeting completed , he wants to make a new websites for his business, he will contact again.. 
plywood and machinery business..","98","2025-07-25 19:15:00","2025-07-25 19:15:00"
"6528","1693","call after 15 miins","98","2025-07-28 13:33:48","2025-07-28 13:33:48"
"6529","2285","call after  10 mins","98","2025-07-28 13:36:50","2025-07-28 13:36:50"
"6530","2234","not answered","98","2025-07-28 13:39:53","2025-07-28 13:39:53"
"6531","6750","not answered","98","2025-07-28 13:41:51","2025-07-28 13:41:51"
"6532","6945","not answered","98","2025-07-28 13:44:02","2025-07-28 13:44:02"
"6533","6949","not answered","98","2025-07-28 13:45:14","2025-07-28 13:45:14"
"6534","6956","call later, his condition is not good  now","98","2025-07-28 13:46:53","2025-07-28 13:46:53"
"6535","6961","not responding","98","2025-07-28 13:49:19","2025-07-28 13:49:19"
"6536","1693","meeting scheduled for wednesday at 11 am.","98","2025-07-28 13:53:46","2025-07-28 13:53:46"
"6537","6964","Line busy on another call","98","2025-07-28 14:01:25","2025-07-28 14:01:25"
"6538","6966","ask to share the software proposal, prooposal sent","98","2025-07-28 14:04:31","2025-07-28 14:04:31"
"6539","6967","not interested","98","2025-07-28 14:17:13","2025-07-28 14:17:13"
"6540","6968","ask for sco and content, call at wednesday for meeting.","98","2025-07-28 14:22:12","2025-07-28 14:22:12"
"6541","6971","not interested.","98","2025-07-28 14:23:55","2025-07-28 14:23:55"
"6542","6972","not responding","98","2025-07-28 14:24:50","2025-07-28 14:24:50"
"6543","6975","not interested","98","2025-07-28 14:26:20","2025-07-28 14:26:20"
"6544","6977","not interested","98","2025-07-28 14:32:20","2025-07-28 14:32:20"
"6545","6984","not intetested","98","2025-07-28 14:34:02","2025-07-28 14:34:02"
"6546","6988","not required","98","2025-07-28 14:35:48","2025-07-28 14:35:48"
"6547","6999","he cut the call duirng the discussion","98","2025-07-28 14:39:13","2025-07-28 14:39:13"
"6548","7000","not responding","98","2025-07-28 14:40:45","2025-07-28 14:40:45"
"6549","7007","not answered","98","2025-07-28 14:43:01","2025-07-28 14:43:01"
"6550","7013","he is driving, call later","98","2025-07-28 14:44:44","2025-07-28 14:44:44"
"6551","6753","line busy with another call","98","2025-07-28 14:46:26","2025-07-28 14:46:26"
"6552","6796","ask to share details on whtsapp, shared","98","2025-07-28 14:49:33","2025-07-28 14:49:33"
"6553","6856","not responding","98","2025-07-28 14:50:25","2025-07-28 14:50:25"
"6554","6872","ask to share the proposal, proposal sent","98","2025-07-28 15:00:52","2025-07-28 15:00:52"
"6555","6896","not required","98","2025-07-28 15:03:09","2025-07-28 15:03:09"
"6556","6905","line busy","98","2025-07-28 15:07:06","2025-07-28 15:07:06"
"6557","6909","ask to share the proposal on whatsapp.","98","2025-07-28 15:08:47","2025-07-28 15:08:47"
"6558","6911","not responding","98","2025-07-28 15:10:59","2025-07-28 15:10:59"
"6559","6912","not responding","98","2025-07-28 15:12:34","2025-07-28 15:12:34"
"6560","6931","not answered","98","2025-07-28 15:14:16","2025-07-28 15:14:16"
"6561","6743","not answered","98","2025-07-28 15:18:39","2025-07-28 15:18:39"
"6562","6777","busy with another call","98","2025-07-28 15:19:36","2025-07-28 15:19:36"
"6563","6783","not responding","98","2025-07-28 15:21:01","2025-07-28 15:21:01"
"6564","6812","not responding","98","2025-07-28 15:22:52","2025-07-28 15:22:52"
"6565","6848","he wants to make a website  for his business, call tomorrow then he wil tell the time for the meeting..","98","2025-07-28 15:30:45","2025-07-28 15:30:45"
"6566","6886","he wants to make a website and software for his company,  ask to call later then will decide the time for meeting..","98","2025-07-28 15:37:38","2025-07-28 15:37:38"
"6567","6687","not answered","98","2025-07-28 17:39:40","2025-07-28 17:39:40"
"6568","6892","not answered","98","2025-07-28 17:43:24","2025-07-28 17:43:24"
"6569","6893","not answered,line busy with another call","98","2025-07-28 17:44:38","2025-07-28 17:44:38"
"6570","6906","call at evening,  busy right now","98","2025-07-28 17:46:41","2025-07-28 17:46:41"
"6571","6514","not  answered","98","2025-07-28 17:48:49","2025-07-28 17:48:49"
"6572","6577","powered off","98","2025-07-28 17:49:38","2025-07-28 17:49:38"
"6573","6577","powered off","98","2025-07-28 17:49:39","2025-07-28 17:49:39"
"6574","6811","powered off","98","2025-07-28 17:50:30","2025-07-28 17:50:30"
"6575","6886","call tomorrow for meeting","98","2025-07-28 17:55:50","2025-07-28 17:55:50"
"6576","6729","Meeting scheduled for tomorrow at 3 pm","98","2025-07-28 18:05:37","2025-07-28 18:05:37"
"6577","6687","line busy with another call","98","2025-07-28 18:16:51","2025-07-28 18:16:51"
"6578","6809","he is busy , call later","98","2025-07-28 18:22:22","2025-07-28 18:22:22"
"6579","6687","line busy","98","2025-07-28 18:30:05","2025-07-28 18:30:05"
"6580","7018","not answered","98","2025-07-28 18:31:56","2025-07-28 18:31:56"
"6581","7019","not interested","98","2025-07-28 18:34:32","2025-07-28 18:34:32"
"6582","7020","busy with another call","98","2025-07-28 18:35:41","2025-07-28 18:35:41"
"6583","7023","line busy","98","2025-07-28 18:36:28","2025-07-28 18:36:28"
"6584","7025","not answered","98","2025-07-28 18:38:14","2025-07-28 18:38:14"
"6585","6750","line busy with another call","98","2025-07-29 13:31:51","2025-07-29 13:31:51"
"6586","6945","not answered","98","2025-07-29 13:33:29","2025-07-29 13:33:29"
"6587","6949","not answered","98","2025-07-29 13:34:54","2025-07-29 13:34:54"
"6588","6956","not answered","98","2025-07-29 13:36:36","2025-07-29 13:36:36"
"6589","6960","not answered","98","2025-07-29 13:38:14","2025-07-29 13:38:14"
"6590","6961","not responding","98","2025-07-29 13:40:06","2025-07-29 13:40:06"
"6591","6964","declined, line busy","98","2025-07-29 13:41:29","2025-07-29 13:41:29"
"6592","6972","not responding","98","2025-07-29 13:42:14","2025-07-29 13:42:14"
"6593","6848","not answered","98","2025-07-29 13:48:56","2025-07-29 13:48:56"
"6594","6886","not answered","98","2025-07-29 13:50:49","2025-07-29 13:50:49"
"6595","7000","not interested","98","2025-07-29 13:53:12","2025-07-29 13:53:12"
"6596","7007","closed","98","2025-07-29 13:55:21","2025-07-29 13:55:21"
"6597","7016","the person was unable to fully understand the details.","98","2025-07-29 13:58:24","2025-07-29 13:58:24"
"6598","7018","ask to share the details, he will refers others...","98","2025-07-29 14:05:43","2025-07-29 14:05:43"
"6599","7020","ask to share the details and location, he wants to visit the office","98","2025-07-29 14:09:47","2025-07-29 14:09:47"
"6600","7023","line busy","98","2025-07-29 14:10:46","2025-07-29 14:10:46"
"6601","7025","not answered","98","2025-07-29 14:12:45","2025-07-29 14:12:45"
"6602","7026","not answered","98","2025-07-29 14:14:05","2025-07-29 14:14:05"
"6603","7035","not answered","98","2025-07-29 14:15:50","2025-07-29 14:15:50"
"6604","7035","not answered","98","2025-07-29 14:15:50","2025-07-29 14:15:50"
"6605","7039","not responding","98","2025-07-29 14:16:37","2025-07-29 14:16:37"
"6606","7041","not answered","98","2025-07-29 14:18:17","2025-07-29 14:18:17"
"6607","7042","ask to share the  proposal,, proposal shared","98","2025-07-29 14:21:30","2025-07-29 14:21:30"
"6608","7049","powered off","98","2025-07-29 14:22:28","2025-07-29 14:22:28"
"6609","7051","right nowwww, not required, but he will contact ,, if needed","98","2025-07-29 14:25:03","2025-07-29 14:25:03"
"6610","7052","not required","98","2025-07-29 14:29:39","2025-07-29 14:29:39"
"6611","7053","not required","98","2025-07-29 14:31:18","2025-07-29 14:31:18"
"6612","7054","not answered","98","2025-07-29 14:32:50","2025-07-29 14:32:50"
"6613","7055","powered off","98","2025-07-29 14:34:24","2025-07-29 14:34:24"
"6614","7056","not answered","98","2025-07-29 14:35:45","2025-07-29 14:35:45"
"6615","7066","firstly pick but too much noise distortion, i called him again but he didnt pick..","98","2025-07-29 14:39:01","2025-07-29 14:39:01"
"6616","7068","he cut the cal during the discussion, not  interested","98","2025-07-29 14:40:49","2025-07-29 14:40:49"
"6617","7071","not answered","98","2025-07-29 14:43:01","2025-07-29 14:43:01"
"6618","7072","not responding","98","2025-07-29 14:43:45","2025-07-29 14:43:45"
"6619","7073","declined, line busy","98","2025-07-29 14:44:39","2025-07-29 14:44:39"
"6620","7073","declined, line busy","98","2025-07-29 14:44:40","2025-07-29 14:44:40"
"6621","7074","call later, voice distortion","98","2025-07-29 14:55:41","2025-07-29 14:55:41"
"6622","7077","ask to share detail, will contact","98","2025-07-29 14:58:53","2025-07-29 14:58:53"
"6623","6795","not required","98","2025-07-29 15:02:34","2025-07-29 15:02:34"
"6624","6905","not  answered","98","2025-07-29 15:04:09","2025-07-29 15:04:09"
"6625","6911","not required","98","2025-07-29 15:06:26","2025-07-29 15:06:26"
"6626","6912","not responding","98","2025-07-29 15:07:11","2025-07-29 15:07:11"
"6627","6931","not answered","98","2025-07-29 15:08:33","2025-07-29 15:08:33"
"6628","7013","voice distortion, call later","98","2025-07-29 15:24:26","2025-07-29 15:24:26"
"6629","7048","not required","98","2025-07-29 15:26:09","2025-07-29 15:26:09"
"6630","6777","not answered","98","2025-07-29 15:29:13","2025-07-29 15:29:13"
"6631","6783","line busy with another call","98","2025-07-29 15:30:11","2025-07-29 15:30:11"
"6632","6812","not responding","98","2025-07-29 15:31:50","2025-07-29 15:31:50"
"6633","6812","not responding","98","2025-07-29 15:31:50","2025-07-29 15:31:50"
"6634","6848","busy today, ask to share detail again, follow up again","98","2025-07-29 15:34:21","2025-07-29 15:34:21"
"6635","6886","line busy with another call","98","2025-07-29 15:36:00","2025-07-29 15:36:00"
"6636","6892","not answered","98","2025-07-29 17:39:00","2025-07-29 17:39:00"
"6637","6893","line busy with another call","98","2025-07-29 17:42:04","2025-07-29 17:42:04"
"6638","6906","in a conference now, call after 6 pm","98","2025-07-29 17:44:11","2025-07-29 17:44:11"
"6639","6966","He has changed his phone, so the old messages are not available. sent proposal again","98","2025-07-29 17:48:16","2025-07-29 17:48:16"
"6640","6514","not answered","98","2025-07-29 17:50:08","2025-07-29 17:50:08"
"6641","6577","powered off","98","2025-07-29 17:51:11","2025-07-29 17:51:11"
"6642","6811","powered off","98","2025-07-29 17:52:22","2025-07-29 17:52:22"
"6643","6811","powered off","98","2025-07-29 17:52:23","2025-07-29 17:52:23"
"6644","6796","line busy","98","2025-07-29 17:53:10","2025-07-29 17:53:10"
"6645","6909","not required now","98","2025-07-29 18:31:52","2025-07-29 18:31:52"
"6646","6729","work for medical diagnostic , medical industry, he wants to update his website and  also need a acounts software.......","98","2025-07-29 18:36:13","2025-07-29 18:36:13"
"6647","6729","work for medical diagnostic , medical industry, he wants to update his website and  also need a acounts software....... meeting completed","98","2025-07-29 18:36:15","2025-07-29 18:36:15"
"6648","6729","work for medical diagnostic , medical industry, he wants to update his website and  also need a acounts software....... meeting completed","98","2025-07-29 18:36:15","2025-07-29 18:36:15"
"6649","6729","work for medical diagnostic , medical industry, he wants to update his website and  also need a acounts software....... meeting completed","98","2025-07-29 18:36:18","2025-07-29 18:36:18"
"6650","6729","work for medical diagnostic , medical industry, he wants to update his website and  also need a acounts software....... meeting completed","98","2025-07-29 18:36:18","2025-07-29 18:36:18"
"6651","6682","not answered","98","2025-07-29 18:40:49","2025-07-29 18:40:49"
"6652","6492","he is not available , he is outside","98","2025-07-29 18:43:12","2025-07-29 18:43:12"
"6653","7020","busy on another call","98","2025-07-29 19:01:43","2025-07-29 19:01:43"
"6654","6872","meeting scheduled for today at 5 30 pm","98","2025-07-29 20:25:03","2025-07-29 20:25:03"
"6655","6872","they  wants to make a E-commerce website ,Plus social media mangement , plus didgital marketing, he will convey this to his owner then will let us know the decision . follow up","98","2025-07-29 20:59:15","2025-07-29 20:59:15"
"6656","6945","not  answered","98","2025-07-30 13:45:02","2025-07-30 13:45:02"
"6657","6945","not  answered","98","2025-07-30 13:45:03","2025-07-30 13:45:03"
"6658","6949","declined, line busy","98","2025-07-30 13:46:45","2025-07-30 13:46:45"
"6659","6949","declined, line busy","98","2025-07-30 13:46:45","2025-07-30 13:46:45"
"6660","6960","not answered","98","2025-07-30 13:48:53","2025-07-30 13:48:53"
"6661","6961","not responding","98","2025-07-30 13:49:46","2025-07-30 13:49:46"
"6662","6961","not responding","98","2025-07-30 13:49:46","2025-07-30 13:49:46"
"6663","6964","not answered","98","2025-07-30 13:51:03","2025-07-30 13:51:03"
"6664","6972","not responding","98","2025-07-30 13:51:47","2025-07-30 13:51:47"
"6665","6998","he cut the call during the discussion","98","2025-07-30 13:53:23","2025-07-30 13:53:23"
"6666","7023","not responding","98","2025-07-30 13:54:11","2025-07-30 13:54:11"
"6667","7025","not responding","98","2025-07-30 13:56:27","2025-07-30 13:56:27"
"6668","7026","ask to share the proposal, proposal sent","98","2025-07-30 13:59:29","2025-07-30 13:59:29"
"6669","7035","powered off","98","2025-07-30 14:00:59","2025-07-30 14:00:59"
"6670","7039","not responding","98","2025-07-30 14:02:18","2025-07-30 14:02:18"
"6671","7041","line busy","98","2025-07-30 14:03:49","2025-07-30 14:03:49"
"6672","7049","will discuss and contact","98","2025-07-30 14:06:05","2025-07-30 14:06:05"
"6673","7054","will contact if they need","98","2025-07-30 14:09:17","2025-07-30 14:09:17"
"6674","7055","powered off","98","2025-07-30 14:10:36","2025-07-30 14:10:36"
"6675","7056","line busy with another call","98","2025-07-30 14:11:33","2025-07-30 14:11:33"
"6676","7071","they have recently update their website...","98","2025-07-30 14:13:38","2025-07-30 14:13:38"
"6677","7072","not responding","98","2025-07-30 14:17:15","2025-07-30 14:17:15"
"6678","7072","not responding","98","2025-07-30 14:17:15","2025-07-30 14:17:15"
"6679","7073","not required","98","2025-07-30 14:18:58","2025-07-30 14:18:58"
"6680","7190","if required he will contact in future","98","2025-07-30 14:21:21","2025-07-30 14:21:21"
"6681","7192","he is busy, call after sometime","98","2025-07-30 14:44:45","2025-07-30 14:44:45"
"6682","7194","call later,","98","2025-07-30 14:46:46","2025-07-30 14:46:46"
"6683","7196","not interested","98","2025-07-30 14:48:35","2025-07-30 14:48:35"
"6684","7200","line busy with another call","98","2025-07-30 14:49:49","2025-07-30 14:49:49"
"6685","7201","call at 2nd half,busy right now","98","2025-07-30 14:52:06","2025-07-30 14:52:06"
"6686","7208","will contact soon, for website, ive sharede the contact number","98","2025-07-30 14:59:36","2025-07-30 14:59:36"
"6687","7209","invalid number","98","2025-07-30 15:01:24","2025-07-30 15:01:24"
"6688","7210","line busy with another call","98","2025-07-30 15:04:27","2025-07-30 15:04:27"
"6689","7211","he will contact, he has saved our number..","98","2025-07-30 15:08:39","2025-07-30 15:08:39"
"6690","7211","he will contact, he has saved our number..","98","2025-07-30 15:08:40","2025-07-30 15:08:40"
"6691","7211","he will contact, he has saved our number..","98","2025-07-30 15:08:40","2025-07-30 15:08:40"
"6692","7212","not responding","98","2025-07-30 15:10:46","2025-07-30 15:10:46"
"6693","7213","he had sale his company to other person.also not have a  number of that person..","98","2025-07-30 15:13:44","2025-07-30 15:13:44"
"6694","7214","not answered","98","2025-07-30 15:19:52","2025-07-30 15:19:52"
"6695","7216","not responding","98","2025-07-30 15:20:41","2025-07-30 15:20:41"
"6696","7217","not interested","98","2025-07-30 15:22:11","2025-07-30 15:22:11"
"6697","7219","not interested,  they are also a it company","98","2025-07-30 15:25:13","2025-07-30 15:25:13"
"6698","7220","he has shared the other person number,, ask to call tomorrow, he is busy today in meetings","98","2025-07-30 15:28:08","2025-07-30 15:28:08"
"6699","7223","the person was unable to fully understand the details","98","2025-07-30 15:31:05","2025-07-30 15:31:05"
"6700","7224","line busy","98","2025-07-30 15:32:23","2025-07-30 15:32:23"
"6701","6848","not responding","98","2025-07-30 15:33:53","2025-07-30 15:33:53"
"6702","6886","he had shared our number with relevant person, and alson shared a number with me, i call that person but not answered..","98","2025-07-30 15:42:24","2025-07-30 15:42:24"
"6703","6777","line busy","98","2025-07-30 17:40:11","2025-07-30 17:40:11"
"6704","6783","not responding","98","2025-07-30 17:41:25","2025-07-30 17:41:25"
"6705","6812","contact at 12 august , his relevant person will came at 12 august , follow up ,","98","2025-07-30 17:50:28","2025-07-30 17:50:28"
"6706","6848","not responding","98","2025-07-30 17:55:30","2025-07-30 17:55:30"
"6707","6886","he will do a  meeting,  right now he is already in  a meeting, but he will let know us know about meeting, follow up..","98","2025-07-30 18:00:34","2025-07-30 18:00:34"
"6708","6892","not answered","98","2025-07-30 18:02:11","2025-07-30 18:02:11"
"6709","6893","line busy with another call","98","2025-07-30 18:03:01","2025-07-30 18:03:01"
"6710","6906","not responding","98","2025-07-30 18:05:09","2025-07-30 18:05:09"
"6711","6966","he declined, line busy","98","2025-07-30 18:07:22","2025-07-30 18:07:22"
"6712","6514","not responding","98","2025-07-30 18:08:40","2025-07-30 18:08:40"
"6713","6577","powered off","98","2025-07-30 18:09:25","2025-07-30 18:09:25"
"6714","6577","powered off","98","2025-07-30 18:09:25","2025-07-30 18:09:25"
"6715","6811","powered off","98","2025-07-30 18:10:28","2025-07-30 18:10:28"
"6716","6796","ask for file to convert into canva..","98","2025-07-30 18:22:46","2025-07-30 18:22:46"
"6717","6956","not answered","98","2025-07-30 18:41:25","2025-07-30 18:41:25"
"6718","6968","not answered","98","2025-07-30 18:45:47","2025-07-30 18:45:47"
"6719","7013","line busy","98","2025-07-30 18:48:25","2025-07-30 18:48:25"
"6720","7042","he is driving now, busy","98","2025-07-30 18:53:47","2025-07-30 18:53:47"
"6721","7066","already have a web designer","98","2025-07-30 18:55:43","2025-07-30 18:55:43"
"6722","7074","voice distortion..","98","2025-07-30 18:57:22","2025-07-30 18:57:22"
"6723","6872","He has conveyed all the points that we discussed during our meeting to his owner. However, the owner hasn't responded yet. Once he receives a response, he will update us accordingly.","98","2025-08-06 14:39:39","2025-08-06 14:39:39"
"6724","6782","contact after 3 pm","98","2025-08-06 14:41:41","2025-08-06 14:41:41"
"6725","6782","he is in a meeting now","98","2025-08-06 14:41:55","2025-08-06 14:41:55"
"6726","6848","not answered","98","2025-08-06 14:45:07","2025-08-06 14:45:07"
"6727","6886","meeting scheduled for today at 3 pm.","98","2025-08-06 14:51:10","2025-08-06 14:51:10"
"6728","6906","ask to share detail again, sent","98","2025-08-06 14:54:25","2025-08-06 14:54:25"
"6729","6966","line busy with another call","98","2025-08-06 14:55:15","2025-08-06 14:55:15"
"6730","7026","declined , busy","98","2025-08-06 14:56:36","2025-08-06 14:56:36"
"6731","6492","he picked the call,  and then he declined","98","2025-08-06 14:58:17","2025-08-06 14:58:17"
"6732","6629","he ask to visit the office,","98","2025-08-06 15:01:36","2025-08-06 15:01:36"
"6733","6956","not answered","98","2025-08-06 15:04:06","2025-08-06 15:04:06"
"6734","6968","line busy on another call","98","2025-08-06 15:05:08","2025-08-06 15:05:08"
"6735","7013","call after sometime, he is driving now","98","2025-08-06 15:07:54","2025-08-06 15:07:54"
"6736","6629","not responding","98","2025-08-06 15:18:05","2025-08-06 15:18:05"
"6737","6629","location sent to him","98","2025-08-06 15:20:24","2025-08-06 15:20:24"
"6738","7020","in the mid of the discussion, he cut the call","98","2025-08-06 15:22:20","2025-08-06 15:22:20"
"6739","2234","will execute this project, , he will come to our office for further details, ask to call  on monday,","98","2025-08-06 15:28:14","2025-08-06 15:28:14"
"6740","2285","he will proceed with their current software, he s saying our price level is high,","98","2025-08-06 15:31:36","2025-08-06 15:31:36"
"6741","6968","he is out of station , cant do meeting now, ask to  call at saturday. also sent a proposal","98","2025-08-06 15:34:27","2025-08-06 15:34:27"
"6742","7042","he cut the call during the discussion, he is outside","98","2025-08-06 15:37:43","2025-08-06 15:37:43"
"6743","7074","if require , he will contact","98","2025-08-06 15:40:13","2025-08-06 15:40:13"
"6744","7192","not answered","98","2025-08-06 15:41:32","2025-08-06 15:41:32"
"6745","7194","not responding","98","2025-08-06 15:46:49","2025-08-06 15:46:49"
"6746","7201","call at 2nd half","98","2025-08-06 15:50:22","2025-08-06 15:50:22"
"6747","7220","his owner is out of country, will came at 21 august , so contact at 21 august,","98","2025-08-06 15:53:07","2025-08-06 15:53:07"
"6748","6960","ask to share the details, details sent","98","2025-08-06 17:41:57","2025-08-06 17:41:57"
"6749","6964","busy , call later","98","2025-08-06 17:45:51","2025-08-06 17:45:51"
"6750","6964","busy , call later","98","2025-08-06 17:45:52","2025-08-06 17:45:52"
"6751","7039","someone picked, but he didnt say anything","98","2025-08-06 17:47:59","2025-08-06 17:47:59"
"6752","7041","not required","98","2025-08-06 17:53:13","2025-08-06 17:53:13"
"6753","7055","powered off","98","2025-08-06 17:57:14","2025-08-06 17:57:14"
"6754","7055","powered off","98","2025-08-06 17:57:14","2025-08-06 17:57:14"
"6755","6886","meeting completed, he wants to make a company profile plus website, ask to share the proposal","98","2025-08-06 18:12:25","2025-08-06 18:12:25"
"6756","7056","he  cut the call, not interested","98","2025-08-06 18:14:23","2025-08-06 18:14:23"
"6757","7080","not responding","98","2025-08-06 18:15:38","2025-08-06 18:15:38"
"6758","7082","not responding","98","2025-08-06 18:17:06","2025-08-06 18:17:06"
"6759","7083","not interested","98","2025-08-06 18:18:59","2025-08-06 18:18:59"
"6760","7084","not responding","98","2025-08-06 18:25:03","2025-08-06 18:25:03"
"6761","7086","not answered","98","2025-08-06 18:27:51","2025-08-06 18:27:51"
"6762","7087","not answered","98","2025-08-06 18:28:57","2025-08-06 18:28:57"
"6763","7088","not responding","98","2025-08-06 18:30:11","2025-08-06 18:30:11"
"6764","7089","ask to share the proposal,","98","2025-08-06 18:34:03","2025-08-06 18:34:03"
"6765","7113","number is temporarily blocked.","98","2025-08-06 18:37:34","2025-08-06 18:37:34"
"6766","7126","not responding","98","2025-08-06 18:38:27","2025-08-06 18:38:27"
"6767","7132","ask for import export software, call tomorrow for further details...","98","2025-08-06 18:42:50","2025-08-06 18:42:50"
"6768","7133","he will contact if required","98","2025-08-06 18:45:11","2025-08-06 18:45:11"
"6769","7200","busy on another call","98","2025-08-06 18:45:59","2025-08-06 18:45:59"
"6770","7204","currently unavailable.","98","2025-08-06 18:48:18","2025-08-06 18:48:18"
"6771","7210","shared the another person number, call him","98","2025-08-06 18:50:34","2025-08-06 18:50:34"
"6772","7210","ask to share the proposal, proposal sent","98","2025-08-06 18:55:44","2025-08-06 18:55:44"
"6773","7039","powered off","98","2025-08-07 13:31:21","2025-08-07 13:31:21"
"6774","7080","not answered","98","2025-08-07 13:33:08","2025-08-07 13:33:08"
"6775","7082","not responding","98","2025-08-07 13:45:33","2025-08-07 13:45:33"
"6776","7084","not responding","98","2025-08-07 13:46:18","2025-08-07 13:46:18"
"6777","7086","not answered","98","2025-08-07 13:47:54","2025-08-07 13:47:54"
"6778","7087","not responding","98","2025-08-07 13:48:38","2025-08-07 13:48:38"
"6779","7088","ask to call office land line","98","2025-08-07 13:51:24","2025-08-07 13:51:24"
"6780","7088","ask to call office land line","98","2025-08-07 13:51:24","2025-08-07 13:51:24"
"6781","7126","not responding","98","2025-08-07 13:52:46","2025-08-07 13:52:46"
"6782","7200","line busy on another call","98","2025-08-07 13:54:30","2025-08-07 13:54:30"
"6783","7212","not answered","98","2025-08-07 13:56:43","2025-08-07 13:56:43"
"6784","7214","line busy","98","2025-08-07 14:05:48","2025-08-07 14:05:48"
"6785","7214","line busy","98","2025-08-07 14:05:48","2025-08-07 14:05:48"
"6786","7216","line busy","98","2025-08-07 14:06:21","2025-08-07 14:06:21"
"6787","7218","powered off","98","2025-08-07 14:08:05","2025-08-07 14:08:05"
"6788","7225","not required","98","2025-08-07 14:11:21","2025-08-07 14:11:21"
"6789","7225","not required","98","2025-08-07 14:11:21","2025-08-07 14:11:21"
"6790","7225","not required","98","2025-08-07 14:11:21","2025-08-07 14:11:21"
"6791","7226","not responding","98","2025-08-07 14:12:26","2025-08-07 14:12:26"
"6792","7228","line busy,","98","2025-08-07 14:13:16","2025-08-07 14:13:16"
"6793","7228","line busy,","98","2025-08-07 14:13:17","2025-08-07 14:13:17"
"6794","7229","not answered","98","2025-08-07 14:14:48","2025-08-07 14:14:48"
"6795","7231","not responding","98","2025-08-07 14:15:38","2025-08-07 14:15:38"
"6796","7233","ask to sent a message on whatsapp, he will convey the message to right person.","98","2025-08-07 14:18:32","2025-08-07 14:18:32"
"6797","6753","line busy","98","2025-08-07 14:20:36","2025-08-07 14:20:36"
"6798","6629","not answered","98","2025-08-07 14:22:33","2025-08-07 14:22:33"
"6799","6629","not answered","98","2025-08-07 14:22:34","2025-08-07 14:22:34"
"6800","6906","busy on another call","98","2025-08-07 14:23:35","2025-08-07 14:23:35"
"6801","6960","not answered","98","2025-08-07 14:24:49","2025-08-07 14:24:49"
"6802","6966","not answered","98","2025-08-07 14:26:21","2025-08-07 14:26:21"
"6803","7026","havent check, will check today","98","2025-08-07 14:28:32","2025-08-07 14:28:32"
"6804","7089","if required, he will contact","98","2025-08-07 14:43:04","2025-08-07 14:43:04"
"6805","7210","he will contact, if required","98","2025-08-07 14:46:07","2025-08-07 14:46:07"
"6806","6964","he is talking very badly, i cut the call","98","2025-08-07 14:51:08","2025-08-07 14:51:08"
"6807","7132","he is busy right now, call at 2nd half","98","2025-08-07 15:13:12","2025-08-07 15:13:12"
"6808","7201","not required now","98","2025-08-07 15:15:44","2025-08-07 15:15:44"
"6809","6782","right now he is  doing some changing in products,  right now, not required, but after sometime, he will contact","98","2025-08-07 15:18:58","2025-08-07 15:18:58"
"6810","6629","line busy on another call","98","2025-08-07 15:20:28","2025-08-07 15:20:28"
"6811","6629","line busy on another call","98","2025-08-07 15:20:28","2025-08-07 15:20:28"
"6812","7235","not answered","98","2025-08-07 15:27:26","2025-08-07 15:27:26"
"6813","7235","not answered","98","2025-08-07 15:27:26","2025-08-07 15:27:26"
"6814","7238","line busy on  another call","98","2025-08-07 15:28:33","2025-08-07 15:28:33"
"6815","7245","powered off","98","2025-08-07 15:30:13","2025-08-07 15:30:13"
"6816","7891","not responding","98","2025-08-07 15:31:36","2025-08-07 15:31:36"
"6817","7893","call at 2nd half, he is sleepy now","98","2025-08-07 15:34:51","2025-08-07 15:34:51"
"6818","7894","not responding","98","2025-08-07 15:35:55","2025-08-07 15:35:55"
"6819","7895","they are also it company, not required","98","2025-08-07 15:38:14","2025-08-07 15:38:14"
"6820","7899","not answered","98","2025-08-07 15:41:46","2025-08-07 15:41:46"
"6821","7899","not answered","98","2025-08-07 15:41:46","2025-08-07 15:41:46"
"6822","7901","ask to share the details on whatsapp, sent","98","2025-08-07 15:45:36","2025-08-07 15:45:36"
"6823","7909","not answered","98","2025-08-07 15:48:41","2025-08-07 15:48:41"
"6824","7915","not answered","98","2025-08-07 15:50:36","2025-08-07 15:50:36"
"6825","7916","not annswered","98","2025-08-07 15:53:26","2025-08-07 15:53:26"
"6826","7943","asked us to send the proposal","11","2025-08-07 17:33:58","2025-08-07 17:33:58"
"6827","7921","not required","98","2025-08-07 17:34:09","2025-08-07 17:34:09"
"6828","7923","not required","98","2025-08-07 17:35:43","2025-08-07 17:35:43"
"6829","7923","not required","98","2025-08-07 17:35:43","2025-08-07 17:35:43"
"6830","7944","seems not interested","11","2025-08-07 17:37:05","2025-08-07 17:37:05"
"6831","7946","powered off","11","2025-08-07 17:43:14","2025-08-07 17:43:14"
"6832","7894","not answered","98","2025-08-07 17:45:59","2025-08-07 17:45:59"
"6833","7947","No Answer","11","2025-08-07 17:46:47","2025-08-07 17:46:47"
"6834","7896","not required","98","2025-08-07 17:47:50","2025-08-07 17:47:50"
"6835","7934","not required now","98","2025-08-07 17:51:43","2025-08-07 17:51:43"
"6836","7937","not  answered","98","2025-08-07 17:55:04","2025-08-07 17:55:04"
"6837","7949","no answer","11","2025-08-07 17:55:10","2025-08-07 17:55:10"
"6838","7942","line busy","98","2025-08-07 17:55:57","2025-08-07 17:55:57"
"6839","7950","no answer","11","2025-08-07 18:00:21","2025-08-07 18:00:21"
"6840","7951","ask to share the details on whatsapp, sent","98","2025-08-07 18:03:15","2025-08-07 18:03:15"
"6841","7951","ask to share the details on whatsapp, sent","98","2025-08-07 18:03:15","2025-08-07 18:03:15"
"6842","7956","line busy","98","2025-08-07 18:07:58","2025-08-07 18:07:58"
"6843","7953","not interested","11","2025-08-07 18:09:26","2025-08-07 18:09:26"
"6844","7958","not required","98","2025-08-07 18:12:57","2025-08-07 18:12:57"
"6845","7960","right now not required, but ask to sent a profile ,","98","2025-08-07 18:18:31","2025-08-07 18:18:31"
"6846","7963","he will contact us if he needs it","11","2025-08-07 18:19:21","2025-08-07 18:19:21"
"6847","7964","he said he will talk later","11","2025-08-07 18:31:12","2025-08-07 18:31:12"
"6848","7080","not  answered","98","2025-08-08 13:33:56","2025-08-08 13:33:56"
"6849","7082","not responding","98","2025-08-08 13:34:40","2025-08-08 13:34:40"
"6850","7084","not responding","98","2025-08-08 13:35:47","2025-08-08 13:35:47"
"6851","7086","ask to share the details on whatsapp,","98","2025-08-08 13:38:31","2025-08-08 13:38:31"
"6852","7087","not responding","98","2025-08-08 13:39:41","2025-08-08 13:39:41"
"6853","7126","not responding","98","2025-08-08 13:40:22","2025-08-08 13:40:22"
"6854","7216","not responding","98","2025-08-08 13:41:10","2025-08-08 13:41:10"
"6855","7218","not responding","98","2025-08-08 13:41:51","2025-08-08 13:41:51"
"6856","7226","not responding","98","2025-08-08 13:43:17","2025-08-08 13:43:17"
"6857","7226","not responding","98","2025-08-08 13:43:20","2025-08-08 13:43:20"
"6858","7228","line busy","98","2025-08-08 13:44:11","2025-08-08 13:44:11"
"6859","7229","declined,line busy","98","2025-08-08 13:46:01","2025-08-08 13:46:01"
"6860","7231","not responding","98","2025-08-08 13:46:43","2025-08-08 13:46:43"
"6861","7235","not responding","98","2025-08-08 13:48:40","2025-08-08 13:48:40"
"6862","7235","not responding","98","2025-08-08 13:48:40","2025-08-08 13:48:40"
"6863","7245","he will contact, if required","98","2025-08-08 13:52:07","2025-08-08 13:52:07"
"6864","7891","not responding","98","2025-08-08 13:53:40","2025-08-08 13:53:40"
"6865","7894","line busy","98","2025-08-08 13:54:52","2025-08-08 13:54:52"
"6866","7899","not answered","98","2025-08-08 13:57:22","2025-08-08 13:57:22"
"6867","7909","not required","98","2025-08-08 14:10:23","2025-08-08 14:10:23"
"6868","7915","not responding","98","2025-08-08 14:12:07","2025-08-08 14:12:07"
"6869","7916","not answered","98","2025-08-08 14:14:30","2025-08-08 14:14:30"
"6870","7926","not  answered","98","2025-08-08 14:16:14","2025-08-08 14:16:14"
"6871","7935","they are also a it company, not required","98","2025-08-08 14:20:18","2025-08-08 14:20:18"
"6872","7937","ask to share the proposal, proposal sent","98","2025-08-08 14:24:39","2025-08-08 14:24:39"
"6873","7942","they are also a designer,,not required,","98","2025-08-08 14:26:10","2025-08-08 14:26:10"
"6874","7955","not required","98","2025-08-08 14:27:44","2025-08-08 14:27:44"
"6875","7956","not required","98","2025-08-08 14:29:47","2025-08-08 14:29:47"
"6876","6906","line busy","98","2025-08-08 14:32:08","2025-08-08 14:32:08"
"6877","6960","not answered","98","2025-08-08 14:34:31","2025-08-08 14:34:31"
"6878","6966","line busy on another call","98","2025-08-08 14:35:35","2025-08-08 14:35:35"
"6879","7026","not answered","98","2025-08-08 14:37:12","2025-08-08 14:37:12"
"6880","7901","not answered","98","2025-08-08 14:39:35","2025-08-08 14:39:35"
"6881","7943","havent check, ask to share the sports website,","98","2025-08-08 14:42:42","2025-08-08 14:42:42"
"6882","7088","not responding","98","2025-08-08 14:44:39","2025-08-08 14:44:39"
"6883","7132","not answered","98","2025-08-08 14:46:07","2025-08-08 14:46:07"
"6884","7964","he cut the call","98","2025-08-08 14:51:15","2025-08-08 14:51:15"
"6885","7946","powered off","98","2025-08-08 15:02:26","2025-08-08 15:02:26"
"6886","7965","not answered","98","2025-08-08 15:04:50","2025-08-08 15:04:50"
"6887","7977","firstly he pick and then in the mid of discusion he cut the call","98","2025-08-08 15:18:40","2025-08-08 15:18:40"
"6888","7980","call after jumma","98","2025-08-08 15:23:08","2025-08-08 15:23:08"
"6889","7981","call at monday for meeting, right now busy","98","2025-08-08 17:32:57","2025-08-08 17:32:57"
"6890","7980","line busy","98","2025-08-08 17:36:31","2025-08-08 17:36:31"
"6891","7983","also a it company, not required","98","2025-08-08 17:39:28","2025-08-08 17:39:28"
"6892","7984","not required,","98","2025-08-08 17:45:54","2025-08-08 17:45:54"
"6893","7987","not responding","98","2025-08-08 17:47:42","2025-08-08 17:47:42"
"6894","7999","not answered","98","2025-08-08 17:57:11","2025-08-08 17:57:11"
"6895","8001","not answered","98","2025-08-08 17:59:05","2025-08-08 17:59:05"
"6896","8002","he is travelling, cant talk now, call at monday","98","2025-08-08 18:02:25","2025-08-08 18:02:25"
"6897","8007","not answered","98","2025-08-08 18:07:54","2025-08-08 18:07:54"
"6898","8010","not answered","98","2025-08-08 18:12:07","2025-08-08 18:12:07"
"6899","8012","if required, he will contact, send details","98","2025-08-08 18:23:56","2025-08-08 18:23:56"
"6900","7212","not required,","98","2025-08-11 13:32:34","2025-08-11 13:32:34"
"6901","7218","not answered","98","2025-08-11 13:34:49","2025-08-11 13:34:49"
"6902","7229","not answered","98","2025-08-11 13:37:11","2025-08-11 13:37:11"
"6903","7231","not responding","98","2025-08-11 13:39:20","2025-08-11 13:39:20"
"6904","7891","not required","98","2025-08-11 13:41:37","2025-08-11 13:41:37"
"6905","7915","ask to share the proposal on whatsapp.","98","2025-08-11 13:43:55","2025-08-11 13:43:55"
"6906","7916","not answered","98","2025-08-11 13:47:16","2025-08-11 13:47:16"
"6907","7926","not answered","98","2025-08-11 13:49:29","2025-08-11 13:49:29"
"6908","7946","powered off","98","2025-08-11 13:50:45","2025-08-11 13:50:45"
"6909","7947","not interested","98","2025-08-11 13:52:51","2025-08-11 13:52:51"
"6910","7949","ask to share details,","98","2025-08-11 13:57:26","2025-08-11 13:57:26"
"6911","7988","not interested","11","2025-08-11 13:58:44","2025-08-11 13:58:44"
"6912","7965","not responding","98","2025-08-11 14:02:11","2025-08-11 14:02:11"
"6913","7967","not answered","98","2025-08-11 14:03:27","2025-08-11 14:03:27"
"6914","7967","not answered","98","2025-08-11 14:03:27","2025-08-11 14:03:27"
"6915","7991","No Answer","11","2025-08-11 14:04:46","2025-08-11 14:04:46"
"6916","7974","not answered","98","2025-08-11 14:05:35","2025-08-11 14:05:35"
"6917","7980","not answered","98","2025-08-11 14:07:04","2025-08-11 14:07:04"
"6918","7980","not responding","98","2025-08-11 14:07:22","2025-08-11 14:07:22"
"6919","7987","powered off","98","2025-08-11 14:11:18","2025-08-11 14:11:18"
"6920","7999","line busy","98","2025-08-11 14:13:05","2025-08-11 14:13:05"
"6921","7994","invalid no","11","2025-08-11 14:15:37","2025-08-11 14:15:37"
"6922","7995","No Answer","11","2025-08-11 14:26:29","2025-08-11 14:26:29"
"6923","8001","not responding","98","2025-08-11 14:27:58","2025-08-11 14:27:58"
"6924","8002","ask to share details on whatsapp","98","2025-08-11 14:32:40","2025-08-11 14:32:40"
"6925","8007","not required","98","2025-08-11 14:35:41","2025-08-11 14:35:41"
"6926","7132","busy on another call","98","2025-08-11 14:37:37","2025-08-11 14:37:37"
"6927","7981","line busy on another call","98","2025-08-11 15:01:51","2025-08-11 15:01:51"
"6928","7996","no answer","11","2025-08-11 15:02:31","2025-08-11 15:02:31"
"6929","7951","busy on another call","98","2025-08-11 15:03:36","2025-08-11 15:03:36"
"6930","6968","he will update, when he will reached at office","98","2025-08-11 15:07:06","2025-08-11 15:07:06"
"6931","7998","no answer","11","2025-08-11 15:07:23","2025-08-11 15:07:23"
"6932","7026","not answered","98","2025-08-11 15:08:26","2025-08-11 15:08:26"
"6933","8003","no answer","11","2025-08-11 15:10:02","2025-08-11 15:10:02"
"6934","7086","not answered","98","2025-08-11 15:10:08","2025-08-11 15:10:08"
"6935","7901","not answered","98","2025-08-11 15:12:08","2025-08-11 15:12:08"
"6936","7937","not answered","98","2025-08-11 15:14:14","2025-08-11 15:14:14"
"6937","8004","not responding","11","2025-08-11 15:14:36","2025-08-11 15:14:36"
"6938","7943","details sent now","98","2025-08-11 15:16:39","2025-08-11 15:16:39"
"6939","8008","he cut the call midway not interested","11","2025-08-11 15:17:26","2025-08-11 15:17:26"
"6940","2234","okay from his side, he will come to our office for contract details, ask to schedule a time or physical meeting at our office, send a day or time of next week.","98","2025-08-11 15:21:56","2025-08-11 15:21:56"
"6941","8024","they already have a website","11","2025-08-11 15:25:06","2025-08-11 15:25:06"
"6942","8027","No answer","11","2025-08-11 15:30:16","2025-08-11 15:30:16"
"6943","8028","powered off","98","2025-08-11 15:34:31","2025-08-11 15:34:31"
"6944","8029","call after 1 hour","98","2025-08-11 15:37:43","2025-08-11 15:37:43"
"6945","8033","not answered","98","2025-08-11 15:39:11","2025-08-11 15:39:11"
"6946","8028","he cut the call midway not interested","11","2025-08-11 15:40:02","2025-08-11 15:40:02"
"6947","8040","not responding","98","2025-08-11 15:40:24","2025-08-11 15:40:24"
"6948","8043","not  required","98","2025-08-11 15:42:57","2025-08-11 15:42:57"
"6949","8048","not answered","98","2025-08-11 17:47:46","2025-08-11 17:47:46"
"6950","8051","not required","98","2025-08-11 17:51:05","2025-08-11 17:51:05"
"6951","8054","not required","98","2025-08-11 17:52:26","2025-08-11 17:52:26"
"6952","8057","he is busy now","98","2025-08-11 18:03:34","2025-08-11 18:03:34"
"6953","8062","share details, if required, he will contact","98","2025-08-11 18:05:24","2025-08-11 18:05:24"
"6954","8063","not required.","98","2025-08-11 18:08:17","2025-08-11 18:08:17"
"6955","8067","ask to share details,","98","2025-08-11 18:10:45","2025-08-11 18:10:45"
"6956","8068","not responding","98","2025-08-11 18:11:43","2025-08-11 18:11:43"
"6957","8069","he declined, line busy","98","2025-08-11 18:14:10","2025-08-11 18:14:10"
"6958","8071","ask to share details,","98","2025-08-11 18:15:49","2025-08-11 18:15:49"
"6959","7926","not answered","98","2025-08-12 13:32:39","2025-08-12 13:32:39"
"6960","7950","not answered","98","2025-08-12 13:34:51","2025-08-12 13:34:51"
"6961","7965","he didnt say anything,","98","2025-08-12 13:36:55","2025-08-12 13:36:55"
"6962","7967","not answered","98","2025-08-12 13:38:10","2025-08-12 13:38:10"
"6963","7987","powered off","98","2025-08-12 13:39:18","2025-08-12 13:39:18"
"6964","7991","not responding","98","2025-08-12 13:40:39","2025-08-12 13:40:39"
"6965","7994","wrong number,","98","2025-08-12 13:42:34","2025-08-12 13:42:34"
"6966","7995","not answered","98","2025-08-12 13:44:08","2025-08-12 13:44:08"
"6967","7996","right now not interested, will contact if required","98","2025-08-12 13:48:30","2025-08-12 13:48:30"
"6968","7998","not answered","98","2025-08-12 13:50:04","2025-08-12 13:50:04"
"6969","7999","wrong number, wrong lead","98","2025-08-12 13:51:24","2025-08-12 13:51:24"
"6970","8001","already have a designed website","98","2025-08-12 13:53:27","2025-08-12 13:53:27"
"6971","8085","not interested","11","2025-08-12 13:54:28","2025-08-12 13:54:28"
"6972","8003","not required","98","2025-08-12 13:54:52","2025-08-12 13:54:52"
"6973","8010","meeting scheduled for today","98","2025-08-12 13:59:43","2025-08-12 13:59:43"
"6974","8086","will contact us if required","11","2025-08-12 14:00:29","2025-08-12 14:00:29"
"6975","8027","not answered","98","2025-08-12 14:03:01","2025-08-12 14:03:01"
"6976","8087","they already have a website","11","2025-08-12 14:07:00","2025-08-12 14:07:00"
"6977","8033","ask to share details, details sent","98","2025-08-12 14:08:14","2025-08-12 14:08:14"
"6978","8040","not required now","98","2025-08-12 14:09:50","2025-08-12 14:09:50"
"6979","8048","not answered","98","2025-08-12 14:11:29","2025-08-12 14:11:29"
"6980","8088","not interested","11","2025-08-12 14:11:32","2025-08-12 14:11:32"
"6981","8089","he said call me later","11","2025-08-12 14:18:02","2025-08-12 14:18:02"
"6982","8057","he will ask to his department then will let us know.call at 2nd half","98","2025-08-12 14:18:17","2025-08-12 14:18:17"
"6983","8063","not answered","98","2025-08-12 14:20:04","2025-08-12 14:20:04"
"6984","8090","line busy on another call","11","2025-08-12 14:20:07","2025-08-12 14:20:07"
"6985","8069","not answered","98","2025-08-12 14:22:37","2025-08-12 14:22:37"
"6986","8091","no answer","11","2025-08-12 14:22:48","2025-08-12 14:22:48"
"6987","8094","he cut the call midway","11","2025-08-12 14:25:04","2025-08-12 14:25:04"
"6988","8096","not responding","11","2025-08-12 14:29:11","2025-08-12 14:29:11"
"6989","8073","not answered","98","2025-08-12 14:40:02","2025-08-12 14:40:02"
"6990","8074","not answered","98","2025-08-12 14:42:00","2025-08-12 14:42:00"
"6991","8079","not required","98","2025-08-12 14:43:57","2025-08-12 14:43:57"
"6992","8097","asked to send proposal","11","2025-08-12 14:45:20","2025-08-12 14:45:20"
"6993","8081","ask to share details, will contact soon, he is preparing his factory right now,","98","2025-08-12 14:47:53","2025-08-12 14:47:53"
"6994","8098","No Answer","11","2025-08-12 14:50:04","2025-08-12 14:50:04"
"6995","8082","not answered","98","2025-08-12 14:50:36","2025-08-12 14:50:36"
"6996","8083","ask to share the details,","98","2025-08-12 14:54:11","2025-08-12 14:54:11"
"6997","7088","not responding","98","2025-08-12 14:55:29","2025-08-12 14:55:29"
"6998","7132","line busy","98","2025-08-12 14:56:05","2025-08-12 14:56:05"
"6999","8099","no answer","11","2025-08-12 14:56:38","2025-08-12 14:56:38"
"7000","7981","line busy on another call","98","2025-08-12 14:57:08","2025-08-12 14:57:08"
"7001","8100","no answer","11","2025-08-12 14:58:24","2025-08-12 14:58:24"
"7002","8029","not answered","98","2025-08-12 14:59:22","2025-08-12 14:59:22"
"7003","6968","not answered","98","2025-08-12 15:01:23","2025-08-12 15:01:23"
"7004","7026","line busy on another call","98","2025-08-12 15:03:24","2025-08-12 15:03:24"
"7005","8101","no answer","11","2025-08-12 15:03:35","2025-08-12 15:03:35"
"7006","7086","not answered","98","2025-08-12 15:05:42","2025-08-12 15:05:42"
"7007","8102","asked to send proposal","11","2025-08-12 15:06:00","2025-08-12 15:06:00"
"7008","7901","not answered","98","2025-08-12 15:07:25","2025-08-12 15:07:25"
"7009","7915","not answered","98","2025-08-12 15:08:37","2025-08-12 15:08:37"
"7010","8105","no answer","11","2025-08-12 15:09:30","2025-08-12 15:09:30"
"7011","7937","not responding","98","2025-08-12 15:10:27","2025-08-12 15:10:27"
"7012","7943","line busy on another call","98","2025-08-12 15:11:27","2025-08-12 15:11:27"
"7013","8106","no answer","11","2025-08-12 15:12:07","2025-08-12 15:12:07"
"7014","7949","not answered","98","2025-08-12 15:13:56","2025-08-12 15:13:56"
"7015","8107","no answer","11","2025-08-12 15:14:02","2025-08-12 15:14:02"
"7016","8002","not responding","98","2025-08-12 15:15:11","2025-08-12 15:15:11"
"7017","8109","no answer","11","2025-08-12 15:16:41","2025-08-12 15:16:41"
"7018","8067","not answered","98","2025-08-12 15:17:18","2025-08-12 15:17:18"
"7019","8071","not answered","98","2025-08-12 15:18:29","2025-08-12 15:18:29"
"7020","8110","asked to send proposal","11","2025-08-12 15:21:00","2025-08-12 15:21:00"
"7021","8112","line busy on another call","11","2025-08-12 15:22:43","2025-08-12 15:22:43"
"7022","8114","they already have a website","11","2025-08-12 15:26:11","2025-08-12 15:26:11"
"7023","8116","will contact if required","11","2025-08-12 15:28:21","2025-08-12 15:28:21"
"7024","8117","not interested","11","2025-08-12 15:30:18","2025-08-12 15:30:18"
"7025","8119","not interested","11","2025-08-12 15:33:29","2025-08-12 15:33:29"
"7026","8122","line busy on another call","11","2025-08-12 15:35:15","2025-08-12 15:35:15"
"7027","8123","not responding","11","2025-08-12 15:38:45","2025-08-12 15:38:45"
"7028","8125","alr hv website","11","2025-08-12 15:41:12","2025-08-12 15:41:12"
"7029","8126","will contact if required","11","2025-08-12 15:43:19","2025-08-12 15:43:19"
"7030","8127","not interested","11","2025-08-12 15:45:17","2025-08-12 15:45:17"
"7031","6920","no answer","11","2025-08-12 15:46:37","2025-08-12 15:46:37"
"7032","6925","invalid no","11","2025-08-12 15:49:10","2025-08-12 15:49:10"
"7033","2449","not responding","98","2025-08-12 17:54:55","2025-08-12 17:54:55"
"7034","2469","not responding","98","2025-08-12 17:56:29","2025-08-12 17:56:29"
"7035","2480","not responding","98","2025-08-12 17:58:15","2025-08-12 17:58:15"
"7036","2485","not responding","98","2025-08-12 17:59:15","2025-08-12 17:59:15"
"7037","2486","not responding","98","2025-08-12 17:59:56","2025-08-12 17:59:56"
"7038","2487","not required","98","2025-08-12 18:01:12","2025-08-12 18:01:12"
"7039","2234","he will update us at evenning for the meeting time.","98","2025-08-18 13:30:23","2025-08-18 13:30:23"
"7040","6968","he is sleeping now, call later","98","2025-08-18 13:37:20","2025-08-18 13:37:20"
"7041","7026","he declined, line busy","98","2025-08-18 13:38:36","2025-08-18 13:38:36"
"7042","7086","not required, he is saying he is plaining to  wind up all the things.","98","2025-08-18 13:42:20","2025-08-18 13:42:20"
"7043","7901","not answered","98","2025-08-18 13:44:51","2025-08-18 13:44:51"
"7044","7915","charges are high, and not plainning to make a website .","98","2025-08-18 13:47:46","2025-08-18 13:47:46"
"7045","7937","not responding","98","2025-08-18 13:49:05","2025-08-18 13:49:05"
"7046","7943","infuture he will contact .","98","2025-08-18 13:52:00","2025-08-18 13:52:00"
"7047","7949","not answered","98","2025-08-18 13:54:06","2025-08-18 13:54:06"
"7048","8002","not required","98","2025-08-18 13:56:48","2025-08-18 13:56:48"
"7049","8067","not answered","98","2025-08-18 13:58:25","2025-08-18 13:58:25"
"7050","8071","not answered","98","2025-08-18 14:00:04","2025-08-18 14:00:04"
"7051","8083","ask to share detail again","98","2025-08-18 14:03:28","2025-08-18 14:03:28"
"7052","8097","havent check, follow up","98","2025-08-18 14:05:26","2025-08-18 14:05:26"
"7053","8102","ask to send again ,","98","2025-08-18 14:07:44","2025-08-18 14:07:44"
"7054","8110","ask for digital marketing, call again , right now in a meeting","98","2025-08-18 14:11:29","2025-08-18 14:11:29"
"7055","7950","right now, not interested","98","2025-08-18 14:29:14","2025-08-18 14:29:14"
"7056","7926","not answered","98","2025-08-18 14:33:22","2025-08-18 14:33:22"
"7057","7967","not responding","98","2025-08-18 14:35:50","2025-08-18 14:35:50"
"7058","7991","not responding","98","2025-08-18 14:36:44","2025-08-18 14:36:44"
"7059","7995","not answered","98","2025-08-18 14:38:08","2025-08-18 14:38:08"
"7060","8027","not available","98","2025-08-18 14:39:50","2025-08-18 14:39:50"
"7061","8033","line busy on another call","98","2025-08-18 14:42:10","2025-08-18 14:42:10"
"7062","8048","not answered","98","2025-08-18 14:43:48","2025-08-18 14:43:48"
"7063","8068","not responding","98","2025-08-18 14:47:34","2025-08-18 14:47:34"
"7064","8069","powered off","98","2025-08-18 14:48:28","2025-08-18 14:48:28"
"7065","8073","ask to share detail on whatsapp","98","2025-08-18 14:51:46","2025-08-18 14:51:46"
"7066","8074","not required now","98","2025-08-18 14:53:35","2025-08-18 14:53:35"
"7067","8082","not responding","98","2025-08-18 14:55:36","2025-08-18 14:55:36"
"7068","8096","right now busy, call later","98","2025-08-18 14:57:19","2025-08-18 14:57:19"
"7069","8098","not responding","98","2025-08-18 14:58:27","2025-08-18 14:58:27"
"7070","8099","not responding","98","2025-08-18 15:00:03","2025-08-18 15:00:03"
"7071","8100","not answered","98","2025-08-18 15:01:38","2025-08-18 15:01:38"
"7072","8101","powered off","98","2025-08-18 15:02:39","2025-08-18 15:02:39"
"7073","8105","not answered","98","2025-08-18 15:04:28","2025-08-18 15:04:28"
"7074","8106","not answered","98","2025-08-18 15:06:03","2025-08-18 15:06:03"
"7075","8107","already in process,not required.","98","2025-08-18 15:08:07","2025-08-18 15:08:07"
"7076","8109","call at eveninng,right now he is drivin, also want to make a website","98","2025-08-18 15:10:53","2025-08-18 15:10:53"
"7077","8112","already in process, not required","98","2025-08-18 15:12:29","2025-08-18 15:12:29"
"7078","8122","not required now","98","2025-08-18 15:14:28","2025-08-18 15:14:28"
"7079","8123","not responding","98","2025-08-18 15:15:31","2025-08-18 15:15:31"
"7080","6920","not responding","98","2025-08-18 15:17:00","2025-08-18 15:17:00"
"7081","8082","not responding","98","2025-08-19 13:30:31","2025-08-19 13:30:31"
"7082","8096","not answered","98","2025-08-19 13:32:37","2025-08-19 13:32:37"
"7083","8098","not responding","98","2025-08-19 13:34:03","2025-08-19 13:34:03"
"7084","8099","call after 30 mins,","98","2025-08-19 13:35:51","2025-08-19 13:35:51"
"7085","8100","not responding","98","2025-08-19 13:36:38","2025-08-19 13:36:38"
"7086","8101","powered off","98","2025-08-19 13:38:00","2025-08-19 13:38:00"
"7087","8105","call after sometime, right now busy","98","2025-08-19 13:39:32","2025-08-19 13:39:32"
"7088","8106","not answered","98","2025-08-19 13:42:04","2025-08-19 13:42:04"
"7089","8109","not responding","98","2025-08-19 13:43:00","2025-08-19 13:43:00"
"7090","8123","line busy on another call","98","2025-08-19 13:44:20","2025-08-19 13:44:20"
"7091","6920","right now in  a  meeting, call later","98","2025-08-19 13:46:02","2025-08-19 13:46:02"
"7092","7026","declined, line busy","98","2025-08-19 13:47:32","2025-08-19 13:47:32"
"7093","7901","not answered","98","2025-08-19 14:05:08","2025-08-19 14:05:08"
"7094","7937","not responding","98","2025-08-19 14:06:37","2025-08-19 14:06:37"
"7095","7949","not answered","98","2025-08-19 14:08:20","2025-08-19 14:08:20"
"7096","8033","Meeting scheduled for today at 4 pm","98","2025-08-19 14:15:22","2025-08-19 14:15:22"
"7097","8067","not answered","98","2025-08-19 14:17:16","2025-08-19 14:17:16"
"7098","8071","not answered","98","2025-08-19 14:18:36","2025-08-19 14:18:36"
"7099","8073","not answered","98","2025-08-19 14:20:04","2025-08-19 14:20:04"
"7100","8081","he is not well now, will contact soon.","98","2025-08-19 14:21:48","2025-08-19 14:21:48"
"7101","8083","call after sometime","98","2025-08-19 14:23:30","2025-08-19 14:23:30"
"7102","8097","he is busy , call  later","98","2025-08-19 14:26:59","2025-08-19 14:26:59"
"7103","8097","declined, line busy","98","2025-08-19 14:27:18","2025-08-19 14:27:18"
"7104","8102","not responding","98","2025-08-19 14:28:54","2025-08-19 14:28:54"
"7105","8110","ask to text on whatsapp.","98","2025-08-19 14:31:48","2025-08-19 14:31:48"
"7106","7088","not responding","98","2025-08-19 14:33:55","2025-08-19 14:33:55"
"7107","7132","meeting scheduled for tomorrow at 3 pm","98","2025-08-19 14:42:13","2025-08-19 14:42:13"
"7108","7981","not answered","98","2025-08-19 14:44:44","2025-08-19 14:44:44"
"7109","8029","not required now","98","2025-08-19 14:47:25","2025-08-19 14:47:25"
"7110","8029","not required now","98","2025-08-19 14:47:25","2025-08-19 14:47:25"
"7111","8057","not answered","98","2025-08-19 14:49:02","2025-08-19 14:49:02"
"7112","8089","not interested","98","2025-08-19 14:50:59","2025-08-19 14:50:59"
"7113","8099","firstly he pick and then he cut the call","98","2025-08-19 14:52:29","2025-08-19 14:52:29"
"7114","6920","not interested","98","2025-08-19 15:08:34","2025-08-19 15:08:34"
"7115","2549","not responding","98","2025-08-19 15:22:23","2025-08-19 15:22:23"
"7116","2234","line busy","98","2025-08-19 15:36:15","2025-08-19 15:36:15"
"7117","2556","not responding","98","2025-08-19 15:37:50","2025-08-19 15:37:50"
"7118","2561","not responding","98","2025-08-19 15:38:31","2025-08-19 15:38:31"
"7119","2565","not answered","98","2025-08-19 15:40:10","2025-08-19 15:40:10"
"7120","2575","not required","98","2025-08-19 17:40:28","2025-08-19 17:40:28"
"7121","2578","not responding","98","2025-08-19 17:41:25","2025-08-19 17:41:25"
"7122","2614","not answered","98","2025-08-19 17:46:18","2025-08-19 17:46:18"
"7123","2626","not responding","98","2025-08-19 17:47:25","2025-08-19 17:47:25"
"7124","2626","not responding","98","2025-08-19 17:47:25","2025-08-19 17:47:25"
"7125","2636","not answered","98","2025-08-19 17:49:21","2025-08-19 17:49:21"
"7126","2638","not responding","98","2025-08-19 17:50:20","2025-08-19 17:50:20"
"7127","2649","not responding","98","2025-08-19 17:51:24","2025-08-19 17:51:24"
"7128","2661","not responding","98","2025-08-19 18:00:26","2025-08-19 18:00:26"
"7129","2669","not responding","98","2025-08-19 18:01:30","2025-08-19 18:01:30"
"7130","2679","not required now","98","2025-08-19 18:03:19","2025-08-19 18:03:19"
"7131","2685","not interested","98","2025-08-19 18:05:05","2025-08-19 18:05:05"
"7132","2685","not interested","98","2025-08-19 18:05:05","2025-08-19 18:05:05"
"7133","2234","not answered","98","2025-08-19 18:09:20","2025-08-19 18:09:20"
"7134","2694","not required","98","2025-08-19 18:11:48","2025-08-19 18:11:48"
"7135","2697","not responding","98","2025-08-19 18:14:38","2025-08-19 18:14:38"
"7136","2704","not answered","98","2025-08-19 18:16:36","2025-08-19 18:16:36"
"7137","2722","not answered","98","2025-08-19 18:19:09","2025-08-19 18:19:09"
"7138","2724","invalid number","98","2025-08-19 18:20:08","2025-08-19 18:20:08"
"7139","8033","he declined, line  busy","98","2025-08-19 18:54:53","2025-08-19 18:54:53"
"7140","2234","meeting scheduled, he will came to our office tomorrow.","98","2025-08-20 13:42:58","2025-08-20 13:42:58"
"7141","8096","not answered","98","2025-08-20 13:44:52","2025-08-20 13:44:52"
"7142","8098","not responding","98","2025-08-20 13:46:15","2025-08-20 13:46:15"
"7143","8100","not interested now","98","2025-08-20 13:47:53","2025-08-20 13:47:53"
"7144","8101","powered off","98","2025-08-20 13:48:52","2025-08-20 13:48:52"
"7145","8106","ask for physical meeting,","98","2025-08-20 13:53:37","2025-08-20 13:53:37"
"7146","8123","not answered","98","2025-08-20 13:55:23","2025-08-20 13:55:23"
"7147","7981","not answered","98","2025-08-20 13:58:07","2025-08-20 13:58:07"
"7148","8057","not answered","98","2025-08-20 13:59:23","2025-08-20 13:59:23"
"7149","8105","already have a website,not required","98","2025-08-20 14:02:15","2025-08-20 14:02:15"
"7150","8109","not answered","98","2025-08-20 14:03:53","2025-08-20 14:03:53"
"7151","6968","not answered","98","2025-08-20 14:25:58","2025-08-20 14:25:58"
"7152","7949","not answered","98","2025-08-20 14:29:11","2025-08-20 14:29:11"
"7153","8067","not answered","98","2025-08-20 14:31:52","2025-08-20 14:31:52"
"7154","8071","not answered","98","2025-08-20 14:34:45","2025-08-20 14:34:45"
"7155","8073","not answered","98","2025-08-20 14:37:05","2025-08-20 14:37:05"
"7156","8073","not answered","98","2025-08-20 14:37:05","2025-08-20 14:37:05"
"7157","8081","not answered","98","2025-08-20 14:38:34","2025-08-20 14:38:34"
"7158","8083","not required now","98","2025-08-20 14:40:37","2025-08-20 14:40:37"
"7159","8097","he said  i am busy , dont call now","98","2025-08-20 14:43:15","2025-08-20 14:43:15"
"7160","8102","ask to send again","98","2025-08-20 14:45:54","2025-08-20 14:45:54"
"7161","8110","not answered","98","2025-08-20 14:47:52","2025-08-20 14:47:52"
"7162","6706","not responding","98","2025-08-20 14:49:20","2025-08-20 14:49:20"
"7163","2431","not answered","98","2025-08-20 14:54:41","2025-08-20 14:54:41"
"7164","2449","not responding","98","2025-08-20 14:56:31","2025-08-20 14:56:31"
"7165","2454","call after sometime","98","2025-08-20 14:58:19","2025-08-20 14:58:19"
"7166","2469","not responding","98","2025-08-20 15:01:11","2025-08-20 15:01:11"
"7167","2469","not responding","98","2025-08-20 15:01:13","2025-08-20 15:01:13"
"7168","2469","not responding","98","2025-08-20 15:01:15","2025-08-20 15:01:15"
"7169","2480","not responding","98","2025-08-20 15:06:40","2025-08-20 15:06:40"
"7170","2485","not responding","98","2025-08-20 15:07:39","2025-08-20 15:07:39"
"7171","2486","not responding","98","2025-08-20 15:10:03","2025-08-20 15:10:03"
"7172","2507","not answered","98","2025-08-20 15:11:42","2025-08-20 15:11:42"
"7173","2523","not responding","98","2025-08-20 15:12:24","2025-08-20 15:12:24"
"7174","2536","not responding","98","2025-08-20 15:13:05","2025-08-20 15:13:05"
"7175","2549","not responding","98","2025-08-20 15:13:45","2025-08-20 15:13:45"
"7176","2556","not responding","98","2025-08-20 15:14:30","2025-08-20 15:14:30"
"7177","2561","not responding","98","2025-08-20 15:15:11","2025-08-20 15:15:11"
"7178","2565","not answered","98","2025-08-20 15:17:17","2025-08-20 15:17:17"
"7179","2591","he will discuss , call after sometime","98","2025-08-20 15:20:05","2025-08-20 15:20:05"
"7180","2614","not answered","98","2025-08-20 15:29:10","2025-08-20 15:29:10"
"7181","2626","not answered","98","2025-08-20 15:30:25","2025-08-20 15:30:25"
"7182","2636","not answered","98","2025-08-20 15:31:56","2025-08-20 15:31:56"
"7183","2638","not responding","98","2025-08-20 15:32:39","2025-08-20 15:32:39"
"7184","2649","not responding","98","2025-08-20 17:43:15","2025-08-20 17:43:15"
"7185","2661","not responding","98","2025-08-20 17:44:27","2025-08-20 17:44:27"
"7186","2669","not responding","98","2025-08-20 17:45:11","2025-08-20 17:45:11"
"7187","2722","not answered","98","2025-08-20 17:47:09","2025-08-20 17:47:09"
"7188","2524","not responding","98","2025-08-20 18:00:41","2025-08-20 18:00:41"
"7189","2695","not responding","98","2025-08-20 18:04:16","2025-08-20 18:04:16"
"7190","2697","not responding","98","2025-08-20 18:07:47","2025-08-20 18:07:47"
"7191","2704","not answered","98","2025-08-20 18:10:24","2025-08-20 18:10:24"
"7192","2764","not answered","98","2025-08-20 18:21:41","2025-08-20 18:21:41"
"7193","8033","meeting reschedule for tomorrow at 2:30 pm","98","2025-08-20 18:53:13","2025-08-20 18:53:13"
"7194","8096","not answered","98","2025-08-21 13:33:53","2025-08-21 13:33:53"
"7195","2431","not responding","98","2025-08-21 13:39:10","2025-08-21 13:39:10"
"7196","2480","not responding","98","2025-08-21 13:41:36","2025-08-21 13:41:36"
"7197","2485","not responding","98","2025-08-21 13:42:20","2025-08-21 13:42:20"
"7198","2494","not responding","98","2025-08-21 13:43:00","2025-08-21 13:43:00"
"7199","2507","not answered","98","2025-08-21 13:44:17","2025-08-21 13:44:17"
"7200","2523","not responding","98","2025-08-21 13:45:23","2025-08-21 13:45:23"
"7201","2556","not responding","98","2025-08-21 13:46:06","2025-08-21 13:46:06"
"7202","2565","not answered","98","2025-08-21 13:47:35","2025-08-21 13:47:35"
"7203","2578","not responding","98","2025-08-21 13:48:12","2025-08-21 13:48:12"
"7204","2614","not answered","98","2025-08-21 13:49:46","2025-08-21 13:49:46"
"7205","2636","not answered","98","2025-08-21 13:53:40","2025-08-21 13:53:40"
"7206","2638","not responding","98","2025-08-21 13:54:33","2025-08-21 13:54:33"
"7207","2649","not responding","98","2025-08-21 13:55:10","2025-08-21 13:55:10"
"7208","2661","not responding","98","2025-08-21 13:55:53","2025-08-21 13:55:53"
"7209","2669","not responding","98","2025-08-21 13:56:37","2025-08-21 13:56:37"
"7210","2695","not responding","98","2025-08-21 13:57:17","2025-08-21 13:57:17"
"7211","2704","not answered","98","2025-08-21 13:58:43","2025-08-21 13:58:43"
"7212","2722","not answered","98","2025-08-21 14:00:56","2025-08-21 14:00:56"
"7213","2743","number not in use","98","2025-08-21 14:01:42","2025-08-21 14:01:42"
"7214","2764","number not in use","98","2025-08-21 14:03:00","2025-08-21 14:03:00"
"7215","2520","team is busy , they will contact","98","2025-08-21 14:06:20","2025-08-21 14:06:20"
"7216","2524","not responding","98","2025-08-21 14:07:45","2025-08-21 14:07:45"
"7217","2697","not responding","98","2025-08-21 14:10:25","2025-08-21 14:10:25"
"7218","2790","he will call us after when he get free","98","2025-08-21 14:35:05","2025-08-21 14:35:05"
"7219","2800","not required,","98","2025-08-21 14:40:51","2025-08-21 14:40:51"
"7220","8057","not answered","98","2025-08-21 14:43:50","2025-08-21 14:43:50"
"7221","8057","not answered","98","2025-08-21 14:43:50","2025-08-21 14:43:50"
"7222","8109","not responding","98","2025-08-21 14:44:37","2025-08-21 14:44:37"
"7223","6968","not answered","98","2025-08-21 14:47:13","2025-08-21 14:47:13"
"7224","8102","line busy","98","2025-08-21 14:50:33","2025-08-21 14:50:33"
"7225","8110","not required now, if required he will definitely contact","98","2025-08-21 14:55:03","2025-08-21 14:55:03"
"7226","6706","call later","98","2025-08-21 15:04:29","2025-08-21 15:04:29"
"7227","7946","powered off","98","2025-08-21 15:05:23","2025-08-21 15:05:23"
"7228","7987","powered off","98","2025-08-21 15:24:54","2025-08-21 15:24:54"
"7229","7991","not responding","98","2025-08-21 15:27:21","2025-08-21 15:27:21"
"7230","2814","not answered","98","2025-08-21 15:35:52","2025-08-21 15:35:52"
"7231","2817","not answered","98","2025-08-21 15:38:17","2025-08-21 15:38:17"
"7232","7132","call at 4pm for meeting confirmation","98","2025-08-21 17:40:32","2025-08-21 17:40:32"
"7233","8082","not answered","98","2025-08-21 17:51:29","2025-08-21 17:51:29"
"7234","6824","not answered","98","2025-08-21 17:54:12","2025-08-21 17:54:12"
"7235","6833","powered off","98","2025-08-21 17:55:16","2025-08-21 17:55:16"
"7236","2387","not answered","98","2025-08-22 13:48:39","2025-08-22 13:48:39"
"7237","2524","not responding","98","2025-08-22 13:49:53","2025-08-22 13:49:53"
"7238","2697","not responding","98","2025-08-22 13:50:55","2025-08-22 13:50:55"
"7239","2773","not interested","98","2025-08-22 13:52:38","2025-08-22 13:52:38"
"7240","2814","not answered","98","2025-08-22 13:55:10","2025-08-22 13:55:10"
"7241","2817","not answered","98","2025-08-22 14:13:47","2025-08-22 14:13:47"
"7242","2431","not responding","98","2025-08-22 14:14:52","2025-08-22 14:14:52"
"7243","2578","not answered","98","2025-08-22 14:15:43","2025-08-22 14:15:43"
"7244","2695","not responding","98","2025-08-22 14:16:24","2025-08-22 14:16:24"
"7245","8096","not answered","98","2025-08-22 14:19:27","2025-08-22 14:19:27"
"7246","8101","powered off","98","2025-08-22 14:20:47","2025-08-22 14:20:47"
"7247","8057","not responding","98","2025-08-22 14:27:36","2025-08-22 14:27:36"
"7248","8109","not responding","98","2025-08-22 14:28:56","2025-08-22 14:28:56"
"7249","8067","not answered","98","2025-08-22 14:34:46","2025-08-22 14:34:46"
"7250","8081","not answered","98","2025-08-22 14:36:10","2025-08-22 14:36:10"
"7251","8102","not answered","98","2025-08-22 14:37:55","2025-08-22 14:37:55"
"7252","2492","call at evening","98","2025-08-22 14:44:32","2025-08-22 14:44:32"
"7253","2527","not interested","98","2025-08-22 14:46:23","2025-08-22 14:46:23"
"7254","6483","not answered","98","2025-08-26 14:35:17","2025-08-26 14:35:17"
"7255","6484","ask to call cfo,","98","2025-08-26 14:38:10","2025-08-26 14:38:10"
"7256","6485","not answered","98","2025-08-26 14:42:36","2025-08-26 14:42:36"
"7257","6486","line busy","98","2025-08-26 14:43:34","2025-08-26 14:43:34"
"7258","6487","already using a software","98","2025-08-26 14:45:40","2025-08-26 14:45:40"
"7259","6494","not answered","98","2025-08-26 14:47:25","2025-08-26 14:47:25"
"7260","6495","not answered","98","2025-08-26 14:48:50","2025-08-26 14:48:50"
"7261","6496","not answered","98","2025-08-26 14:49:46","2025-08-26 14:49:46"
"7262","6497","not responding","98","2025-08-26 14:50:30","2025-08-26 14:50:30"
"7263","6498","not responding","98","2025-08-26 14:51:30","2025-08-26 14:51:30"
"7264","6499","not answered","98","2025-08-26 14:53:27","2025-08-26 14:53:27"
"7265","6500","powered off","98","2025-08-26 15:05:50","2025-08-26 15:05:50"
"7266","6501","not responding","98","2025-08-26 15:06:34","2025-08-26 15:06:34"
"7267","6503","closed","98","2025-08-26 15:07:49","2025-08-26 15:07:49"
"7268","6505","not responding","98","2025-08-26 15:08:47","2025-08-26 15:08:47"
"7269","6506","not interested","98","2025-08-26 15:10:06","2025-08-26 15:10:06"
"7270","6508","already using a software","98","2025-08-26 15:12:33","2025-08-26 15:12:33"
"7271","6508","already using a software","98","2025-08-26 15:12:37","2025-08-26 15:12:37"
"7272","6511","ask to send details on this number. if required he will contact.","98","2025-08-26 15:14:51","2025-08-26 15:14:51"
"7273","6512","not answered","98","2025-08-26 15:17:42","2025-08-26 15:17:42"
"7274","6515","not a big company, not required","98","2025-08-26 15:19:33","2025-08-26 15:19:33"
"7275","6517","powered off","98","2025-08-26 15:20:21","2025-08-26 15:20:21"
"7276","6517","powered off","98","2025-08-26 15:20:21","2025-08-26 15:20:21"
"7277","6518","not answered","98","2025-08-26 15:22:10","2025-08-26 15:22:10"
"7278","6520","call at morning, he will discuss with his team,also ask to send a proposal","98","2025-08-26 15:41:02","2025-08-26 15:41:02"
"7279","6521","he declined, voice distortion","98","2025-08-26 15:43:06","2025-08-26 15:43:06"
"7280","6523","not responding","98","2025-08-26 17:34:29","2025-08-26 17:34:29"
"7281","6524","not responding","98","2025-08-26 17:35:18","2025-08-26 17:35:18"
"7282","6526","not required","98","2025-08-26 17:39:45","2025-08-26 17:39:45"
"7283","6527","line busy","98","2025-08-26 17:41:37","2025-08-26 17:41:37"
"7284","6530","he declined the call.","98","2025-08-26 17:44:14","2025-08-26 17:44:14"
"7285","6532","busy ,share details","98","2025-08-26 17:46:15","2025-08-26 17:46:15"
"7286","6538","not answered","98","2025-08-26 17:51:20","2025-08-26 17:51:20"
"7287","6539","person was unable to understand..","98","2025-08-26 17:54:06","2025-08-26 17:54:06"
"7288","6542","ask to share proposal, he will forward to his it team","98","2025-08-26 17:57:48","2025-08-26 17:57:48"
"7289","6543","meeting scheduled for tomorrow at 10 am","98","2025-08-26 18:04:54","2025-08-26 18:04:54"
"7290","6544","Not responding","98","2025-08-26 18:10:10","2025-08-26 18:10:10"
"7291","6545","not answered","98","2025-08-26 18:12:24","2025-08-26 18:12:24"
"7292","6546","he is in hospital, cant talk now","98","2025-08-26 18:14:00","2025-08-26 18:14:00"
"7293","6547","busy right now,","98","2025-08-26 18:15:46","2025-08-26 18:15:46"
"7294","6551","not answered","98","2025-08-26 18:18:34","2025-08-26 18:18:34"
"7295","6553","he declined the call","98","2025-08-26 18:20:05","2025-08-26 18:20:05"
"7296","6483","not required","98","2025-08-27 13:34:14","2025-08-27 13:34:14"
"7297","6484","line busy on another call","98","2025-08-27 13:36:55","2025-08-27 13:36:55"
"7298","6485","not answered","98","2025-08-27 13:38:48","2025-08-27 13:38:48"
"7299","6486","not responding","98","2025-08-27 13:39:32","2025-08-27 13:39:32"
"7300","6494","he said he will share the number of it manager on whatsapp, talk to him","98","2025-08-27 13:48:56","2025-08-27 13:48:56"
"7301","6495","not answered","98","2025-08-27 13:50:25","2025-08-27 13:50:25"
"7302","6496","not interested","98","2025-08-27 13:52:17","2025-08-27 13:52:17"
"7303","6497","not responding","98","2025-08-27 13:53:20","2025-08-27 13:53:20"
"7304","6498","not responding","98","2025-08-27 13:54:03","2025-08-27 13:54:03"
"7305","6499","he declined in the mid of discussion, not interested","98","2025-08-27 13:55:57","2025-08-27 13:55:57"
"7306","6500","ask to share proposal on email","98","2025-08-27 14:01:53","2025-08-27 14:01:53"
"7307","6501","not responding","98","2025-08-27 14:02:54","2025-08-27 14:02:54"
"7308","6505","not responding","98","2025-08-27 14:07:12","2025-08-27 14:07:12"
"7309","6512","firstly he pick and then declined the call","98","2025-08-27 14:21:52","2025-08-27 14:21:52"
"7310","6517","powered off","98","2025-08-27 14:22:49","2025-08-27 14:22:49"
"7311","6518","not answered","98","2025-08-27 14:24:34","2025-08-27 14:24:34"
"7312","6521","not answered","98","2025-08-27 14:26:14","2025-08-27 14:26:14"
"7313","6523","not required","98","2025-08-27 14:27:30","2025-08-27 14:27:30"
"7314","6524","not responding","98","2025-08-27 14:29:42","2025-08-27 14:29:42"
"7315","6524","not responding","98","2025-08-27 14:29:43","2025-08-27 14:29:43"
"7316","6525","closed","98","2025-08-27 14:30:27","2025-08-27 14:30:27"
"7317","6527","line busy","98","2025-08-27 14:32:28","2025-08-27 14:32:28"
"7318","6530","ask to call at it dep","98","2025-08-27 14:36:45","2025-08-27 14:36:45"
"7319","6530","not answered","98","2025-08-27 14:42:44","2025-08-27 14:42:44"
"7320","6537","ask to share details, will refer to other","98","2025-08-27 15:02:20","2025-08-27 15:02:20"
"7321","6538","not required now","98","2025-08-27 15:03:58","2025-08-27 15:03:58"
"7322","6543","right person is outside for meeting, he will call me and then will do a meeting","98","2025-08-27 15:06:15","2025-08-27 15:06:15"
"7323","6544","not responding","98","2025-08-27 15:07:24","2025-08-27 15:07:24"
"7324","6546","in a hospital now","98","2025-08-27 15:13:58","2025-08-27 15:13:58"
"7325","6547","he declined , not interesed","98","2025-08-27 15:15:28","2025-08-27 15:15:28"
"7326","6557","not answered","98","2025-08-27 15:29:59","2025-08-27 15:29:59"
"7327","6559","call at nextweek","98","2025-08-27 15:32:11","2025-08-27 15:32:11"
"7328","6560","not responding","98","2025-08-27 15:35:26","2025-08-27 15:35:26"
"7329","6560","not responding","98","2025-08-27 15:35:27","2025-08-27 15:35:27"
"7330","6560","not responding","98","2025-08-27 15:35:27","2025-08-27 15:35:27"
"7331","6564","call at friday after jumma,","98","2025-08-27 15:37:53","2025-08-27 15:37:53"
"7332","6567","not answered","98","2025-08-27 15:39:12","2025-08-27 15:39:12"
"7333","6569","ask to share details on whatsapp","98","2025-08-27 15:41:37","2025-08-27 15:41:37"
"7334","6570","not responding","98","2025-08-27 15:43:29","2025-08-27 15:43:29"
"7335","6575","not responding","98","2025-08-27 15:45:08","2025-08-27 15:45:08"
"7336","6576","call after  2 hours","98","2025-08-27 17:40:48","2025-08-27 17:40:48"
"7337","6578","firstly he pick and then he cut the call","98","2025-08-27 17:43:29","2025-08-27 17:43:29"
"7338","6581","line busy","98","2025-08-27 17:44:12","2025-08-27 17:44:12"
"7339","6582","not interested","98","2025-08-27 17:46:05","2025-08-27 17:46:05"
"7340","6583","call it department,","98","2025-08-27 17:48:12","2025-08-27 17:48:12"
"7341","6583","meeting scheduled for today at 3:15 pm","98","2025-08-27 17:56:34","2025-08-27 17:56:34"
"7342","6586","line busy..","98","2025-08-27 17:58:38","2025-08-27 17:58:38"
"7343","6587","not interested","98","2025-08-27 17:59:54","2025-08-27 17:59:54"
"7344","6589","currently using  ,ask to share the proposal,","98","2025-08-27 18:08:45","2025-08-27 18:08:45"
"7345","6590","not required","98","2025-08-27 18:11:09","2025-08-27 18:11:09"
"7346","6595","not answered","98","2025-08-27 18:31:20","2025-08-27 18:31:20"
"7347","6485","not answered","98","2025-08-28 13:31:38","2025-08-28 13:31:38"
"7348","6486","line busy","98","2025-08-28 13:32:34","2025-08-28 13:32:34"
"7349","6495","not answered","98","2025-08-28 13:36:48","2025-08-28 13:36:48"
"7350","6497","not responding","98","2025-08-28 13:37:35","2025-08-28 13:37:35"
"7351","6498","not responding","98","2025-08-28 13:38:27","2025-08-28 13:38:27"
"7352","6501","not responding","98","2025-08-28 13:40:12","2025-08-28 13:40:12"
"7353","6505","not responding","98","2025-08-28 13:41:08","2025-08-28 13:41:08"
"7354","6518","not answered","98","2025-08-28 13:43:32","2025-08-28 13:43:32"
"7355","6521","not answered","98","2025-08-28 13:45:16","2025-08-28 13:45:16"
"7356","6527","not  answered","98","2025-08-28 13:47:05","2025-08-28 13:47:05"
"7357","6544","powered off","98","2025-08-28 13:47:57","2025-08-28 13:47:57"
"7358","6545","not answered","98","2025-08-28 13:49:43","2025-08-28 13:49:43"
"7359","6551","meeting scheduled for today at 3 pm","98","2025-08-28 13:50:25","2025-08-28 13:50:25"
"7360","6567","he declined the call in the mid of the discussion","98","2025-08-28 13:55:17","2025-08-28 13:55:17"
"7361","6570","not responding","98","2025-08-28 13:56:00","2025-08-28 13:56:00"
"7362","6575","other number,,not answered","98","2025-08-28 14:02:36","2025-08-28 14:02:36"
"7363","6581","line busy","98","2025-08-28 14:04:01","2025-08-28 14:04:01"
"7364","6586","line busy","98","2025-08-28 14:04:46","2025-08-28 14:04:46"
"7365","6595","ask to share proposal,,","98","2025-08-28 14:07:55","2025-08-28 14:07:55"
"7366","8101","powered off","98","2025-08-28 14:08:50","2025-08-28 14:08:50"
"7367","6484","not required","98","2025-08-28 14:12:23","2025-08-28 14:12:23"
"7368","6494","meeting schduled for monday at 12 pm","98","2025-08-28 14:23:54","2025-08-28 14:23:54"
"7369","6543","CALL AFTER SOMETIME","98","2025-08-28 14:27:36","2025-08-28 14:27:36"
"7370","6530","line busy","98","2025-08-28 14:34:42","2025-08-28 14:34:42"
"7371","6546","not interested","98","2025-08-28 14:36:42","2025-08-28 14:36:42"
"7372","6576","powered off","98","2025-08-28 14:38:32","2025-08-28 14:38:32"
"7373","6500","havent check yet, will check now , follow up","98","2025-08-28 14:40:14","2025-08-28 14:40:14"
"7374","6520","line busy on another call","98","2025-08-28 14:41:13","2025-08-28 14:41:13"
"7375","6520","line busy on another call","98","2025-08-28 14:41:13","2025-08-28 14:41:13"
"7376","6532","not answered","98","2025-08-28 14:42:25","2025-08-28 14:42:25"
"7377","6537","ask to sent a message on whatsapp.","98","2025-08-28 14:46:26","2025-08-28 14:46:26"
"7378","6542","ask to call after 6 september","98","2025-08-28 14:52:45","2025-08-28 14:52:45"
"7379","6569","powered off","98","2025-08-28 14:55:07","2025-08-28 14:55:07"
"7380","6589","havent check , will check and get back to us,","98","2025-08-28 14:59:40","2025-08-28 14:59:40"
"7381","6591","call after 2 hours","98","2025-08-28 15:09:26","2025-08-28 15:09:26"
"7382","6592","call after sometime.busy  now","98","2025-08-28 15:11:10","2025-08-28 15:11:10"
"7383","6597","not answered","98","2025-08-28 15:12:34","2025-08-28 15:12:34"
"7384","6598","line busy","98","2025-08-28 15:13:29","2025-08-28 15:13:29"
"7385","6599","meeting scheduled for today at 4 pm","98","2025-08-28 15:46:58","2025-08-28 15:46:58"
"7386","6551","meeting reschedule for 5 pm","98","2025-08-28 17:17:29","2025-08-28 17:17:29"
"7387","6551","meeting reschedule for 5 pm","98","2025-08-28 17:17:29","2025-08-28 17:17:29"
"7388","6604","call later, busy now","98","2025-08-28 17:47:41","2025-08-28 17:47:41"
"7389","6606","not responding","98","2025-08-28 17:48:30","2025-08-28 17:48:30"
"7390","6606","not responding","98","2025-08-28 17:48:34","2025-08-28 17:48:34"
"7391","6607","not interested","98","2025-08-28 17:53:29","2025-08-28 17:53:29"
"7392","6607","not interested","98","2025-08-28 17:53:29","2025-08-28 17:53:29"
"7393","6609","not interested","98","2025-08-28 17:59:01","2025-08-28 17:59:01"
"7394","6610","ask to share  details on whatsapp","98","2025-08-28 18:07:24","2025-08-28 18:07:24"
"7395","6610","ask to share  details on whatsapp","98","2025-08-28 18:07:26","2025-08-28 18:07:26"
"7396","6611","ask to share detail on whatsapp","98","2025-08-28 18:15:05","2025-08-28 18:15:05"
"7397","6599","Meeting reschedule. call again for meeting","98","2025-08-28 18:38:03","2025-08-28 18:38:03"
"7398","6485","not answered","98","2025-08-29 13:39:11","2025-08-29 13:39:11"
"7399","6495","not answered","98","2025-08-29 13:40:42","2025-08-29 13:40:42"
"7400","6495","not answered","98","2025-08-29 13:40:42","2025-08-29 13:40:42"
"7401","6497","not responding","98","2025-08-29 13:41:37","2025-08-29 13:41:37"
"7402","6498","not answered","98","2025-08-29 13:42:27","2025-08-29 13:42:27"
"7403","6501","not answered","98","2025-08-29 13:43:13","2025-08-29 13:43:13"
"7404","6505","not answered","98","2025-08-29 13:44:04","2025-08-29 13:44:04"
"7405","6518","not answered","98","2025-08-29 13:45:32","2025-08-29 13:45:32"
"7406","6521","not answered","98","2025-08-29 13:47:04","2025-08-29 13:47:04"
"7407","6527","he declined, line busy","98","2025-08-29 13:48:20","2025-08-29 13:48:20"
"7408","6544","powered off","98","2025-08-29 13:51:07","2025-08-29 13:51:07"
"7409","6545","not answered","98","2025-08-29 13:53:04","2025-08-29 13:53:04"
"7410","6553","not required","98","2025-08-29 13:54:36","2025-08-29 13:54:36"
"7411","6557","not answered","98","2025-08-29 13:56:05","2025-08-29 13:56:05"
"7412","6581","not required","98","2025-08-29 13:59:05","2025-08-29 13:59:05"
"7413","6586","line busy","98","2025-08-29 14:04:05","2025-08-29 14:04:05"
"7414","6586","line busy","98","2025-08-29 14:04:05","2025-08-29 14:04:05"
"7415","6591","not answered","98","2025-08-29 14:05:28","2025-08-29 14:05:28"
"7416","6592","not interested","98","2025-08-29 14:07:32","2025-08-29 14:07:32"
"7417","6595","not answered","98","2025-08-29 14:08:48","2025-08-29 14:08:48"
"7418","6597","not answered","98","2025-08-29 14:10:02","2025-08-29 14:10:02"
"7419","6598","line busy","98","2025-08-29 14:10:43","2025-08-29 14:10:43"
"7420","6604","line busy","98","2025-08-29 14:12:21","2025-08-29 14:12:21"
"7421","6606","not responding","98","2025-08-29 14:12:57","2025-08-29 14:12:57"
"7422","6530","not answered","98","2025-08-29 14:32:17","2025-08-29 14:32:17"
"7423","6576","he is out of station, call at monday for meeting","98","2025-08-29 14:35:13","2025-08-29 14:35:13"
"7424","6500","not answered","98","2025-08-29 14:37:57","2025-08-29 14:37:57"
"7425","6500","not answered","98","2025-08-29 14:37:57","2025-08-29 14:37:57"
"7426","6520","not answered","98","2025-08-29 14:39:31","2025-08-29 14:39:31"
"7427","6532","he cut the call during the discussion","98","2025-08-29 14:41:37","2025-08-29 14:41:37"
"7428","6569","havent check yet, follow up","98","2025-08-29 14:44:34","2025-08-29 14:44:34"
"7429","6610","busy now, havent check, call at 4pm","98","2025-08-29 14:47:56","2025-08-29 14:47:56"
"7430","6611","not answered","98","2025-08-29 14:50:18","2025-08-29 14:50:18"
"7431","6615","he cut the call dusirng the discussion","98","2025-08-29 14:52:51","2025-08-29 14:52:51"
"7432","6617","not answered","98","2025-08-29 14:54:48","2025-08-29 14:54:48"
"7433","6621","not answered","98","2025-08-29 15:04:26","2025-08-29 15:04:26"
"7434","6625","not responding","98","2025-08-29 15:07:33","2025-08-29 15:07:33"
"7435","6626","not interested","98","2025-08-29 15:09:12","2025-08-29 15:09:12"
"7436","6627","not responding","98","2025-08-29 15:10:32","2025-08-29 15:10:32"
"7437","6628","not responding","98","2025-08-29 15:12:02","2025-08-29 15:12:02"
"7438","6634","call after jumma","98","2025-08-29 15:14:38","2025-08-29 15:14:38"
"7439","6635","not required ,","98","2025-08-29 15:19:07","2025-08-29 15:19:07"
"7440","6642","not answered","98","2025-08-29 17:35:05","2025-08-29 17:35:05"
"7441","6643","already using, not required","98","2025-08-29 17:38:38","2025-08-29 17:38:38"
"7442","6646","ask to share the proposal, proposal shared","98","2025-08-29 17:51:11","2025-08-29 17:51:11"
"7443","6647","not answered","98","2025-08-29 17:52:31","2025-08-29 17:52:31"
"7444","6648","not responding","98","2025-08-29 17:55:38","2025-08-29 17:55:38"
"7445","6649","call later..","98","2025-08-29 17:58:24","2025-08-29 17:58:24"
"7446","6653","call later","98","2025-08-29 18:03:49","2025-08-29 18:03:49"
"7447","6656","line busy","98","2025-08-29 18:05:32","2025-08-29 18:05:32"
"7448","6657","not required","98","2025-08-29 18:09:26","2025-08-29 18:09:26"
"7449","6658","not responding","98","2025-08-29 18:10:28","2025-08-29 18:10:28"
"7450","6666","line busy on another call","98","2025-08-29 18:11:43","2025-08-29 18:11:43"
"7451","6669","not interested","98","2025-08-29 18:14:11","2025-08-29 18:14:11"
"7452","6671","not responding","98","2025-08-29 18:15:13","2025-08-29 18:15:13"
"7453","6675","line busy on another call","98","2025-08-29 18:16:24","2025-08-29 18:16:24"
"7454","6679","closed","98","2025-08-29 18:18:38","2025-08-29 18:18:38"
"7455","6545","not answered","98","2025-09-01 13:33:45","2025-09-01 13:33:45"
"7456","6557","not answered","98","2025-09-01 13:35:29","2025-09-01 13:35:29"
"7457","6570","not responding","98","2025-09-01 13:36:49","2025-09-01 13:36:49"
"7458","6578","NOT ANSWERED","98","2025-09-01 13:43:15","2025-09-01 13:43:15"
"7459","6591","if required, he will contact","98","2025-09-01 13:55:32","2025-09-01 13:55:32"
"7460","6595","not answered","98","2025-09-01 13:56:56","2025-09-01 13:56:56"
"7461","6597","not answered","98","2025-09-01 13:58:22","2025-09-01 13:58:22"
"7462","6598","line busy","98","2025-09-01 13:59:17","2025-09-01 13:59:17"
"7463","6604","he declined the call, in the mid of discussion","98","2025-09-01 14:03:39","2025-09-01 14:03:39"
"7464","6606","not responding","98","2025-09-01 14:04:21","2025-09-01 14:04:21"
"7465","6617","not answered","98","2025-09-01 14:05:48","2025-09-01 14:05:48"
"7466","6621","not answered","98","2025-09-01 14:07:40","2025-09-01 14:07:40"
"7467","6625","not required now , already using","98","2025-09-01 14:09:34","2025-09-01 14:09:34"
"7468","6625","not required now , already using","98","2025-09-01 14:09:34","2025-09-01 14:09:34"
"7469","6627","ask to call concern person","98","2025-09-01 14:11:43","2025-09-01 14:11:43"
"7470","6627","call after 1 week,","98","2025-09-01 14:25:46","2025-09-01 14:25:46"
"7471","6634","call after 2 pm","98","2025-09-01 14:27:04","2025-09-01 14:27:04"
"7472","6642","call after 10 days","98","2025-09-01 14:28:50","2025-09-01 14:28:50"
"7473","6647","not responding","98","2025-09-01 14:29:52","2025-09-01 14:29:52"
"7474","6648","not responding","98","2025-09-01 14:30:45","2025-09-01 14:30:45"
"7475","6649","powered off","98","2025-09-01 14:31:33","2025-09-01 14:31:33"
"7476","6653","not responding","98","2025-09-01 14:32:44","2025-09-01 14:32:44"
"7477","6655","he said  call concern person, but he didnt give me  the number .","98","2025-09-01 14:37:33","2025-09-01 14:37:33"
"7478","6656","not answered","98","2025-09-01 14:38:46","2025-09-01 14:38:46"
"7479","6658","not answered","98","2025-09-01 14:39:43","2025-09-01 14:39:43"
"7480","6658","not answered","98","2025-09-01 14:39:44","2025-09-01 14:39:44"
"7481","6666","call after 5 mins","98","2025-09-01 14:41:06","2025-09-01 14:41:06"
"7482","6671","not responding","98","2025-09-01 14:54:09","2025-09-01 14:54:09"
"7483","6671","not responding","98","2025-09-01 14:54:10","2025-09-01 14:54:10"
"7484","6530","line busy on another call","98","2025-09-01 14:55:15","2025-09-01 14:55:15"
"7485","6494","meeting completed, he will discus with gm, and will let us know ab out it, he also wants to revamp their website, will do another meeting for website also,","98","2025-09-01 15:22:44","2025-09-01 15:22:44"
"7486","6559","ask to send details, busy right now","98","2025-09-01 15:24:19","2025-09-01 15:24:19"
"7487","6559","ask to send details, busy right now","98","2025-09-01 15:24:20","2025-09-01 15:24:20"
"7488","6500","not answered","98","2025-09-01 17:34:37","2025-09-01 17:34:37"
"7489","6520","not required now","98","2025-09-01 17:36:41","2025-09-01 17:36:41"
"7490","6569","will check today and get back to us","98","2025-09-01 17:38:36","2025-09-01 17:38:36"
"7491","6610","havent check, sent a message","98","2025-09-01 17:46:31","2025-09-01 17:46:31"
"7492","6611","he declined the call","98","2025-09-01 17:51:03","2025-09-01 17:51:03"
"7493","6620","not answered","98","2025-09-01 18:01:47","2025-09-01 18:01:47"
"7494","6624","ask to call concern person","98","2025-09-01 18:04:29","2025-09-01 18:04:29"
"7495","6624","not answered","98","2025-09-01 18:07:53","2025-09-01 18:07:53"
"7496","6672","not responding","98","2025-09-01 18:12:52","2025-09-01 18:12:52"
"7497","6674","ask to share proposal, proposal sent","98","2025-09-01 18:16:12","2025-09-01 18:16:12"
"7498","6675","already using a software","98","2025-09-01 18:20:01","2025-09-01 18:20:01"
"7499","6686","not responding","98","2025-09-01 18:22:59","2025-09-01 18:22:59"
"7500","6688","he declined the call","98","2025-09-01 18:24:47","2025-09-01 18:24:47"
"7501","6691","not responding","98","2025-09-01 18:26:46","2025-09-01 18:26:46"
"7502","6690","number invalid","98","2025-09-01 18:27:48","2025-09-01 18:27:48"
"7503","6690","not responding","98","2025-09-01 18:28:18","2025-09-01 18:28:18"
"7504","6689","not answered","98","2025-09-01 18:31:55","2025-09-01 18:31:55"
"7505","2234","in this  week, he will send the requirment form","98","2025-09-02 13:29:43","2025-09-02 13:29:43"
"7506","6617","not answered","98","2025-09-02 13:31:12","2025-09-02 13:31:12"
"7507","6621","ask to share the proposal, proposal sent","98","2025-09-02 13:41:14","2025-09-02 13:41:14"
"7508","6628","not answered","98","2025-09-02 13:42:28","2025-09-02 13:42:28"
"7509","6647","call at next week","98","2025-09-02 13:49:01","2025-09-02 13:49:01"
"7510","6648","not responding","98","2025-09-02 13:49:42","2025-09-02 13:49:42"
"7511","6648","not responding","98","2025-09-02 13:49:42","2025-09-02 13:49:42"
"7512","6656","not answered","98","2025-09-02 14:00:18","2025-09-02 14:00:18"
"7513","6666","line busy","98","2025-09-02 14:01:12","2025-09-02 14:01:12"
"7514","6672","not responding","98","2025-09-02 14:01:57","2025-09-02 14:01:57"
"7515","6686","not responding","98","2025-09-02 14:02:42","2025-09-02 14:02:42"
"7516","6686","not responding","98","2025-09-02 14:02:42","2025-09-02 14:02:42"
"7517","6688","he didnt say anthing","98","2025-09-02 14:05:54","2025-09-02 14:05:54"
"7518","6689","not answered","98","2025-09-02 14:11:26","2025-09-02 14:11:26"
"7519","6690","not answered","98","2025-09-02 14:12:50","2025-09-02 14:12:50"
"7520","6691","not responding","98","2025-09-02 14:16:24","2025-09-02 14:16:24"
"7521","6691","not responding","98","2025-09-02 14:16:24","2025-09-02 14:16:24"
"7522","6692","not answered","98","2025-09-02 14:17:56","2025-09-02 14:17:56"
"7523","6693","ask to call concern person,","98","2025-09-02 14:20:58","2025-09-02 14:20:58"
"7524","6699","powered off","98","2025-09-02 14:21:46","2025-09-02 14:21:46"
"7525","6714","in a meeting ,busy now","98","2025-09-02 14:23:32","2025-09-02 14:23:32"
"7526","6715","not responding","98","2025-09-02 14:24:37","2025-09-02 14:24:37"
"7527","6722","not responding","98","2025-09-02 14:25:31","2025-09-02 14:25:31"
"7528","6727","already using, right now , not required","98","2025-09-02 14:28:11","2025-09-02 14:28:11"
"7529","6734","not responding","98","2025-09-02 14:29:24","2025-09-02 14:29:24"
"7530","6735","not answered","98","2025-09-02 14:31:38","2025-09-02 14:31:38"
"7531","6751","already using, not required, sent details, if required in future he will contact","98","2025-09-02 14:34:34","2025-09-02 14:34:34"
"7532","6757","not interested","98","2025-09-02 14:38:18","2025-09-02 14:38:18"
"7533","6758","not interested","98","2025-09-02 14:39:58","2025-09-02 14:39:58"
"7534","6765","busy right now","98","2025-09-02 14:41:18","2025-09-02 14:41:18"
"7535","6766","concern person is out of country","98","2025-09-02 14:43:31","2025-09-02 14:43:31"
"7536","6770","busy right now","98","2025-09-02 14:45:25","2025-09-02 14:45:25"
"7537","6778","not answered","98","2025-09-02 14:46:27","2025-09-02 14:46:27"
"7538","6779","number not in use","98","2025-09-02 14:47:58","2025-09-02 14:47:58"
"7539","6780","not required now","98","2025-09-02 14:58:26","2025-09-02 14:58:26"
"7540","6790","not interested","98","2025-09-02 15:00:59","2025-09-02 15:00:59"
"7541","6792","he is busy right now","98","2025-09-02 15:02:37","2025-09-02 15:02:37"
"7542","6794","not responding","98","2025-09-02 15:03:18","2025-09-02 15:03:18"
"7543","6794","not responding","98","2025-09-02 15:03:18","2025-09-02 15:03:18"
"7544","6794","not responding","98","2025-09-02 15:03:18","2025-09-02 15:03:18"
"7545","6745","not interested","98","2025-09-02 15:06:06","2025-09-02 15:06:06"
"7546","6745","not interested","98","2025-09-02 15:06:07","2025-09-02 15:06:07"
"7547","6763","not interested, he is closiing their business","98","2025-09-02 15:10:32","2025-09-02 15:10:32"
"7548","6500","not answered","98","2025-09-02 15:20:21","2025-09-02 15:20:21"
"7549","6595","not answered","98","2025-09-02 15:24:09","2025-09-02 15:24:09"
"7550","6610","not answered","98","2025-09-02 15:25:33","2025-09-02 15:25:33"
"7551","6646","havent check will check, if required he will contact","98","2025-09-02 15:27:19","2025-09-02 15:27:19"
"7552","6674","busy on another call","98","2025-09-02 15:28:18","2025-09-02 15:28:18"
"7553","6559","havent check , call tomorrow","98","2025-09-02 15:37:34","2025-09-02 15:37:34"
"7554","6617","not answered","98","2025-09-03 13:41:42","2025-09-03 13:41:42"
"7555","6628","not answered","98","2025-09-03 13:42:52","2025-09-03 13:42:52"
"7556","6648","not responding","98","2025-09-03 13:45:22","2025-09-03 13:45:22"
"7557","6653","not answered","98","2025-09-03 13:47:28","2025-09-03 13:47:28"
"7558","6656","not answered","98","2025-09-03 13:49:07","2025-09-03 13:49:07"
"7559","6666","call later, right now busy","98","2025-09-03 13:52:37","2025-09-03 13:52:37"
"7560","6672","number not in use","98","2025-09-03 13:53:40","2025-09-03 13:53:40"
"7561","6686","ask to share the details , will discuss after","98","2025-09-03 14:03:43","2025-09-03 14:03:43"
"7562","6689","now, number is invalid","98","2025-09-03 14:05:17","2025-09-03 14:05:17"
"7563","6690","now number is invalid","98","2025-09-03 14:06:16","2025-09-03 14:06:16"
"7564","6691","not responding","98","2025-09-03 14:07:30","2025-09-03 14:07:30"
"7565","6692","ask to share the proposal, proposal sent","98","2025-09-03 14:14:57","2025-09-03 14:14:57"
"7566","6693","not responding","98","2025-09-03 14:16:59","2025-09-03 14:16:59"
"7567","6699","powered off","98","2025-09-03 14:17:44","2025-09-03 14:17:44"
"7568","6714","busy, not interested","98","2025-09-03 14:18:59","2025-09-03 14:18:59"
"7569","6715","not responding","98","2025-09-03 14:19:47","2025-09-03 14:19:47"
"7570","6722","he said text on whatsapp","98","2025-09-03 14:20:59","2025-09-03 14:20:59"
"7571","6734","not responding","98","2025-09-03 14:22:06","2025-09-03 14:22:06"
"7572","6735","already using, not required","98","2025-09-03 14:23:38","2025-09-03 14:23:38"
"7573","6765","he cut the call during the discussion","98","2025-09-03 14:25:19","2025-09-03 14:25:19"
"7574","6765","he cut the call during the discussion","98","2025-09-03 14:25:19","2025-09-03 14:25:19"
"7575","6770","powered off","98","2025-09-03 14:26:23","2025-09-03 14:26:23"
"7576","6778","not answered","98","2025-09-03 14:27:33","2025-09-03 14:27:33"
"7577","6792","wrong info..","98","2025-09-03 14:30:52","2025-09-03 14:30:52"
"7578","6794","not responding","98","2025-09-03 14:31:39","2025-09-03 14:31:39"
"7579","6559","he is busy, havent check","98","2025-09-03 14:34:19","2025-09-03 14:34:19"
"7580","6559","he is busy, havent check","98","2025-09-03 14:34:19","2025-09-03 14:34:19"
"7581","6576","not interrested","98","2025-09-03 14:35:41","2025-09-03 14:35:41"
"7582","6634","line busy","98","2025-09-03 14:44:23","2025-09-03 14:44:23"
"7583","6649","powered off","98","2025-09-03 14:46:02","2025-09-03 14:46:02"
"7584","6569","not answered","98","2025-09-03 14:48:22","2025-09-03 14:48:22"
"7585","6589","not answered","98","2025-09-03 14:49:55","2025-09-03 14:49:55"
"7586","6762","voice distortion","98","2025-09-03 15:16:44","2025-09-03 15:16:44"
"7587","6769","he cut the call dusring the discussion","98","2025-09-03 15:20:04","2025-09-03 15:20:04"
"7588","6784","he declined the call","98","2025-09-03 15:22:22","2025-09-03 15:22:22"
"7589","6653","meeting scheduled for today","98","2025-09-03 17:20:05","2025-09-03 17:20:05"
"7590","6612","Meeting scheduled for next tuesday at 3 pm","98","2025-09-03 17:26:24","2025-09-03 17:26:24"
"7591","6799","powered off","98","2025-09-03 17:32:17","2025-09-03 17:32:17"
"7592","6801","ask to call concern person","98","2025-09-03 17:35:28","2025-09-03 17:35:28"
"7593","6801","ask to share the proposal, propsal sent","98","2025-09-03 17:40:23","2025-09-03 17:40:23"
"7594","6820","not required now , but in  future , he will contact, for s,m,m","98","2025-09-03 17:45:44","2025-09-03 17:45:44"
"7595","6827","not required now","98","2025-09-03 17:52:58","2025-09-03 17:52:58"
"7596","6832","not required now","98","2025-09-03 17:55:36","2025-09-03 17:55:36"
"7597","6836","he will share the number of other person, text on whatsapp","98","2025-09-03 17:59:35","2025-09-03 17:59:35"
"7598","6841","not responding","98","2025-09-03 18:02:50","2025-09-03 18:02:50"
"7599","6851","not interested","98","2025-09-03 18:04:28","2025-09-03 18:04:28"
"7600","6653","not answered","98","2025-09-03 18:07:55","2025-09-03 18:07:55"
"7601","6653","line busy on  another call","98","2025-09-03 18:19:25","2025-09-03 18:19:25"
"7602","6791","call later, busy now","98","2025-09-03 18:22:35","2025-09-03 18:22:35"
"7603","6843","line busy","98","2025-09-03 18:24:03","2025-09-03 18:24:03"
"7604","6861","not answered","98","2025-09-03 18:26:59","2025-09-03 18:26:59"
"7605","6628","he declined the call","98","2025-09-04 13:36:09","2025-09-04 13:36:09"
"7606","6672","not responding","98","2025-09-04 13:36:57","2025-09-04 13:36:57"
"7607","6688","not answered","98","2025-09-04 13:39:17","2025-09-04 13:39:17"
"7608","6688","not answered","98","2025-09-04 13:39:18","2025-09-04 13:39:18"
"7609","6693","not answered","98","2025-09-04 13:40:24","2025-09-04 13:40:24"
"7610","6699","powered off","98","2025-09-04 13:41:07","2025-09-04 13:41:07"
"7611","6715","not responding","98","2025-09-04 13:42:02","2025-09-04 13:42:02"
"7612","6734","not responding","98","2025-09-04 13:43:20","2025-09-04 13:43:20"
"7613","6762","not required","98","2025-09-04 13:45:21","2025-09-04 13:45:21"
"7614","6770","not responding","98","2025-09-04 13:47:53","2025-09-04 13:47:53"
"7615","6778","not responding","98","2025-09-04 13:48:50","2025-09-04 13:48:50"
"7616","6781","not responding","98","2025-09-04 13:50:07","2025-09-04 13:50:07"
"7617","6781","not responding","98","2025-09-04 13:50:08","2025-09-04 13:50:08"
"7618","6784","line busy","98","2025-09-04 13:53:35","2025-09-04 13:53:35"
"7619","6791","not answered","98","2025-09-04 13:55:07","2025-09-04 13:55:07"
"7620","6794","not responding","98","2025-09-04 13:56:20","2025-09-04 13:56:20"
"7621","6799","powered off","98","2025-09-04 13:58:34","2025-09-04 13:58:34"
"7622","6841","not responding","98","2025-09-04 14:00:06","2025-09-04 14:00:06"
"7623","6843","call later","98","2025-09-04 14:01:54","2025-09-04 14:01:54"
"7624","6861","not answered","98","2025-09-04 14:05:02","2025-09-04 14:05:02"
"7625","6825","not required","98","2025-09-04 14:13:02","2025-09-04 14:13:02"
"7626","6842","not interested","98","2025-09-04 14:16:39","2025-09-04 14:16:39"
"7627","6844","not responding","98","2025-09-04 14:18:19","2025-09-04 14:18:19"
"7628","6864","busy right now, call later","98","2025-09-04 14:21:02","2025-09-04 14:21:02"
"7629","6888","not required","98","2025-09-04 14:23:11","2025-09-04 14:23:11"
"7630","6895","not answered","98","2025-09-04 14:23:58","2025-09-04 14:23:58"
"7631","6916","not answered","98","2025-09-04 14:25:08","2025-09-04 14:25:08"
"7632","6919","busy now, call later","98","2025-09-04 14:26:35","2025-09-04 14:26:35"
"7633","6928","not answered","98","2025-09-04 14:28:11","2025-09-04 14:28:11"
"7634","6929","network issue from his side,","98","2025-09-04 14:30:38","2025-09-04 14:30:38"
"7635","6932","not answered","98","2025-09-04 14:32:06","2025-09-04 14:32:06"
"7636","6934","not responding","98","2025-09-04 14:32:57","2025-09-04 14:32:57"
"7637","6959","Meeting scheduled for tomorrow at 3 pm","98","2025-09-04 14:35:34","2025-09-04 14:35:34"
"7638","6962","linne busy","98","2025-09-04 14:39:00","2025-09-04 14:39:00"
"7639","6634","line busy on another call","98","2025-09-04 15:08:32","2025-09-04 15:08:32"
"7640","6649","powered off","98","2025-09-04 15:10:18","2025-09-04 15:10:18"
"7641","6666","line busy","98","2025-09-04 15:16:33","2025-09-04 15:16:33"
"7642","6812","not required","98","2025-09-04 15:18:13","2025-09-04 15:18:13"
"7643","6836","ask to text on whatsapp, then he will let me  know about the time for meeting .","98","2025-09-04 15:24:46","2025-09-04 15:24:46"
"7644","6569","not  responding","98","2025-09-04 15:26:00","2025-09-04 15:26:00"
"7645","6595","not answered","98","2025-09-04 15:27:32","2025-09-04 15:27:32"
"7646","6610","not answered","98","2025-09-04 15:29:05","2025-09-04 15:29:05"
"7647","6621","powered off","98","2025-09-04 15:35:24","2025-09-04 15:35:24"
"7648","6674","not responding","98","2025-09-04 17:37:32","2025-09-04 17:37:32"
"7649","6686","line busy on another call","98","2025-09-04 17:39:48","2025-09-04 17:39:48"
"7650","6686","he declined.busy","98","2025-09-04 17:40:26","2025-09-04 17:40:26"
"7651","6692","not required now","98","2025-09-04 17:44:50","2025-09-04 17:44:50"
"7652","6801","he declined the call","98","2025-09-04 17:47:47","2025-09-04 17:47:47"
"7653","6900","not responding","98","2025-09-04 17:51:01","2025-09-04 17:51:01"
"7654","6722","proposal shared","98","2025-09-05 13:31:58","2025-09-05 13:31:58"
"7655","6768","powered off","98","2025-09-05 13:32:56","2025-09-05 13:32:56"
"7656","6778","not answered","98","2025-09-05 13:34:54","2025-09-05 13:34:54"
"7657","6781","not responding","98","2025-09-05 13:36:24","2025-09-05 13:36:24"
"7658","6784","not responding","98","2025-09-05 13:37:25","2025-09-05 13:37:25"
"7659","6791","not answered","98","2025-09-05 13:38:45","2025-09-05 13:38:45"
"7660","6799","not answered","98","2025-09-05 13:41:36","2025-09-05 13:41:36"
"7661","6819","powered off","98","2025-09-05 13:42:58","2025-09-05 13:42:58"
"7662","6831","line busy","98","2025-09-05 13:43:44","2025-09-05 13:43:44"
"7663","6831","line busy","98","2025-09-05 13:43:45","2025-09-05 13:43:45"
"7664","6837","not interested","98","2025-09-05 13:46:25","2025-09-05 13:46:25"
"7665","6839","not answered","98","2025-09-05 13:47:51","2025-09-05 13:47:51"
"7666","6819","powered off","98","2025-09-05 14:08:20","2025-09-05 14:08:20"
"7667","6831","ask to share the proposal, proposal shared","98","2025-09-05 14:11:51","2025-09-05 14:11:51"
"7668","6841","not responding","98","2025-09-05 14:14:27","2025-09-05 14:14:27"
"7669","6843","call after jumma","98","2025-09-05 14:17:28","2025-09-05 14:17:28"
"7670","6844","not responding","98","2025-09-05 14:19:22","2025-09-05 14:19:22"
"7671","6861","not answered","98","2025-09-05 14:20:40","2025-09-05 14:20:40"
"7672","6882","busy now,call later","98","2025-09-05 14:22:49","2025-09-05 14:22:49"
"7673","6894","not answered","98","2025-09-05 14:25:01","2025-09-05 14:25:01"
"7674","6895","not responding","98","2025-09-05 14:25:55","2025-09-05 14:25:55"
"7675","6900","not responding","98","2025-09-05 14:27:47","2025-09-05 14:27:47"
"7676","6916","call at monday, right now busy","98","2025-09-05 14:29:34","2025-09-05 14:29:34"
"7677","6919","line busy on another call","98","2025-09-05 14:30:58","2025-09-05 14:30:58"
"7678","6928","line busy on another call","98","2025-09-05 14:32:26","2025-09-05 14:32:26"
"7679","6929","ask to call concern person","98","2025-09-05 14:35:23","2025-09-05 14:35:23"
"7680","6932","not responding","98","2025-09-05 14:43:12","2025-09-05 14:43:12"
"7681","6934","not responding","98","2025-09-05 14:44:16","2025-09-05 14:44:16"
"7682","6940","ask to call on monday, for meeting","98","2025-09-05 14:46:23","2025-09-05 14:46:23"
"7683","6958","not interested","98","2025-09-05 14:48:43","2025-09-05 14:48:43"
"7684","6962","line busy","98","2025-09-05 14:52:48","2025-09-05 14:52:48"
"7685","6973","call after jumma","98","2025-09-05 14:54:56","2025-09-05 14:54:56"
"7686","6634","line busy","98","2025-09-05 14:56:49","2025-09-05 14:56:49"
"7687","6666","line busy","98","2025-09-05 14:58:41","2025-09-05 14:58:41"
"7688","6666","line busy","98","2025-09-05 14:58:41","2025-09-05 14:58:41"
"7689","6666","line busy","98","2025-09-05 14:58:43","2025-09-05 14:58:43"
"7690","6693","not responding","98","2025-09-05 14:59:44","2025-09-05 14:59:44"
"7691","6864","line busy","98","2025-09-05 15:03:16","2025-09-05 15:03:16"
"7692","6569","line busy","98","2025-09-05 15:06:03","2025-09-05 15:06:03"
"7693","6589","not answered","98","2025-09-05 15:10:29","2025-09-05 15:10:29"
"7694","6610","not answered","98","2025-09-05 15:11:42","2025-09-05 15:11:42"
"7695","6611","not answered","98","2025-09-05 15:13:57","2025-09-05 15:13:57"
"7696","6621","not answered","98","2025-09-05 15:16:01","2025-09-05 15:16:01"
"7697","6674","ask to share again the proposal,","98","2025-09-05 15:18:37","2025-09-05 15:18:37"
"7698","6686","contact at monday","98","2025-09-05 15:20:24","2025-09-05 15:20:24"
"7699","6801","if required, he will contact","98","2025-09-05 15:22:41","2025-09-05 15:22:41"
"7700","6959","He is busy now, when he wil get free, he will call and then will do a meeting..","98","2025-09-05 17:52:57","2025-09-05 17:52:57"
"7701","6843","Still busy,driving","98","2025-09-05 18:47:32","2025-09-05 18:47:32"
"7702","6706","number not in use","124","2025-09-23 15:24:50","2025-09-23 15:24:50"
"7703","6707","invalid busy error","124","2025-09-23 15:26:21","2025-09-23 15:26:21"
"7704","6484","not required","124","2025-09-23 15:39:53","2025-09-23 15:39:53"
"7705","6485","not answered","124","2025-09-23 15:41:27","2025-09-23 15:41:27"
"7706","6486","not responding","124","2025-09-23 15:43:02","2025-09-23 15:43:02"
"7707","6488","not responding","124","2025-09-23 15:44:44","2025-09-23 15:44:44"
"7708","6495","not answered","124","2025-09-23 15:46:28","2025-09-23 15:46:28"
"7709","6496","call disconnecting error","124","2025-09-23 15:49:03","2025-09-23 15:49:03"
"7710","6509","number error","124","2025-09-23 15:51:16","2025-09-23 15:51:16"
"7711","6511","not responding","124","2025-09-23 15:53:32","2025-09-23 15:53:32"
"7712","6484","lunch time person not avail","124","2025-09-23 16:01:47","2025-09-23 16:01:47"
